suite,encoder,dataset,seed,epsilon,sigma,n_queries,ndcg10,recall10,recall100,score_pearson,score_rmse,clean_top10_overlap,n_attack_targets,linkage_r1,linkage_r10,pairwise_auc
beir,multilingual-e5-base,arguana,11,0.5,16.1152530766871,1401,0.00027612620073843083,0.0007137758743754461,0.014275517487508922,-0.005162973252093775,0.7576011231781682,0.0008565310492505355,256,0.0,0.00390625,0.486572265625
beir,multilingual-e5-base,arguana,23,0.5,16.1152530766871,1401,0.0007705030465328018,0.0021413276231263384,0.014275517487508922,-0.0035393326361751088,0.7571554093044115,0.0014989293361884367,256,0.0,0.0078125,0.492431640625
beir,multilingual-e5-base,arguana,31,0.5,16.1152530766871,1401,0.00035688793718772306,0.0007137758743754461,0.009992862241256246,0.0024057234081174017,0.7570208863227931,0.0007851534618129908,256,0.0,0.0,0.5361328125
beir,multilingual-e5-base,arguana,11,1.0,8.449366228011328,1401,0.00027612620073843083,0.0007137758743754461,0.014275517487508922,-0.003959366871178421,0.7560635991265219,0.0008565310492505355,256,0.0,0.00390625,0.49560546875
beir,multilingual-e5-base,arguana,23,1.0,8.449366228011328,1401,0.0007705030465328018,0.0021413276231263384,0.014275517487508922,-0.002325961393104322,0.7556173701692799,0.0014989293361884367,256,0.0,0.0078125,0.529541015625
beir,multilingual-e5-base,arguana,31,1.0,8.449366228011328,1401,0.00035688793718772306,0.0007137758743754461,0.010706638115631691,0.003619032918949201,0.7554829027720279,0.0007851534618129908,256,0.0,0.0,0.5419921875
beir,multilingual-e5-base,arguana,11,2.0,4.460957003325374,1401,0.00027612620073843083,0.0007137758743754461,0.014275517487508922,-0.0016968881132037707,0.753173891879493,0.0009279086366880799,256,0.0,0.00390625,0.521240234375
beir,multilingual-e5-base,arguana,23,2.0,4.460957003325374,1401,0.0007705030465328018,0.0021413276231263384,0.014275517487508922,-4.510921721318716e-05,0.7527267063742943,0.0014989293361884367,256,0.0,0.01171875,0.525146484375
beir,multilingual-e5-base,arguana,31,2.0,4.460957003325374,1401,0.00035688793718772306,0.0007137758743754461,0.012134189864382585,0.0058995964765990545,0.7525923503881089,0.0007851534618129908,256,0.0,0.0,0.5556640625
beir,multilingual-e5-base,arguana,11,4.0,2.3870395613531454,1401,0.0003074065368118437,0.0007137758743754461,0.014989293361884369,0.002468499317922349,0.7478558340557903,0.001284796573875803,256,0.0,0.00390625,0.540771484375
beir,multilingual-e5-base,arguana,23,4.0,2.3870395613531454,1401,0.0007705030465328018,0.0021413276231263384,0.014275517487508922,0.0041541625497169546,0.7474069273249613,0.0015703069236259815,256,0.0,0.01171875,0.55810546875
beir,multilingual-e5-base,arguana,31,4.0,2.3870395613531454,1401,0.00035688793718772306,0.0007137758743754461,0.013561741613133477,0.010097749000045151,0.7472728002541248,0.0007851534618129908,256,0.0,0.0,0.5703125
beir,multilingual-e5-base,arguana,11,8.0,1.3058720745872001,1401,0.00035688793718772306,0.0007137758743754461,0.01641684511063526,0.009890834419128419,0.7383895269913848,0.0014275517487508922,256,0.0,0.00390625,0.583740234375
beir,multilingual-e5-base,arguana,23,8.0,1.3058720745872001,1401,0.0008653921300614163,0.0021413276231263384,0.015703069236259814,0.011637040512770716,0.7379376835183838,0.001641684511063526,256,0.00390625,0.01171875,0.5947265625
beir,multilingual-e5-base,arguana,31,8.0,1.3058720745872001,1401,0.0004503424365249518,0.0007137758743754461,0.013561741613133477,0.017576749649665303,0.7378040401892053,0.0007851534618129908,256,0.0,0.0,0.62841796875
beir,multilingual-e5-base,arguana,11,16.0,0.73722405290227,1401,0.00035688793718772306,0.0007137758743754461,0.017844396859386154,0.022548188592028336,0.7222925388091741,0.0016416845110635262,256,0.0,0.00390625,0.659423828125
beir,multilingual-e5-base,arguana,23,16.0,0.73722405290227,1401,0.0011154678378208216,0.0028551034975017845,0.015703069236259814,0.024398025526455727,0.7218360819884425,0.001713062098501071,256,0.00390625,0.01171875,0.68115234375
beir,multilingual-e5-base,arguana,31,16.0,0.73722405290227,1401,0.0004503424365249518,0.0007137758743754461,0.014275517487508922,0.030325588991295938,0.721703484714529,0.0009992862241256246,256,0.0,0.0078125,0.701416015625
beir,multilingual-e5-base,arguana,11,32.0,0.43237492535347166,1401,0.0005632154363439599,0.0014275517487508922,0.01998572448251249,0.04310689611249685,0.6963423739584876,0.0022840827980014277,256,0.00390625,0.02734375,0.76220703125
beir,multilingual-e5-base,arguana,23,32.0,0.43237492535347166,1401,0.0015224798301881966,0.0028551034975017845,0.017130620985010708,0.04512558797379962,0.695879518328135,0.001998572448251249,256,0.00390625,0.03515625,0.79248046875
beir,multilingual-e5-base,arguana,31,32.0,0.43237492535347166,1401,0.0004503424365249518,0.0007137758743754461,0.019271948608137045,0.0510188021598586,0.695749194777057,0.0011420413990007139,256,0.00390625,0.04296875,0.799072265625
beir,multilingual-e5-base,arguana,11,64.0,0.26380843334171206,1401,0.0011197664454021467,0.0028551034975017845,0.026409707351891507,0.07509987323350822,0.6567021704104029,0.003140613847251963,256,0.01953125,0.12109375,0.891845703125
beir,multilingual-e5-base,arguana,23,64.0,0.26380843334171206,1401,0.0018110426478938012,0.0035688793718772305,0.023554603854389723,0.07738041078975613,0.6562321265288734,0.0033547466095645967,256,0.01953125,0.12109375,0.9140625
beir,multilingual-e5-base,arguana,31,64.0,0.26380843334171206,1401,0.0004503424365249518,0.0007137758743754461,0.026409707351891507,0.08318563136876836,0.6561066452869367,0.002569593147751606,256,0.046875,0.15625,0.922119140625
beir,multilingual-e5-base,arguana,11,128.0,0.16683264581484528,1401,0.0034303436916147314,0.008565310492505354,0.042826552462526764,0.12349240601231623,0.5992285447188365,0.00620985010706638,256,0.19140625,0.45703125,0.97802734375
beir,multilingual-e5-base,arguana,23,128.0,0.16683264581484528,1401,0.002824917976991545,0.006423982869379015,0.03283369022127052,0.1261578617765295,0.5987539850117328,0.006067094932191292,256,0.1875,0.5,0.98046875
beir,multilingual-e5-base,arguana,31,128.0,0.16683264581484528,1401,0.0011562045339999726,0.0028551034975017845,0.03997144896502498,0.13175770558643787,0.598638312589463,0.004996431120628123,256,0.2109375,0.53515625,0.983154296875
beir,multilingual-e5-base,arguana,11,256.0,0.10865852949393662,1401,0.0073454124547148135,0.014989293361884369,0.07209136331192005,0.19572037946247844,0.5205964707285244,0.014775160599571733,256,0.69921875,0.90625,0.999755859375
beir,multilingual-e5-base,arguana,23,256.0,0.10865852949393662,1401,0.005200533811570141,0.011420413990007138,0.07137758743754462,0.1989027427033405,0.5201280049405324,0.013990007137758744,256,0.72265625,0.9296875,0.998046875
beir,multilingual-e5-base,arguana,31,256.0,0.10865852949393662,1401,0.004915292579167211,0.01284796573875803,0.06780870806566738,0.20406825084839553,0.5200304728207413,0.013418986438258387,256,0.7265625,0.94140625,1.0
beir,multilingual-e5-base,arguana,11,512.0,0.0723951243591535,1401,0.020493866645645082,0.03497501784439686,0.15417558886509636,0.30217162321619573,0.42130314011276937,0.04739471805852963,256,0.98046875,1.0,1.0
beir,multilingual-e5-base,arguana,23,512.0,0.0723951243591535,1401,0.014946594210417694,0.027837259100642397,0.16131334760885083,0.3058912142814496,0.4208646202818231,0.04054246966452534,256,0.9765625,1.0,1.0
beir,multilingual-e5-base,arguana,31,512.0,0.0723951243591535,1401,0.014484531087213726,0.027837259100642397,0.15417558886509636,0.3102589830668864,0.42079574351831084,0.04232690935046396,256,0.984375,1.0,1.0
beir,multilingual-e5-base,arguana,11,1024.0,0.049054348512207455,1401,0.06095134227382492,0.11134903640256959,0.3483226266952177,0.45060777927153783,0.3101372136270286,0.14382583868665239,256,0.9921875,1.0,1.0
beir,multilingual-e5-base,arguana,23,1024.0,0.049054348512207455,1401,0.05566390869095349,0.10849393290506781,0.35831548893647397,0.4544318820678979,0.30976446610674874,0.1363311920057102,256,0.98828125,1.0,1.0
beir,multilingual-e5-base,arguana,31,1024.0,0.049054348512207455,1401,0.049919473985673465,0.09850107066381156,0.3418986438258387,0.4576649943206083,0.3097305879067877,0.13861527480371164,256,0.9921875,1.0,1.0
beir,multilingual-e5-base,arguana,11,2048.0,0.03364862959799442,1401,0.1416054786768315,0.2883654532476802,0.6331192005710207,0.6259469132578447,0.2047071321136662,0.31092077087794434,256,0.9921875,1.0,1.0
beir,multilingual-e5-base,arguana,23,2048.0,0.03364862959799442,1401,0.13542700625396467,0.27765881513204854,0.6409707351891506,0.6288334988454424,0.2044298706241534,0.30613847251962883,256,0.9921875,1.0,1.0
beir,multilingual-e5-base,arguana,31,2048.0,0.03364862959799442,1401,0.13255577042175312,0.26552462526766596,0.6345467523197716,0.631008599379102,0.20442531862682758,0.30820842255531766,256,0.9921875,1.0,1.0
beir,multilingual-e5-base,arguana,11,4096.0,0.023285155746839942,1401,0.2322866408659677,0.48822269807280516,0.8301213418986438,0.7814293323687002,0.12199454806557299,0.4881513204853676,256,0.99609375,1.0,1.0
beir,multilingual-e5-base,arguana,23,4096.0,0.023285155746839942,1401,0.22174721283858895,0.4625267665952891,0.8372591006423983,0.7828498979255006,0.12181385493199631,0.4889364739471806,256,0.99609375,1.0,1.0
beir,multilingual-e5-base,arguana,31,4096.0,0.023285155746839942,1401,0.222686567871159,0.46395431834404,0.8165596002855103,0.7843202470209786,0.12182402720196096,0.49321912919343325,256,0.9921875,1.0,1.0
beir,multilingual-e5-base,arguana,11,8192.0,0.01621503157066274,1401,0.28783892275931544,0.5945753033547466,0.9122055674518201,0.8844273529552276,0.06739825367005563,0.6390435403283369,256,0.99609375,1.0,1.0
beir,multilingual-e5-base,arguana,23,8192.0,0.01621503157066274,1401,0.28585385102397276,0.5974304068522484,0.9107780157030693,0.8849571386706665,0.06729005317257629,0.6382583868665239,256,0.99609375,1.0,1.0
beir,multilingual-e5-base,arguana,31,8192.0,0.01621503157066274,1401,0.27971723165488477,0.5767309064953604,0.9122055674518201,0.8858774835334148,0.06730282427073705,0.6391149179157745,256,0.99609375,1.0,1.0
beir,multilingual-e5-base,arguana,11,16384.0,0.011342138868479306,1401,0.3222937833867566,0.6588151320485368,0.9336188436830836,0.9414221041879399,0.03563345316518799,0.7450392576730908,256,0.99609375,1.0,1.0
beir,multilingual-e5-base,arguana,23,16384.0,0.011342138868479306,1401,0.3194486193513818,0.655960028551035,0.9314775160599572,0.9416377744383696,0.03556999747458826,0.7477516059957174,256,0.99609375,1.0,1.0
beir,multilingual-e5-base,arguana,31,16384.0,0.011342138868479306,1401,0.31201746939567054,0.6402569593147751,0.9329050678087081,0.9421348087060691,0.03558010751518969,0.7441113490364025,256,0.99609375,1.0,1.0
beir,multilingual-e5-base,arguana,11,32768.0,0.007958795070825649,1401,0.33552623733504494,0.6802284082798001,0.940756602426838,0.9707104938796193,0.018520750926196237,0.8185581727337617,256,0.99609375,1.0,1.0
beir,multilingual-e5-base,arguana,23,32768.0,0.007958795070825649,1401,0.33309415785189145,0.6802284082798001,0.9421841541755889,0.9708232064155207,0.018482535023104298,0.8197715917201999,256,0.99609375,1.0,1.0
beir,multilingual-e5-base,arguana,31,32768.0,0.007958795070825649,1401,0.3298539311505895,0.6702355460385439,0.9436117059243397,0.9710653347915078,0.018489025920739914,0.8177016416845112,256,0.99609375,1.0,1.0
beir,multilingual-e5-base,arguana,raw,inf,0.0,1401,0.3457650276755434,0.6952177016416845,0.9550321199143469,1.0,0.0,1.0,,,,
beir,multilingual-e5-base,nfcorpus,11,0.5,16.1152530766871,323,0.012444890151976322,0.002577964903100125,0.025935259085182964,-0.0022248566017228424,0.7592765053987867,0.0046439628482972135,256,0.0,0.0,0.50634765625
beir,multilingual-e5-base,nfcorpus,23,0.5,16.1152530766871,323,0.008910839476691232,0.0015476201189835845,0.021998447735993683,-0.003691617285028356,0.7577298582699898,0.001238390092879257,256,0.0,0.00390625,0.492919921875
beir,multilingual-e5-base,nfcorpus,31,0.5,16.1152530766871,323,0.006617631866554926,0.0015215719280393246,0.01944858727731228,0.0201887517924423,0.759163525911814,0.004024767801857586,256,0.0,0.0,0.504638671875
beir,multilingual-e5-base,nfcorpus,11,1.0,8.449366228011328,323,0.012460476365224977,0.002577964903100125,0.025935259085182964,-0.001277090735950154,0.757735508689316,0.0046439628482972135,256,0.0,0.00390625,0.510986328125
beir,multilingual-e5-base,nfcorpus,23,1.0,8.449366228011328,323,0.008910839476691232,0.0015476201189835845,0.021998447735993683,-0.002762768121307445,0.7561888026388571,0.001238390092879257,256,0.0,0.0078125,0.489013671875
beir,multilingual-e5-base,nfcorpus,31,1.0,8.449366228011328,323,0.006617631866554926,0.0015215719280393246,0.01946127570039506,0.02112448650847281,0.7576225424295671,0.004024767801857586,256,0.0,0.0,0.517578125
beir,multilingual-e5-base,nfcorpus,11,2.0,4.460957003325374,323,0.012478465324165614,0.002577964903100125,0.025875721099948387,0.0005042863155820398,0.7548392626200485,0.0046439628482972135,256,0.0,0.00390625,0.541748046875
beir,multilingual-e5-base,nfcorpus,23,2.0,4.460957003325374,323,0.009122446705889483,0.0017196187429945923,0.021989726679001575,-0.0010168656322534545,0.753292496499483,0.001238390092879257,256,0.0,0.0078125,0.5048828125
beir,multilingual-e5-base,nfcorpus,31,2.0,4.460957003325374,323,0.006840799898925619,0.0015758872829901695,0.019575941449735734,0.022883090314611887,0.7547263317986007,0.004024767801857586,256,0.0,0.0,0.539306640625
beir,multilingual-e5-base,nfcorpus,11,4.0,2.3870395613531454,323,0.012675433708682493,0.002608618123220899,0.025974409965609877,0.003783322254433048,0.7495091303042558,0.0046439628482972135,256,0.0,0.00390625,0.5380859375
beir,multilingual-e5-base,nfcorpus,23,4.0,2.3870395613531454,323,0.009341609220972734,0.0017196187429945923,0.02309245661075991,0.002197164092261753,0.7479624259420057,0.0018575851393188858,256,0.0,0.0078125,0.52783203125
beir,multilingual-e5-base,nfcorpus,31,4.0,2.3870395613531454,323,0.007284825588455468,0.0018584564510082536,0.020846649369927403,0.026119663685402084,0.7493963007160612,0.004334365325077399,256,0.0,0.0,0.550537109375
beir,multilingual-e5-base,nfcorpus,11,8.0,1.3058720745872001,323,0.01293796365482826,0.002618576379791173,0.026757563392561558,0.00962444050228368,0.7400212027752215,0.005263157894736843,256,0.0,0.015625,0.5986328125
beir,multilingual-e5-base,nfcorpus,23,8.0,1.3058720745872001,323,0.00968859633777672,0.0017196187429945923,0.02352659218376689,0.007923521446515768,0.738475160299945,0.0021671826625386994,256,0.0,0.01171875,0.5830078125
beir,multilingual-e5-base,nfcorpus,31,8.0,1.3058720745872001,323,0.007570966743388104,0.0019444557630137575,0.021216974998474792,0.03188342873701061,0.739908668627952,0.004334365325077399,256,0.0,0.00390625,0.623291015625
beir,multilingual-e5-base,nfcorpus,11,16.0,0.73722405290227,323,0.012671833632506305,0.002496901674448454,0.027458150461747398,0.019580658923118825,0.7238870932838251,0.005882352941176471,256,0.00390625,0.01953125,0.66357421875
beir,multilingual-e5-base,nfcorpus,23,16.0,0.73722405290227,323,0.010161230299643633,0.0021951558477886633,0.024852597864593238,0.017687704457203055,0.7223437943624079,0.003405572755417957,256,0.00390625,0.01171875,0.656005859375
beir,multilingual-e5-base,nfcorpus,31,16.0,0.73722405290227,323,0.007231408619996733,0.0017754746587222412,0.02251809630457923,0.04170292821840892,0.723775399543623,0.004953560371517028,256,0.0,0.0078125,0.687255859375
beir,multilingual-e5-base,nfcorpus,11,32.0,0.43237492535347166,323,0.0134680583724363,0.0033234336012097055,0.02918813001247736,0.035742782455286046,0.6978762180345972,0.006501547987616099,256,0.015625,0.046875,0.77197265625
beir,multilingual-e5-base,nfcorpus,23,32.0,0.43237492535347166,323,0.010131241526969637,0.0021555104171515215,0.02762456789741608,0.033549907901012,0.6963416063925618,0.0037151702786377716,256,0.00390625,0.03515625,0.77001953125
beir,multilingual-e5-base,nfcorpus,31,32.0,0.43237492535347166,323,0.008169218132967837,0.0019283856305564178,0.023553696013126603,0.05763081668606557,0.6977667703309376,0.005263157894736843,256,0.0078125,0.02734375,0.795654296875
beir,multilingual-e5-base,nfcorpus,11,64.0,0.26380843334171206,323,0.01459141768349326,0.003470176395178493,0.03072373484573435,0.06088487096790675,0.6581415152863436,0.007430340557275543,256,0.03515625,0.15625,0.88037109375
beir,multilingual-e5-base,nfcorpus,23,64.0,0.26380843334171206,323,0.011199226283685419,0.0024127100922273883,0.0336495999132903,0.058262699444140725,0.6566302026376313,0.0043343653250774,256,0.0390625,0.140625,0.89013671875
beir,multilingual-e5-base,nfcorpus,31,64.0,0.26380843334171206,323,0.009817028969909198,0.0020430294241266804,0.02462894878099253,0.08238122225399223,0.6580375909950447,0.008978328173374614,256,0.03125,0.1328125,0.908935546875
beir,multilingual-e5-base,nfcorpus,11,128.0,0.16683264581484528,323,0.016196247858106895,0.0038817493869272705,0.03599750965602513,0.09894762765108821,0.6005280931992594,0.0108359133126935,256,0.2109375,0.4921875,0.9697265625
beir,multilingual-e5-base,nfcorpus,23,128.0,0.16683264581484528,323,0.013073859334543934,0.002858607645247174,0.045825503417135593,0.09578664500018093,0.5990715026703343,0.005882352941176471,256,0.1875,0.47265625,0.97412109375
beir,multilingual-e5-base,nfcorpus,31,128.0,0.16683264581484528,323,0.01205491680810174,0.002402486998767033,0.034159664505802545,0.11979710580379378,0.6004365133038106,0.013003095975232196,256,0.1875,0.453125,0.97900390625
beir,multilingual-e5-base,nfcorpus,11,256.0,0.10865852949393662,323,0.023792180765182806,0.011083428749201773,0.04513453368725934,0.15603468356706127,0.5217021931519711,0.02321981424148607,256,0.69140625,0.921875,0.997802734375
beir,multilingual-e5-base,nfcorpus,23,256.0,0.10865852949393662,323,0.018233214042149976,0.004604570932130617,0.058596310169016376,0.1523719549214589,0.520358405794784,0.011764705882352943,256,0.65234375,0.90625,0.998046875
beir,multilingual-e5-base,nfcorpus,31,256.0,0.10865852949393662,323,0.016782670821596714,0.0036761814638830727,0.04706673632254258,0.17581661936678203,0.5216351525229298,0.019814241486068113,256,0.71875,0.94921875,0.9990234375
beir,multilingual-e5-base,nfcorpus,11,512.0,0.0723951243591535,323,0.03552469344503381,0.013661201606174104,0.06658637004665001,0.2415188144163889,0.4221660740827896,0.03931888544891641,256,0.9765625,1.0,1.0
beir,multilingual-e5-base,nfcorpus,23,512.0,0.0723951243591535,323,0.03964042830196734,0.017553349350059835,0.07907166796779964,0.23784140771002654,0.42102064565515396,0.0325077399380805,256,0.9765625,1.0,1.0
beir,multilingual-e5-base,nfcorpus,31,512.0,0.0723951243591535,323,0.04036767227118802,0.017695297954382336,0.0664887729256271,0.25953237290583564,0.4221403622964704,0.04396284829721362,256,0.99609375,1.0,1.0
beir,multilingual-e5-base,nfcorpus,11,1024.0,0.049054348512207455,323,0.08427125042969456,0.035523547621005874,0.12159847879394914,0.36586316467805646,0.3107409849935435,0.09999999999999999,256,0.99609375,1.0,1.0
beir,multilingual-e5-base,nfcorpus,23,1024.0,0.049054348512207455,323,0.09514308175251716,0.04382240619858778,0.13019107422801818,0.3634868057971289,0.3098768601915727,0.09318885448916409,256,0.99609375,1.0,1.0
beir,multilingual-e5-base,nfcorpus,31,1024.0,0.049054348512207455,323,0.09019200750127787,0.038890476042335476,0.12004180316717086,0.3810150187013676,0.31076927891756606,0.0996904024767802,256,0.99609375,1.0,1.0
beir,multilingual-e5-base,nfcorpus,11,2048.0,0.03364862959799442,323,0.1724460688820452,0.07758418444790499,0.18725488431499246,0.5267358092081027,0.2050875975903197,0.22414860681114554,256,1.0,1.0,1.0
beir,multilingual-e5-base,nfcorpus,23,2048.0,0.03364862959799442,323,0.17556717876856046,0.07798882259022369,0.18422299946836523,0.5271457630314484,0.2045264042780083,0.22043343653250774,256,1.0,1.0,1.0
beir,multilingual-e5-base,nfcorpus,31,2048.0,0.03364862959799442,323,0.16659413774235077,0.07021364524942494,0.17965167440673083,0.537803679386781,0.2051639190666426,0.2145510835913313,256,0.99609375,1.0,1.0
beir,multilingual-e5-base,nfcorpus,11,4096.0,0.023285155746839942,323,0.25015385182453365,0.1197062923245731,0.23079648904711544,0.6919304016847534,0.12222003699318064,0.39009287925696595,256,1.0,1.0,1.0
beir,multilingual-e5-base,nfcorpus,23,4096.0,0.023285155746839942,323,0.24782032656064823,0.11844634065412445,0.22636510775696278,0.6944658904743484,0.12190128207032395,0.3860681114551084,256,1.0,1.0,1.0
beir,multilingual-e5-base,nfcorpus,31,4096.0,0.023285155746839942,323,0.2470362958562392,0.11748802324934318,0.23619929510549134,0.6985902280587581,0.12231900942359814,0.3761609907120743,256,0.99609375,1.0,1.0
beir,multilingual-e5-base,nfcorpus,11,8192.0,0.01621503157066274,323,0.2926210360021689,0.14021369774624678,0.2630250293875469,0.8214190826406834,0.06753049424333125,0.5405572755417958,256,1.0,1.0,1.0
beir,multilingual-e5-base,nfcorpus,23,8192.0,0.01621503157066274,323,0.2894703386668506,0.13373270871431128,0.2680233811289591,0.823854068077411,0.0673624657579474,0.5334365325077399,256,1.0,1.0,1.0
beir,multilingual-e5-base,nfcorpus,31,8192.0,0.01621503157066274,323,0.2973597018235244,0.13876395566505625,0.2579342064265277,0.8247253412996727,0.06762617617181825,0.541795665634675,256,1.0,1.0,1.0
beir,multilingual-e5-base,nfcorpus,11,16384.0,0.011342138868479306,323,0.3117102626634988,0.1484058472702032,0.27343659623863054,0.903848040074798,0.03571161758074321,0.6585139318885449,256,1.0,1.0,1.0
beir,multilingual-e5-base,nfcorpus,23,16384.0,0.011342138868479306,323,0.3079469143558178,0.14277025561988324,0.2741079448352696,0.9052640889008364,0.03562344982455924,0.6554179566563467,256,1.0,1.0,1.0
beir,multilingual-e5-base,nfcorpus,31,16384.0,0.011342138868479306,323,0.31699783471059456,0.14614401255311693,0.2729494333997542,0.905252343576078,0.03579073001204632,0.6606811145510835,256,1.0,1.0,1.0
beir,multilingual-e5-base,nfcorpus,11,32768.0,0.007958795070825649,323,0.31861789448669275,0.14763799653802684,0.2774548231732235,0.9502694139699225,0.018566493703513032,0.7476780185758514,256,1.0,1.0,1.0
beir,multilingual-e5-base,nfcorpus,23,32768.0,0.007958795070825649,323,0.32077987950701226,0.15155276686581023,0.2809260008640238,0.9509196702241134,0.01851819343116902,0.748297213622291,256,1.0,1.0,1.0
beir,multilingual-e5-base,nfcorpus,31,32768.0,0.007958795070825649,323,0.324311627741039,0.15467745697292096,0.27571623229676334,0.9507975746676116,0.01862655425614292,0.7588235294117647,256,0.99609375,1.0,1.0
beir,multilingual-e5-base,nfcorpus,raw,inf,0.0,323,0.3268519109169606,0.1585764389648086,0.2869507395011091,1.0,0.0,1.0,,,,
beir,multilingual-e5-base,scifact,11,0.5,16.1152530766871,300,0.0019570093336032618,0.0044444444444444444,0.021777777777777778,0.004258997949878276,0.7543884892783518,0.0020000000000000005,256,0.0,0.0,0.51171875
beir,multilingual-e5-base,scifact,23,0.5,16.1152530766871,300,0.005201965282321694,0.008333333333333333,0.018333333333333333,0.014550776823614593,0.7540130069637874,0.0020000000000000005,256,0.0,0.00390625,0.519287109375
beir,multilingual-e5-base,scifact,31,0.5,16.1152530766871,300,0.0021145444299910483,0.006666666666666667,0.03,0.009842527056828842,0.7535919394581502,0.002666666666666667,256,0.0,0.0,0.478271484375
beir,multilingual-e5-base,scifact,11,1.0,8.449366228011328,300,0.0019570093336032618,0.0044444444444444444,0.021777777777777778,0.005323897373304803,0.7528571821896748,0.0020000000000000005,256,0.0,0.0,0.521728515625
beir,multilingual-e5-base,scifact,23,1.0,8.449366228011328,300,0.005201965282321694,0.008333333333333333,0.018333333333333333,0.015618672404996937,0.7524826855004523,0.0020000000000000005,256,0.0,0.00390625,0.52099609375
beir,multilingual-e5-base,scifact,31,1.0,8.449366228011328,300,0.0021145444299910483,0.006666666666666667,0.03,0.010917720064148432,0.7520609743449014,0.002666666666666667,256,0.0,0.0,0.48974609375
beir,multilingual-e5-base,scifact,11,2.0,4.460957003325374,300,0.0019570093336032618,0.0044444444444444444,0.021777777777777778,0.007325592216855504,0.7499791487075526,0.0020000000000000005,256,0.0,0.0,0.533447265625
beir,multilingual-e5-base,scifact,23,2.0,4.460957003325374,300,0.005201965282321694,0.008333333333333333,0.018333333333333333,0.017625498290300697,0.7496065202329489,0.0020000000000000005,256,0.0,0.00390625,0.531005859375
beir,multilingual-e5-base,scifact,31,2.0,4.460957003325374,300,0.0021145444299910483,0.006666666666666667,0.03,0.012938617941813096,0.7491836217740445,0.002666666666666667,256,0.0,0.0,0.500244140625
beir,multilingual-e5-base,scifact,11,4.0,2.3870395613531454,300,0.0021880874733586184,0.0044444444444444444,0.025111111111111112,0.011010700104509056,0.7446825381350548,0.0023333333333333335,256,0.0,0.0,0.5732421875
beir,multilingual-e5-base,scifact,23,4.0,2.3870395613531454,300,0.005350867480175686,0.008333333333333333,0.018333333333333333,0.021318346685317284,0.7443134014460469,0.0020000000000000005,256,0.0,0.00390625,0.560791015625
beir,multilingual-e5-base,scifact,31,4.0,2.3870395613531454,300,0.0021145444299910483,0.006666666666666667,0.03,0.016658580694964176,0.743888394380737,0.002666666666666667,256,0.0,0.0,0.534423828125
beir,multilingual-e5-base,scifact,11,8.0,1.3058720745872001,300,0.0022238681832206742,0.0044444444444444444,0.028444444444444442,0.017576794932252296,0.7352542927363602,0.0023333333333333335,256,0.0,0.0,0.596435546875
beir,multilingual-e5-base,scifact,23,8.0,1.3058720745872001,300,0.005503069766023775,0.008333333333333333,0.025,0.027892780106312357,0.7348915405735752,0.002333333333333333,256,0.0,0.0078125,0.610107421875
beir,multilingual-e5-base,scifact,31,8.0,1.3058720745872001,300,0.002190790609240011,0.006666666666666667,0.03666666666666667,0.023285172309481322,0.7344630271051819,0.002666666666666667,256,0.0,0.0,0.575927734375
beir,multilingual-e5-base,scifact,11,16.0,0.73722405290227,300,0.003235355396184135,0.007777777777777777,0.03177777777777778,0.028773141409527206,0.7192216992511467,0.003,256,0.0,0.0078125,0.671142578125
beir,multilingual-e5-base,scifact,23,16.0,0.73722405290227,300,0.006239946558100106,0.01,0.025,0.039087403577179,0.7188702855095243,0.002666666666666667,256,0.0,0.0078125,0.676025390625
beir,multilingual-e5-base,scifact,31,16.0,0.73722405290227,300,0.0023410589467342344,0.006666666666666667,0.03666666666666667,0.03457989493220375,0.7184365440586186,0.002666666666666667,256,0.0,0.0078125,0.66162109375
beir,multilingual-e5-base,scifact,11,32.0,0.43237492535347166,300,0.00341234729776422,0.007777777777777777,0.035111111111111114,0.04695837722286206,0.6933745274772154,0.003666666666666667,256,0.0,0.02734375,0.78173828125
beir,multilingual-e5-base,scifact,23,32.0,0.43237492535347166,300,0.006264401258085173,0.01,0.03166666666666667,0.0572279799216423,0.6930426012157513,0.002666666666666667,256,0.00390625,0.05078125,0.792236328125
beir,multilingual-e5-base,scifact,31,32.0,0.43237492535347166,300,0.0034506875372566997,0.01,0.04777777777777777,0.05291193759456263,0.6926024132437479,0.0033333333333333335,256,0.00390625,0.03125,0.7607421875
beir,multilingual-e5-base,scifact,11,64.0,0.26380843334171206,300,0.004093472200671014,0.007777777777777777,0.035111111111111114,0.07526432163052227,0.6538898982607333,0.004333333333333333,256,0.01953125,0.12109375,0.89208984375
beir,multilingual-e5-base,scifact,23,64.0,0.26380843334171206,300,0.00724900354241161,0.01,0.04566666666666666,0.08536634077106932,0.6535903433285023,0.003666666666666667,256,0.03515625,0.1484375,0.914794921875
beir,multilingual-e5-base,scifact,31,64.0,0.26380843334171206,300,0.004887758584756655,0.013333333333333334,0.05888888888888888,0.08141421649416929,0.653145142093651,0.004666666666666667,256,0.0390625,0.125,0.8974609375
beir,multilingual-e5-base,scifact,11,128.0,0.16683264581484528,300,0.0074442953914316086,0.011111111111111112,0.06344444444444444,0.11812332676952503,0.5966387680862104,0.007,256,0.19921875,0.453125,0.974853515625
beir,multilingual-e5-base,scifact,23,128.0,0.16683264581484528,300,0.010783952219779722,0.013333333333333334,0.07983333333333333,0.12776742719058595,0.5963907625456215,0.005666666666666667,256,0.19921875,0.45703125,0.98095703125
beir,multilingual-e5-base,scifact,31,128.0,0.16683264581484528,300,0.007725097884359782,0.013333333333333334,0.08888888888888888,0.12449613282568002,0.5959489481207559,0.007,256,0.18359375,0.41796875,0.97509765625
beir,multilingual-e5-base,scifact,11,256.0,0.10865852949393662,300,0.010634344338586944,0.01777777777777778,0.11761111111111111,0.18229258092801554,0.5183073672310171,0.013000000000000001,256,0.65625,0.91796875,0.998291015625
beir,multilingual-e5-base,scifact,23,256.0,0.10865852949393662,300,0.01584738070032662,0.025,0.1326111111111111,0.19088402112013314,0.5181357582994945,0.012,256,0.6953125,0.92578125,0.99853515625
beir,multilingual-e5-base,scifact,31,256.0,0.10865852949393662,300,0.020892972657179574,0.041666666666666664,0.13916666666666666,0.188834789147958,0.5177194103134775,0.015,256,0.67578125,0.921875,0.99853515625
beir,multilingual-e5-base,scifact,11,512.0,0.0723951243591535,300,0.024539379609140686,0.042777777777777776,0.2593888888888889,0.2776665085614313,0.4193932205984747,0.035666666666666666,256,0.98828125,1.0,1.0
beir,multilingual-e5-base,scifact,23,512.0,0.0723951243591535,300,0.049551687752164224,0.085,0.24605555555555556,0.28418787053968203,0.41932021585586615,0.03233333333333334,256,0.984375,1.0,1.0
beir,multilingual-e5-base,scifact,31,512.0,0.0723951243591535,300,0.05230003419119618,0.08472222222222221,0.22594444444444445,0.2841070897233544,0.4189700297224715,0.03733333333333333,256,1.0,1.0,1.0
beir,multilingual-e5-base,scifact,11,1024.0,0.049054348512207455,300,0.11869180597376397,0.19972222222222225,0.4768333333333334,0.4134112830958752,0.3086627373595449,0.08700000000000001,256,1.0,1.0,1.0
beir,multilingual-e5-base,scifact,23,1024.0,0.049054348512207455,300,0.14398709540139487,0.19327777777777777,0.44138888888888883,0.41670982074685886,0.3086884830058819,0.085,256,1.0,1.0,1.0
beir,multilingual-e5-base,scifact,31,1024.0,0.049054348512207455,300,0.13716510679596156,0.21444444444444444,0.437,0.4190133598103455,0.3084532100270688,0.09033333333333333,256,1.0,1.0,1.0
beir,multilingual-e5-base,scifact,11,2048.0,0.03364862959799442,300,0.3188240523871617,0.44083333333333335,0.7123333333333333,0.5807830632404288,0.20367254204124838,0.20633333333333334,256,1.0,1.0,1.0
beir,multilingual-e5-base,scifact,23,2048.0,0.03364862959799442,300,0.3026050539631795,0.40311111111111114,0.6527777777777777,0.5808846688215228,0.2037617113053722,0.20666666666666667,256,1.0,1.0,1.0
beir,multilingual-e5-base,scifact,31,2048.0,0.03364862959799442,300,0.3044845385266455,0.41083333333333333,0.6679444444444445,0.5844311954463631,0.20366353414226673,0.20700000000000002,256,1.0,1.0,1.0
beir,multilingual-e5-base,scifact,11,4096.0,0.023285155746839942,300,0.49899401923147213,0.6325555555555556,0.8358888888888888,0.7400218662960026,0.12133800988961771,0.37766666666666665,256,1.0,1.0,1.0
beir,multilingual-e5-base,scifact,23,4096.0,0.023285155746839942,300,0.47085533438933586,0.5942222222222222,0.8165555555555555,0.7388749249007037,0.12144013613443813,0.37933333333333336,256,1.0,1.0,1.0
beir,multilingual-e5-base,scifact,31,4096.0,0.023285155746839942,300,0.46262405961690906,0.5923333333333333,0.7892222222222222,0.741447250022033,0.12145088400728833,0.3776666666666666,256,1.0,1.0,1.0
beir,multilingual-e5-base,scifact,11,8192.0,0.01621503157066274,300,0.581146963905767,0.7185,0.8775555555555555,0.8549174881123084,0.06701611161580333,0.541,256,1.0,1.0,1.0
beir,multilingual-e5-base,scifact,23,8192.0,0.01621503157066274,300,0.5528482908466377,0.6875555555555555,0.8576666666666667,0.8541604700630342,0.06709896103026136,0.5436666666666667,256,1.0,1.0,1.0
beir,multilingual-e5-base,scifact,31,8192.0,0.01621503157066274,300,0.5495628782259836,0.6736666666666667,0.8525555555555555,0.8551200803140134,0.0671651018935796,0.5380000000000001,256,1.0,1.0,1.0
beir,multilingual-e5-base,scifact,11,16384.0,0.011342138868479306,300,0.6165632503247105,0.7576666666666667,0.911,0.9235925068743762,0.03542472356226023,0.6666666666666666,256,1.0,1.0,1.0
beir,multilingual-e5-base,scifact,23,16384.0,0.011342138868479306,300,0.6040060705558459,0.732,0.8826666666666667,0.9233888429933306,0.03548059050741501,0.673,256,1.0,1.0,1.0
beir,multilingual-e5-base,scifact,31,16384.0,0.011342138868479306,300,0.6002017642210438,0.7335,0.8715555555555554,0.9234737173775991,0.03556016360256237,0.66,256,1.0,1.0,1.0
beir,multilingual-e5-base,scifact,11,32768.0,0.007958795070825649,300,0.6343790939012184,0.7635000000000001,0.9093333333333333,0.9608854212829517,0.01841213965101611,0.7563333333333334,256,1.0,1.0,1.0
beir,multilingual-e5-base,scifact,23,32768.0,0.007958795070825649,300,0.6223138608629836,0.7618333333333334,0.9093333333333333,0.9609258262991436,0.018445478018240168,0.761,256,1.0,1.0,1.0
beir,multilingual-e5-base,scifact,31,32768.0,0.007958795070825649,300,0.6168197646632273,0.7435,0.8783333333333333,0.9607671649923982,0.01851776420832996,0.7623333333333333,256,1.0,1.0,1.0
beir,multilingual-e5-base,scifact,raw,inf,0.0,300,0.6370362842054732,0.7670000000000001,0.915,1.0,0.0,1.0,,,,
beir,multilingual-e5-small,arguana,11,0.5,16.1152530766871,1401,0.0007474457034426146,0.0021413276231263384,0.017130620985010708,0.008474247498172218,0.7771334406607073,0.0015703069236259815,256,0.0,0.0,0.51123046875
beir,multilingual-e5-small,arguana,23,0.5,16.1152530766871,1401,0.0005948132286462051,0.0014275517487508922,0.014989293361884369,0.00019482690290377382,0.7771640875618477,0.0014275517487508922,256,0.0,0.0,0.51123046875
beir,multilingual-e5-small,arguana,31,0.5,16.1152530766871,1401,0.0,0.0,0.013561741613133477,0.00016166532094941813,0.7765813411467919,0.0011420413990007139,256,0.0,0.00390625,0.49755859375
beir,multilingual-e5-small,arguana,11,1.0,8.449366228011328,1401,0.0007474457034426146,0.0021413276231263384,0.017130620985010708,0.009621092482612196,0.7749050248522685,0.0015703069236259815,256,0.0,0.0,0.50732421875
beir,multilingual-e5-small,arguana,23,1.0,8.449366228011328,1401,0.0005948132286462051,0.0014275517487508922,0.014989293361884369,0.0013429267205739828,0.7749339360659375,0.0014275517487508922,256,0.0,0.0,0.5166015625
beir,multilingual-e5-small,arguana,31,1.0,8.449366228011328,1401,0.0,0.0,0.013561741613133477,0.0013345065615444165,0.7743536522922859,0.0012134189864382585,256,0.0,0.00390625,0.508056640625
beir,multilingual-e5-small,arguana,11,2.0,4.460957003325374,1401,0.0007601997766386207,0.0021413276231263384,0.017130620985010708,0.011776540447694191,0.7707169799256065,0.001641684511063526,256,0.0,0.0,0.54296875
beir,multilingual-e5-small,arguana,23,2.0,4.460957003325374,1401,0.0005948132286462051,0.0014275517487508922,0.014989293361884369,0.003500975747343574,0.770742638114686,0.0014275517487508922,256,0.0,0.0,0.522705078125
beir,multilingual-e5-small,arguana,31,2.0,4.460957003325374,1401,0.0,0.0,0.013561741613133477,0.0035390756157121133,0.7701669935341567,0.0012134189864382585,256,0.0,0.00390625,0.522216796875
beir,multilingual-e5-small,arguana,11,4.0,2.3870395613531454,1401,0.0007868298515111664,0.0021413276231263384,0.017130620985010708,0.015744013956546433,0.7630106170677079,0.0019271948608137045,256,0.0,0.0,0.562255859375
beir,multilingual-e5-small,arguana,23,4.0,2.3870395613531454,1401,0.0005948132286462051,0.0014275517487508922,0.014989293361884369,0.007474075095913642,0.7630303215493516,0.0014275517487508922,256,0.0,0.0,0.54638671875
beir,multilingual-e5-small,arguana,31,4.0,2.3870395613531454,1401,0.0,0.0,0.014275517487508922,0.007597825180811079,0.7624632490338943,0.0012134189864382585,256,0.0,0.01171875,0.550048828125
beir,multilingual-e5-small,arguana,11,8.0,1.3058720745872001,1401,0.0011931991890747687,0.0021413276231263384,0.017844396859386154,0.022812526665518758,0.7492996106329981,0.001998572448251249,256,0.0,0.00390625,0.595703125
beir,multilingual-e5-small,arguana,23,8.0,1.3058720745872001,1401,0.0005948132286462051,0.0014275517487508922,0.017844396859386154,0.014555375440714181,0.7493088330613563,0.001641684511063526,256,0.0,0.0,0.598876953125
beir,multilingual-e5-small,arguana,31,8.0,1.3058720745872001,1401,0.0,0.0,0.014989293361884369,0.014831514111815198,0.7487571148000528,0.001284796573875803,256,0.0,0.015625,0.5927734375
beir,multilingual-e5-small,arguana,11,16.0,0.73722405290227,1401,0.0012222800672491393,0.0021413276231263384,0.02069950035688794,0.03487131736525294,0.7260197809558953,0.002426837972876517,256,0.0,0.01171875,0.678466796875
beir,multilingual-e5-small,arguana,23,16.0,0.73722405290227,1401,0.0008260079819928646,0.0021413276231263384,0.01998572448251249,0.02664446776429121,0.7260115701066602,0.001998572448251249,256,0.0,0.01953125,0.658935546875
beir,multilingual-e5-small,arguana,31,16.0,0.73722405290227,1401,0.0002063274991562369,0.0007137758743754461,0.015703069236259814,0.027178578798293194,0.7254861685649434,0.0016416845110635266,256,0.00390625,0.03125,0.66259765625
beir,multilingual-e5-small,arguana,11,32.0,0.43237492535347166,1401,0.0014808962242206028,0.0028551034975017845,0.023554603854389723,0.05450636313721255,0.6886521464093595,0.002926481084939329,256,0.0,0.0546875,0.78271484375
beir,multilingual-e5-small,arguana,23,32.0,0.43237492535347166,1401,0.0011154678378208216,0.0028551034975017845,0.02426837972876517,0.04635280547714166,0.6886170809576193,0.0025695931477516063,256,0.0,0.0390625,0.76904296875
beir,multilingual-e5-small,arguana,31,32.0,0.43237492535347166,1401,0.0004442527906147189,0.0014275517487508922,0.019271948608137045,0.047295609494186194,0.6881343357059138,0.0019271948608137045,256,0.015625,0.04296875,0.76416015625
beir,multilingual-e5-small,arguana,11,64.0,0.26380843334171206,1401,0.0019852588836803222,0.004282655246252677,0.032119914346895075,0.08530718741263323,0.6322116192773588,0.004925053533190578,256,0.0546875,0.140625,0.903564453125
beir,multilingual-e5-small,arguana,23,64.0,0.26380843334171206,1401,0.0016080818629330695,0.004282655246252677,0.028551034975017844,0.0773301706199045,0.6321392414489759,0.0037116345467523193,256,0.0390625,0.140625,0.88525390625
beir,multilingual-e5-small,arguana,31,64.0,0.26380843334171206,1401,0.0009895846188850447,0.0028551034975017845,0.027123483226266953,0.07886498028374066,0.6317210513128197,0.0032119914346895075,256,0.04296875,0.15234375,0.888671875
beir,multilingual-e5-small,arguana,11,128.0,0.16683264581484528,1401,0.0038566738762471266,0.008565310492505354,0.04568165596002855,0.1327933458632372,0.5525227580333397,0.008708065667380442,256,0.21484375,0.4296875,0.97705078125
beir,multilingual-e5-small,arguana,23,128.0,0.16683264581484528,1401,0.0033744492093558624,0.008565310492505354,0.04782298358315489,0.1252296673566188,0.5524061781264004,0.007780157030692363,256,0.21875,0.4609375,0.97216796875
beir,multilingual-e5-small,arguana,31,128.0,0.16683264581484528,1401,0.002839453743641002,0.006423982869379015,0.04425410421127766,0.12750518682459389,0.5520769328190834,0.006709493219129195,256,0.21875,0.44140625,0.97216796875
beir,multilingual-e5-small,arguana,11,256.0,0.10865852949393662,1401,0.009336284748544404,0.018558172733761598,0.08279800142755175,0.20607267450390052,0.4494052575624883,0.02312633832976446,256,0.66015625,0.90625,0.998779296875
beir,multilingual-e5-small,arguana,23,256.0,0.10865852949393662,1401,0.009904489813005188,0.019271948608137045,0.08065667380442541,0.19941627327398975,0.4492505459582007,0.020556745182012847,256,0.6796875,0.88671875,0.996826171875
beir,multilingual-e5-small,arguana,31,256.0,0.10865852949393662,1401,0.006720783127219813,0.014989293361884369,0.08208422555317631,0.2023451616183262,0.44902681401934147,0.01891506067094932,256,0.6796875,0.91015625,0.99853515625
beir,multilingual-e5-small,arguana,11,512.0,0.0723951243591535,1401,0.029694353215694982,0.05638829407566024,0.185581727337616,0.31788173343986986,0.3317710010334026,0.07830121341898642,256,0.984375,1.0,1.0
beir,multilingual-e5-small,arguana,23,512.0,0.0723951243591535,1401,0.027742567876264865,0.046395431834404,0.18058529621698788,0.31295406024090844,0.33160656485735623,0.068807994289793,256,0.98046875,0.99609375,1.0
beir,multilingual-e5-small,arguana,31,512.0,0.0723951243591535,1401,0.025210926289469093,0.049964311206281226,0.1934332619557459,0.3158158242774446,0.3314799506101629,0.07102069950035689,256,0.984375,1.0,1.0
beir,multilingual-e5-small,arguana,11,1024.0,0.049054348512207455,1401,0.08087207406092009,0.15488936473947182,0.4197002141327623,0.47363408771261767,0.21888062343973885,0.2076374018558173,256,0.99609375,1.0,1.0
beir,multilingual-e5-small,arguana,23,1024.0,0.049054348512207455,1401,0.07535646526787486,0.14917915774446824,0.41399000713775874,0.47114227070208814,0.2187486232050065,0.1947180585296217,256,0.98828125,1.0,1.0
beir,multilingual-e5-small,arguana,31,1024.0,0.049054348512207455,1401,0.0781219426450398,0.15988579586009993,0.4318344039971449,0.4724815669088101,0.21868032128723738,0.20463954318344038,256,0.99609375,1.0,1.0
beir,multilingual-e5-small,arguana,11,2048.0,0.03364862959799442,1401,0.1741211519942606,0.36331192005710206,0.7016416845110636,0.647688512682805,0.13002871340073538,0.38272662384011424,256,0.9921875,1.0,1.0
beir,multilingual-e5-small,arguana,23,2048.0,0.03364862959799442,1401,0.17076238992411227,0.3590292648108494,0.7251962883654532,0.6471861953903395,0.12995405184941522,0.372876516773733,256,0.99609375,1.0,1.0
beir,multilingual-e5-small,arguana,31,2048.0,0.03364862959799442,1401,0.17302671433163128,0.36331192005710206,0.702355460385439,0.6463163746344158,0.1299010623533348,0.379157744468237,256,0.99609375,1.0,0.9998779296875
beir,multilingual-e5-small,arguana,11,4096.0,0.023285155746839942,1401,0.25649650896014137,0.5374732334047109,0.8665239114917915,0.7930064114014345,0.07161552982978837,0.5558886509635975,256,0.99609375,1.0,1.0
beir,multilingual-e5-small,arguana,23,4096.0,0.023285155746839942,1401,0.26515404857007513,0.5538900785153462,0.8600999286224126,0.7932439935203689,0.07159095396389525,0.5526052819414704,256,0.99609375,1.0,1.0
beir,multilingual-e5-small,arguana,31,4096.0,0.023285155746839942,1401,0.25468480370184277,0.529621698786581,0.8615274803711634,0.7914029699127985,0.07153534641900415,0.5557458957887222,256,0.99609375,1.0,1.0
beir,multilingual-e5-small,arguana,11,8192.0,0.01621503157066274,1401,0.3047026876893548,0.6309778729478943,0.9186295503211992,0.8882314362230173,0.037881865648670625,0.6825124910778015,256,0.99609375,1.0,1.0
beir,multilingual-e5-small,arguana,23,8192.0,0.01621503157066274,1401,0.31465846370856165,0.6495360456816559,0.9157744468236974,0.8885175387175,0.03788544701118355,0.6869379014989292,256,0.99609375,1.0,1.0
beir,multilingual-e5-small,arguana,31,8192.0,0.01621503157066274,1401,0.3082342321438923,0.6374018558172734,0.9243397573162027,0.8869713253800455,0.037831028959286056,0.684154175588865,256,0.99609375,1.0,1.0
beir,multilingual-e5-small,arguana,11,16384.0,0.011342138868479306,1401,0.3302943244125573,0.6766595289079229,0.9457530335474661,0.942256154605167,0.01984004430375195,0.7752319771591719,256,0.99609375,1.0,1.0
beir,multilingual-e5-small,arguana,23,16384.0,0.011342138868479306,1401,0.3393130819140073,0.6937901498929336,0.9414703783012134,0.942453156565179,0.019853595849119197,0.7794432548179872,256,0.99609375,1.0,1.0
beir,multilingual-e5-small,arguana,31,16384.0,0.011342138868479306,1401,0.33320706628455127,0.6788008565310493,0.9436117059243397,0.9414893065980223,0.01980862400449108,0.7739471805852963,256,0.99609375,1.0,1.0
beir,multilingual-e5-small,arguana,11,32768.0,0.007958795070825649,1401,0.34388451817368465,0.7002141327623126,0.9564596716630978,0.9707821923481881,0.010549680352973843,0.8385438972162742,256,0.99609375,1.0,1.0
beir,multilingual-e5-small,arguana,23,32768.0,0.007958795070825649,1401,0.34944065175824696,0.708779443254818,0.9564596716630978,0.9709017426492268,0.010563284630855048,0.8421127765881514,256,0.99609375,1.0,1.0
beir,multilingual-e5-small,arguana,31,32768.0,0.007958795070825649,1401,0.3453767385718788,0.7016416845110636,0.953604568165596,0.970371298977826,0.010532018256702701,0.8391862955032122,256,0.99609375,1.0,1.0
beir,multilingual-e5-small,arguana,raw,inf,0.0,1401,0.3576589612389282,0.7237687366167024,0.9628836545324768,1.0,0.0,1.0,,,,
beir,multilingual-e5-small,nfcorpus,11,0.5,16.1152530766871,323,0.009905765954989484,0.003417054562324112,0.023300713107280824,-0.009202846913688946,0.7742860307696943,0.0015479876160990713,256,0.0,0.0,0.521484375
beir,multilingual-e5-small,nfcorpus,23,0.5,16.1152530766871,323,0.011210837512989725,0.006025947204404568,0.03363078338876374,0.005736858936967387,0.7734436277750845,0.0021671826625386994,256,0.0,0.00390625,0.51513671875
beir,multilingual-e5-small,nfcorpus,31,0.5,16.1152530766871,323,0.010296462871717402,0.0012509604720463883,0.02770724850862654,0.0057194078807990744,0.7763265638184275,0.001238390092879257,256,0.0,0.00390625,0.526611328125
beir,multilingual-e5-small,nfcorpus,11,1.0,8.449366228011328,323,0.009893590412690466,0.003417054562324112,0.023378259417937548,-0.008242781508977538,0.772065108133876,0.0015479876160990713,256,0.0,0.0,0.52978515625
beir,multilingual-e5-small,nfcorpus,23,1.0,8.449366228011328,323,0.011198273707133517,0.006025947204404568,0.03373637277120397,0.006720704344390142,0.7712234059239282,0.0021671826625386994,256,0.0,0.00390625,0.515869140625
beir,multilingual-e5-small,nfcorpus,31,1.0,8.449366228011328,323,0.010296462871717402,0.0012509604720463883,0.027722277514608085,0.0067204272086959635,0.7741052880725124,0.001238390092879257,256,0.0,0.0078125,0.519287109375
beir,multilingual-e5-small,nfcorpus,11,2.0,4.460957003325374,323,0.009915553357546125,0.003417054562324112,0.023674859716484576,-0.006437834941611187,0.7678911295210328,0.0018575851393188858,256,0.0,0.0,0.54296875
beir,multilingual-e5-small,nfcorpus,23,2.0,4.460957003325374,323,0.01099844794344696,0.005902108195116643,0.03372968599964415,0.008569647298550457,0.7670508184338312,0.0021671826625386994,256,0.0,0.00390625,0.51953125
beir,multilingual-e5-small,nfcorpus,31,2.0,4.460957003325374,323,0.010296462871717402,0.0012509604720463883,0.02767776341218531,0.008601948174753835,0.7699305517282006,0.001238390092879257,256,0.0,0.0078125,0.535888671875
beir,multilingual-e5-small,nfcorpus,11,4.0,2.3870395613531454,323,0.009951635672892678,0.003417054562324112,0.02397770739523392,-0.0031136318596014802,0.7602105940809649,0.0021671826625387,256,0.0,0.0,0.568115234375
beir,multilingual-e5-small,nfcorpus,23,4.0,2.3870395613531454,323,0.010664986538162804,0.005656773016980649,0.03398175429545183,0.011972421043021875,0.7593730947584655,0.0021671826625386994,256,0.0,0.0078125,0.558349609375
beir,multilingual-e5-small,nfcorpus,31,4.0,2.3870395613531454,323,0.010129355932178638,0.0012387234157926407,0.027569256548520618,0.012065716334071271,0.762248302729707,0.001238390092879257,256,0.0,0.0078125,0.5546875
beir,multilingual-e5-small,nfcorpus,11,8.0,1.3058720745872001,323,0.009858468593921076,0.003417054562324112,0.024008209416507206,0.002815037480941741,0.7465453633608256,0.0021671826625387,256,0.0,0.0,0.614990234375
beir,multilingual-e5-small,nfcorpus,23,8.0,1.3058720745872001,323,0.011039811645812499,0.005829607658806576,0.03374879639563476,0.018033187608060896,0.745713667431509,0.002476780185758514,256,0.00390625,0.01171875,0.5986328125
beir,multilingual-e5-small,nfcorpus,31,8.0,1.3058720745872001,323,0.010143339356284458,0.0012389032052950914,0.028948079944556122,0.018238474164194756,0.7485790010242123,0.001238390092879257,256,0.0,0.01171875,0.6015625
beir,multilingual-e5-small,nfcorpus,11,16.0,0.73722405290227,323,0.009454489191890689,0.0034465400407259986,0.02463039642696355,0.012948401035120726,0.7233427547928342,0.0021671826625387,256,0.0,0.0,0.682373046875
beir,multilingual-e5-small,nfcorpus,23,16.0,0.73722405290227,323,0.011336548284513548,0.0059442734081472486,0.03396801423507126,0.028367970145403012,0.7225232234675268,0.0027863777089783283,256,0.00390625,0.01953125,0.669189453125
beir,multilingual-e5-small,nfcorpus,31,16.0,0.73722405290227,323,0.010597966986248169,0.001408644231899639,0.029079174724111125,0.028774170157081246,0.7253664929787268,0.0015479876160990713,256,0.0,0.01953125,0.675048828125
beir,multilingual-e5-small,nfcorpus,11,32.0,0.43237492535347166,323,0.010152246137685084,0.003762443877719805,0.026602420623937906,0.029502797284304143,0.6860978353060986,0.0027863777089783283,256,0.0,0.02734375,0.762939453125
beir,multilingual-e5-small,nfcorpus,23,32.0,0.43237492535347166,323,0.011449248028358727,0.006021614213569412,0.038103634751390766,0.045183939143572806,0.6853037222442513,0.0030959752321981426,256,0.0078125,0.0546875,0.77783203125
beir,multilingual-e5-small,nfcorpus,31,32.0,0.43237492535347166,323,0.011020332102833893,0.0014595877761081027,0.029516540516325934,0.04594338744412221,0.6880978678774236,0.0015479876160990713,256,0.01171875,0.05078125,0.77392578125
beir,multilingual-e5-small,nfcorpus,11,64.0,0.26380843334171206,323,0.009914676387920762,0.003165986643518431,0.033019613356653876,0.055615342778861404,0.6298401798053511,0.005263157894736843,256,0.03515625,0.14453125,0.880126953125
beir,multilingual-e5-small,nfcorpus,23,64.0,0.26380843334171206,323,0.012278423636060378,0.00537750874325482,0.042456590831235576,0.07154021356990686,0.6290973715963329,0.004024767801857585,256,0.0390625,0.1640625,0.891357421875
beir,multilingual-e5-small,nfcorpus,31,64.0,0.26380843334171206,323,0.011020552464770093,0.0013703631401886219,0.03327743168554047,0.07291316771686539,0.6317863443604972,0.0027863777089783283,256,0.0390625,0.15625,0.889892578125
beir,multilingual-e5-small,nfcorpus,11,128.0,0.16683264581484528,323,0.01134746859415753,0.003499992722979424,0.038318485092496135,0.09623486810767554,0.550406158019995,0.007120743034055728,256,0.203125,0.49609375,0.963623046875
beir,multilingual-e5-small,nfcorpus,23,128.0,0.16683264581484528,323,0.01416917292867507,0.006582009455385448,0.046781261075101034,0.11216440977653587,0.5497589786553675,0.006811145510835914,256,0.20703125,0.4609375,0.97216796875
beir,multilingual-e5-small,nfcorpus,31,128.0,0.16683264581484528,323,0.011417893066707615,0.0019734077594302834,0.03790269227036284,0.114586772120005,0.5522399840465618,0.004953560371517028,256,0.1796875,0.44140625,0.966064453125
beir,multilingual-e5-small,nfcorpus,11,256.0,0.10865852949393662,323,0.01814039155276832,0.005464263920089799,0.04631737991376594,0.159803772905,0.4476181858284135,0.015479876160990712,256,0.65625,0.88671875,0.997802734375
beir,multilingual-e5-small,nfcorpus,23,256.0,0.10865852949393662,323,0.01968967745055721,0.008967111324081366,0.06340140123883155,0.17504569743549345,0.447125199770733,0.014860681114551086,256,0.671875,0.91796875,0.998291015625
beir,multilingual-e5-small,nfcorpus,31,256.0,0.10865852949393662,323,0.016322321475355752,0.004175573681009438,0.05540614569292873,0.17915724175450773,0.4492459740364866,0.010216718266253871,256,0.609375,0.8828125,0.999267578125
beir,multilingual-e5-small,nfcorpus,11,512.0,0.0723951243591535,323,0.039082768906500864,0.013625722663990836,0.06594447571477363,0.25903769004265387,0.330371986258791,0.0390092879256966,256,0.94921875,0.99609375,1.0
beir,multilingual-e5-small,nfcorpus,23,512.0,0.0723951243591535,323,0.039634170867165835,0.02096372015733926,0.08549506089513895,0.27225216761086274,0.3300760082931681,0.04427244582043344,256,0.96875,1.0,1.0
beir,multilingual-e5-small,nfcorpus,31,512.0,0.0723951243591535,323,0.03395702425111788,0.01742405699996272,0.07902730332965095,0.2785867279878214,0.3316875790772535,0.03467492260061919,256,0.96875,1.0,1.0
beir,multilingual-e5-small,nfcorpus,11,1024.0,0.049054348512207455,323,0.08861879488993682,0.03855282427009362,0.12173356926597705,0.402994860600567,0.21788271517550567,0.10681114551083591,256,0.98828125,1.0,1.0
beir,multilingual-e5-small,nfcorpus,23,1024.0,0.049054348512207455,323,0.09347406667851263,0.04404485861589497,0.12880568394145092,0.41248782826377306,0.21776942972303232,0.11826625386996904,256,0.98828125,1.0,1.0
beir,multilingual-e5-small,nfcorpus,31,1024.0,0.049054348512207455,323,0.09171424658309549,0.03990581525908113,0.124990152942394,0.4204441606210609,0.21883343407714953,0.10402476780185757,256,0.9921875,1.0,1.0
beir,multilingual-e5-small,nfcorpus,11,2048.0,0.03364862959799442,323,0.1691399067663749,0.07675738371178578,0.1819872306993564,0.5754878249199493,0.12937931618055995,0.2479876160990712,256,0.9921875,1.0,1.0
beir,multilingual-e5-small,nfcorpus,23,2048.0,0.03364862959799442,323,0.1725875461751603,0.08358872031083878,0.17605151786055026,0.5803795370061535,0.12938275981034383,0.25386996904024767,256,0.98828125,1.0,1.0
beir,multilingual-e5-small,nfcorpus,31,2048.0,0.03364862959799442,323,0.18100135878476978,0.08487332748356109,0.17944329755771088,0.5877593562130395,0.13000975626999328,0.24613003095975233,256,0.9921875,1.0,1.0
beir,multilingual-e5-small,nfcorpus,11,4096.0,0.023285155746839942,323,0.23833961261645906,0.11125207395522534,0.220897100100705,0.7340907381563518,0.07121946522980524,0.4173374613003095,256,0.9921875,1.0,1.0
beir,multilingual-e5-small,nfcorpus,23,4096.0,0.023285155746839942,323,0.23662720441806753,0.10993370493874312,0.2177409054164491,0.735356190542762,0.07127247604557997,0.42755417956656344,256,0.9921875,1.0,1.0
beir,multilingual-e5-small,nfcorpus,31,4096.0,0.023285155746839942,323,0.24452914291813216,0.11183727492768977,0.21667870435045194,0.7404477533851576,0.07162597637081611,0.42538699690402476,256,0.9921875,1.0,1.0
beir,multilingual-e5-small,nfcorpus,11,8192.0,0.01621503157066274,323,0.27519296887806766,0.12623012718858742,0.23816781627378733,0.8488860625540849,0.03764747542764993,0.5631578947368421,256,0.9921875,1.0,1.0
beir,multilingual-e5-small,nfcorpus,23,8192.0,0.01621503157066274,323,0.26968762602607244,0.12438593613475457,0.23712765813638945,0.8484830833442978,0.03771066286830726,0.5721362229102167,256,0.98828125,1.0,1.0
beir,multilingual-e5-small,nfcorpus,31,8192.0,0.01621503157066274,323,0.27677386142468224,0.13543896208248932,0.23841221430564177,0.8513745649271593,0.03791302857793443,0.5743034055727554,256,0.99609375,1.0,1.0
beir,multilingual-e5-small,nfcorpus,11,16384.0,0.011342138868479306,323,0.29172919466991215,0.1352068126791312,0.24769995418824084,0.9193073335684135,0.01970231125582465,0.6761609907120743,256,0.99609375,1.0,1.0
beir,multilingual-e5-small,nfcorpus,23,16384.0,0.011342138868479306,323,0.28669230931704615,0.1358730807714674,0.24518847669619792,0.9185929276738165,0.01975973748302676,0.6882352941176471,256,0.98828125,1.0,1.0
beir,multilingual-e5-small,nfcorpus,31,16384.0,0.011342138868479306,323,0.29124810679483093,0.14123912941132113,0.2456158862697225,0.9200869746360053,0.019878631994833255,0.6922600619195046,256,0.99609375,1.0,0.9998779296875
beir,multilingual-e5-small,nfcorpus,11,32768.0,0.007958795070825649,323,0.2977174867689031,0.14080468426530485,0.24928471839200422,0.9584055232334316,0.010468784918484287,0.7665634674922601,256,0.99609375,1.0,1.0
beir,multilingual-e5-small,nfcorpus,23,32768.0,0.007958795070825649,323,0.29512910124161573,0.14192759686659046,0.2511976958289442,0.9578580789032276,0.010516048620627522,0.7764705882352941,256,0.9921875,1.0,1.0
beir,multilingual-e5-small,nfcorpus,31,32768.0,0.007958795070825649,323,0.2976775800213003,0.14447194233114866,0.25034127587086397,0.9586026891047094,0.010585582517109763,0.7814241486068112,256,0.99609375,1.0,1.0
beir,multilingual-e5-small,nfcorpus,raw,inf,0.0,323,0.3020970886539733,0.14647137012742903,0.24833693816772606,1.0,0.0,1.0,,,,
beir,multilingual-e5-small,scifact,11,0.5,16.1152530766871,300,0.0,0.0,0.023333333333333334,-0.004242222403804109,0.7747277426885927,0.0010000000000000002,256,0.0,0.0,0.50439453125
beir,multilingual-e5-small,scifact,23,0.5,16.1152530766871,300,0.0,0.0,0.015666666666666666,0.005250721689909913,0.7742067834264463,0.0016666666666666668,256,0.0,0.0,0.516845703125
beir,multilingual-e5-small,scifact,31,0.5,16.1152530766871,300,0.0,0.0,0.0033333333333333335,-0.005454004888177607,0.7739181168707244,0.0016666666666666668,256,0.0,0.0078125,0.493896484375
beir,multilingual-e5-small,scifact,11,1.0,8.449366228011328,300,0.0,0.0,0.023333333333333334,-0.0031637611733242124,0.77250570908325,0.0010000000000000002,256,0.0,0.0,0.50048828125
beir,multilingual-e5-small,scifact,23,1.0,8.449366228011328,300,0.0,0.0,0.015666666666666666,0.006341080808198764,0.7719867113579371,0.0016666666666666668,256,0.0,0.0,0.51171875
beir,multilingual-e5-small,scifact,31,1.0,8.449366228011328,300,0.0,0.0,0.0033333333333333335,-0.004388987021305466,0.7716977254963007,0.0016666666666666668,256,0.0,0.0078125,0.493896484375
beir,multilingual-e5-small,scifact,11,2.0,4.460957003325374,300,0.0,0.0,0.023333333333333334,-0.0011364490494186236,0.768329615853116,0.0010000000000000002,256,0.0,0.0,0.5322265625
beir,multilingual-e5-small,scifact,23,2.0,4.460957003325374,300,0.0,0.0,0.019,0.00839035228010847,0.7678143494176248,0.0020000000000000005,256,0.0,0.0,0.533935546875
beir,multilingual-e5-small,scifact,31,2.0,4.460957003325374,300,0.0,0.0,0.0033333333333333335,-0.0023870129341768812,0.7675247787631506,0.0016666666666666668,256,0.0,0.0078125,0.510009765625
beir,multilingual-e5-small,scifact,11,4.0,2.3870395613531454,300,0.0,0.0,0.028333333333333332,0.0025965043506797204,0.7606451007819894,0.0010000000000000002,256,0.0,0.0,0.548583984375
beir,multilingual-e5-small,scifact,23,4.0,2.3870395613531454,300,0.0,0.0,0.019,0.01216233760408123,0.7601368508999632,0.0023333333333333335,256,0.0,0.0,0.560546875
beir,multilingual-e5-small,scifact,31,4.0,2.3870395613531454,300,0.0,0.0,0.006666666666666667,0.0012990566610487113,0.7598462565669272,0.0016666666666666668,256,0.0,0.0078125,0.52880859375
beir,multilingual-e5-small,scifact,11,8.0,1.3058720745872001,300,0.0,0.0,0.028333333333333332,0.009251530867257097,0.7469725132616457,0.0010000000000000002,256,0.0,0.0,0.6015625
beir,multilingual-e5-small,scifact,23,8.0,1.3058720745872001,300,0.0,0.0,0.019,0.018882360400438444,0.746477217988604,0.0023333333333333335,256,0.0,0.00390625,0.59912109375
beir,multilingual-e5-small,scifact,31,8.0,1.3058720745872001,300,0.0,0.0,0.01,0.007869776464978105,0.7461849719487738,0.0016666666666666668,256,0.0,0.0078125,0.5703125
beir,multilingual-e5-small,scifact,11,16.0,0.73722405290227,300,0.0009635494210596263,0.0033333333333333335,0.028333333333333332,0.020617935079525026,0.7237566435763549,0.0013333333333333335,256,0.0,0.0078125,0.661376953125
beir,multilingual-e5-small,scifact,23,16.0,0.73722405290227,300,0.0,0.0,0.022333333333333334,0.03034584128441431,0.7232846621235588,0.002666666666666667,256,0.0,0.0078125,0.67919921875
beir,multilingual-e5-small,scifact,31,16.0,0.73722405290227,300,0.0,0.0,0.01,0.019090130997425504,0.7229901157425923,0.0023333333333333335,256,0.00390625,0.01171875,0.64697265625
beir,multilingual-e5-small,scifact,11,32.0,0.43237492535347166,300,0.0010034333188799374,0.0033333333333333335,0.03333333333333333,0.03916122665198573,0.6864885787143783,0.0016666666666666668,256,0.0,0.01953125,0.761962890625
beir,multilingual-e5-small,scifact,23,32.0,0.43237492535347166,300,0.0,0.0,0.025666666666666667,0.0490087678935474,0.686057207676003,0.0033333333333333335,256,0.00390625,0.01953125,0.76123046875
beir,multilingual-e5-small,scifact,31,32.0,0.43237492535347166,300,0.0,0.0,0.018333333333333333,0.037390186107097975,0.6857603232146168,0.002666666666666667,256,0.0078125,0.01953125,0.757568359375
beir,multilingual-e5-small,scifact,11,64.0,0.26380843334171206,300,0.0011111111111111111,0.0033333333333333335,0.03777777777777778,0.06833861177826178,0.6301921886316302,0.003666666666666667,256,0.0078125,0.11328125,0.880126953125
beir,multilingual-e5-small,scifact,23,64.0,0.26380843334171206,300,0.0019270988421192525,0.006666666666666667,0.033166666666666664,0.07827629428556088,0.6298285308052647,0.005,256,0.015625,0.1171875,0.887939453125
beir,multilingual-e5-small,scifact,31,64.0,0.26380843334171206,300,0.0,0.0,0.025,0.06617607051238283,0.6295313546428809,0.004666666666666666,256,0.01171875,0.1015625,0.870849609375
beir,multilingual-e5-small,scifact,11,128.0,0.16683264581484528,300,0.004638044827616773,0.013333333333333334,0.044444444444444446,0.1135286524403112,0.550697296722427,0.005666666666666667,256,0.1484375,0.40625,0.967529296875
beir,multilingual-e5-small,scifact,23,128.0,0.16683264581484528,300,0.002599066894748462,0.007333333333333334,0.04872222222222222,0.12338075164207798,0.5504388498904467,0.007,256,0.15234375,0.46875,0.970947265625
beir,multilingual-e5-small,scifact,31,128.0,0.16683264581484528,300,0.0023410589467342344,0.006666666666666667,0.05111111111111111,0.11075721495776063,0.5501480275742068,0.008333333333333333,256,0.15234375,0.4140625,0.963623046875
beir,multilingual-e5-small,scifact,11,256.0,0.10865852949393662,300,0.00970907401928061,0.02,0.08638888888888888,0.1837231209042874,0.447823318920198,0.012333333333333333,256,0.64453125,0.87890625,0.994873046875
beir,multilingual-e5-small,scifact,23,256.0,0.10865852949393662,300,0.011959115561938778,0.028166666666666663,0.10161111111111111,0.19298364799574125,0.4477086628836245,0.015666666666666666,256,0.6796875,0.890625,0.998046875
beir,multilingual-e5-small,scifact,31,256.0,0.10865852949393662,300,0.0035386877054828353,0.006666666666666667,0.10111111111111111,0.18007121896674846,0.4474378376523281,0.015666666666666666,256,0.6484375,0.890625,0.9970703125
beir,multilingual-e5-small,scifact,11,512.0,0.0723951243591535,300,0.02146162215747966,0.041944444444444444,0.18888888888888888,0.2918485174188246,0.330476160589279,0.029333333333333336,256,0.97265625,0.99609375,1.0
beir,multilingual-e5-small,scifact,23,512.0,0.0723951243591535,300,0.03873586714011074,0.06538888888888889,0.21116666666666664,0.299417242602771,0.33051786981142506,0.03233333333333334,256,0.96484375,1.0,1.0
beir,multilingual-e5-small,scifact,31,512.0,0.0723951243591535,300,0.03097025248936771,0.05583333333333333,0.21416666666666667,0.2871679358652552,0.3302857983265697,0.036000000000000004,256,0.96875,0.99609375,0.999755859375
beir,multilingual-e5-small,scifact,11,1024.0,0.049054348512207455,300,0.11019788118763707,0.17916666666666667,0.4192222222222222,0.44473436957412765,0.21790030096719032,0.09433333333333332,256,1.0,1.0,1.0
beir,multilingual-e5-small,scifact,23,1024.0,0.049054348512207455,300,0.13302146277195614,0.20205555555555554,0.44338888888888883,0.44900215426246337,0.21805793473431664,0.1,256,1.0,1.0,1.0
beir,multilingual-e5-small,scifact,31,1024.0,0.049054348512207455,300,0.12396965745041692,0.19722222222222222,0.4555,0.4394434044462387,0.21787897513566037,0.10066666666666667,256,1.0,1.0,1.0
beir,multilingual-e5-small,scifact,11,2048.0,0.03364862959799442,300,0.28581255676898926,0.4002777777777778,0.6373888888888889,0.6196781912261149,0.12935244715941738,0.2253333333333333,256,1.0,1.0,1.0
beir,multilingual-e5-small,scifact,23,2048.0,0.03364862959799442,300,0.32337763227543426,0.4293888888888889,0.6540555555555556,0.6199893622449162,0.12955113575943336,0.23433333333333337,256,1.0,1.0,1.0
beir,multilingual-e5-small,scifact,31,2048.0,0.03364862959799442,300,0.30126437349388185,0.4086111111111111,0.6762777777777778,0.6148501792625435,0.1294255307511878,0.23266666666666666,256,1.0,1.0,1.0
beir,multilingual-e5-small,scifact,11,4096.0,0.023285155746839942,300,0.4386673781012694,0.5682777777777779,0.7930555555555555,0.7706872676895834,0.07118645087311735,0.3940000000000001,256,1.0,1.0,1.0
beir,multilingual-e5-small,scifact,23,4096.0,0.023285155746839942,300,0.45497493554879964,0.5385555555555556,0.8041666666666667,0.7686499565288409,0.07136886110301308,0.40599999999999997,256,1.0,1.0,1.0
beir,multilingual-e5-small,scifact,31,4096.0,0.023285155746839942,300,0.44025767877949123,0.5704999999999999,0.82,0.7671402716578122,0.07128454249561728,0.4026666666666666,256,1.0,1.0,1.0
beir,multilingual-e5-small,scifact,11,8192.0,0.01621503157066274,300,0.5129728145720635,0.6406111111111111,0.8545555555555556,0.8734230206939295,0.03762371929966777,0.5496666666666666,256,1.0,1.0,1.0
beir,multilingual-e5-small,scifact,23,8192.0,0.01621503157066274,300,0.5216669416278942,0.6529999999999999,0.8523333333333333,0.8711216378753641,0.03776958867198691,0.5626666666666668,256,1.0,1.0,1.0
beir,multilingual-e5-small,scifact,31,8192.0,0.01621503157066274,300,0.5282520538885239,0.6647777777777778,0.8656666666666666,0.8711998461258808,0.03771215821668073,0.5613333333333332,256,1.0,1.0,1.0
beir,multilingual-e5-small,scifact,11,16384.0,0.011342138868479306,300,0.5565678523631405,0.6862777777777778,0.8890000000000001,0.9336239779058303,0.01968796056110296,0.6753333333333333,256,1.0,1.0,1.0
beir,multilingual-e5-small,scifact,23,16384.0,0.011342138868479306,300,0.5648636050717604,0.6864444444444444,0.8723333333333333,0.9319610497389607,0.019798900277692415,0.6826666666666668,256,1.0,1.0,1.0
beir,multilingual-e5-small,scifact,31,16384.0,0.011342138868479306,300,0.5615078595793886,0.6873888888888888,0.8863333333333333,0.9323657133522016,0.01975791971543775,0.686,256,1.0,1.0,1.0
beir,multilingual-e5-small,scifact,11,32768.0,0.007958795070825649,300,0.5748713563238678,0.6972777777777778,0.8923333333333335,0.9661235522572249,0.010460006199246485,0.7636666666666666,256,1.0,1.0,1.0
beir,multilingual-e5-small,scifact,23,32768.0,0.007958795070825649,300,0.5826121844452308,0.7053333333333334,0.8863333333333333,0.9651267579573478,0.010543384708883842,0.7683333333333333,256,1.0,1.0,1.0
beir,multilingual-e5-small,scifact,31,32768.0,0.007958795070825649,300,0.5865646321013362,0.717111111111111,0.907,0.9654533304778916,0.010512858699890321,0.767,256,1.0,1.0,1.0
beir,multilingual-e5-small,scifact,raw,inf,0.0,300,0.5982147684515763,0.7339444444444445,0.901,1.0,0.0,1.0,,,,
miracl,multilingual-e5-small,bn,11,0.5,16.1152530766871,411,0.0,0.0,0.0,0.0019708924456732606,0.7129523761242262,0.0,256,0.0,0.0078125,0.527099609375
miracl,multilingual-e5-small,bn,23,0.5,16.1152530766871,411,0.0,0.0,0.0,0.0024384948872476515,0.7130242651661528,0.0,256,0.0,0.0,0.53369140625
miracl,multilingual-e5-small,bn,31,0.5,16.1152530766871,411,0.0,0.0,0.0,0.0021555406873650816,0.7131530359302951,0.0,256,0.0,0.0,0.504150390625
miracl,multilingual-e5-small,bn,11,1.0,8.449366228011328,411,0.0,0.0,0.0,0.0034719113521188513,0.7109087851889109,0.0,256,0.0,0.0078125,0.54541015625
miracl,multilingual-e5-small,bn,23,1.0,8.449366228011328,411,0.0,0.0,0.0,0.003932606289331007,0.7109812073634735,0.0,256,0.0,0.0,0.558349609375
miracl,multilingual-e5-small,bn,31,1.0,8.449366228011328,411,0.0,0.0,0.0,0.0036484609682986774,0.7111096430142391,0.0,256,0.0,0.0,0.50244140625
miracl,multilingual-e5-small,bn,11,2.0,4.460957003325374,411,0.0,0.0,0.0006082725060827251,0.006293176641384509,0.7070680905812387,0.0,256,0.00390625,0.0078125,0.552001953125
miracl,multilingual-e5-small,bn,23,2.0,4.460957003325374,411,0.0,0.0,0.0,0.006740873280138447,0.7071415135529625,0.0,256,0.0,0.0,0.56396484375
miracl,multilingual-e5-small,bn,31,2.0,4.460957003325374,411,0.0,0.0,0.0,0.0064545287204358925,0.7072693076759322,0.0,256,0.0,0.0,0.523681640625
miracl,multilingual-e5-small,bn,11,4.0,2.3870395613531454,411,0.0,0.0,0.0006082725060827251,0.011486555271399157,0.7000008617036243,0.0,256,0.00390625,0.0078125,0.57763671875
miracl,multilingual-e5-small,bn,23,4.0,2.3870395613531454,411,0.0,0.0,0.0,0.011910277799197752,0.7000761218186273,0.0,256,0.0,0.0,0.599853515625
miracl,multilingual-e5-small,bn,31,4.0,2.3870395613531454,411,0.0,0.0,0.0,0.011620020619943775,0.7002026958279444,0.0,256,0.0,0.00390625,0.5478515625
miracl,multilingual-e5-small,bn,11,8.0,1.3058720745872001,411,0.0,0.0,0.0006082725060827251,0.020739126860581353,0.6874269269277485,0.0,256,0.0078125,0.01953125,0.630615234375
miracl,multilingual-e5-small,bn,23,8.0,1.3058720745872001,411,0.0,0.0,0.0,0.021120015623641745,0.6875054386503627,0.0,256,0.0,0.0,0.64794921875
miracl,multilingual-e5-small,bn,31,8.0,1.3058720745872001,411,0.0,0.0,0.0,0.020823225589450697,0.6876297166545071,0.0,256,0.0,0.00390625,0.59375
miracl,multilingual-e5-small,bn,11,16.0,0.73722405290227,411,0.0,0.0,0.0006082725060827251,0.03651777009399831,0.6660775568789647,0.0,256,0.01171875,0.03125,0.691162109375
miracl,multilingual-e5-small,bn,23,16.0,0.73722405290227,411,0.0,0.0,0.0,0.03682540307432956,0.666161524924724,0.0,256,0.0,0.01171875,0.718994140625
miracl,multilingual-e5-small,bn,31,16.0,0.73722405290227,411,0.0,0.0,0.0,0.03651877070224502,0.6662815475271842,0.0,256,0.0,0.015625,0.66748046875
miracl,multilingual-e5-small,bn,11,32.0,0.43237492535347166,411,0.0,0.0,0.0030413625304136255,0.06216647687058535,0.6318082392537481,0.0,256,0.0234375,0.0703125,0.798583984375
miracl,multilingual-e5-small,bn,23,32.0,0.43237492535347166,411,0.0,0.0,0.0,0.06235510924676843,0.6319007300026903,0.0,256,0.00390625,0.05859375,0.823974609375
miracl,multilingual-e5-small,bn,31,32.0,0.43237492535347166,411,0.0,0.0,0.0,0.06203595260987056,0.632013030607782,0.0,256,0.0,0.046875,0.783203125
miracl,multilingual-e5-small,bn,11,64.0,0.26380843334171206,411,0.0003383362031892351,0.0006082725060827251,0.005474452554744526,0.10219121906279616,0.5800469182593939,0.00048661800486618007,256,0.07421875,0.21484375,0.917724609375
miracl,multilingual-e5-small,bn,23,64.0,0.26380843334171206,411,0.0,0.0,0.0,0.10219670645530292,0.5801514825107923,0.0,256,0.04296875,0.2109375,0.916259765625
miracl,multilingual-e5-small,bn,31,64.0,0.26380843334171206,411,0.0,0.0,0.00413625304136253,0.10186633212132919,0.5802502382775497,0.00024330900243309004,256,0.0546875,0.17578125,0.9130859375
miracl,multilingual-e5-small,bn,11,128.0,0.16683264581484528,411,0.002211881197643507,0.004257907542579075,0.011151662611516627,0.16307166681300184,0.506964697832355,0.0017031630170316304,256,0.2890625,0.5625,0.98486328125
miracl,multilingual-e5-small,bn,23,128.0,0.16683264581484528,411,0.0,0.0,0.01024215038813579,0.16281176034765957,0.5070838780962004,0.00024330900243309004,256,0.27734375,0.6171875,0.986083984375
miracl,multilingual-e5-small,bn,31,128.0,0.16683264581484528,411,0.001008362529326871,0.0024330900243309003,0.01835245046923879,0.16248207409050464,0.5071603780094864,0.0021897810218978104,256,0.234375,0.546875,0.987548828125
miracl,multilingual-e5-small,bn,11,256.0,0.10865852949393662,411,0.011825581231895126,0.016828872668288725,0.043863206271965396,0.25421437111168704,0.412399571854877,0.008029197080291973,256,0.78125,0.94140625,0.999755859375
miracl,multilingual-e5-small,bn,23,256.0,0.10865852949393662,411,0.0046210955111932375,0.011354420113544199,0.053128258602711156,0.25360532706384264,0.41253140374565406,0.006326034063260342,256,0.79296875,0.94921875,0.999755859375
miracl,multilingual-e5-small,bn,31,256.0,0.10865852949393662,411,0.013418934553850695,0.020096164986675935,0.06359054570733402,0.25330940873305763,0.41257579242053904,0.009732360097323601,256,0.796875,0.94921875,0.999755859375
miracl,multilingual-e5-small,bn,11,512.0,0.0723951243591535,411,0.05309059014614934,0.07721971189124474,0.18682172788012202,0.3852542508489567,0.3045339790212893,0.04233576642335767,256,1.0,1.0,1.0
miracl,multilingual-e5-small,bn,23,512.0,0.0723951243591535,411,0.060050858843267815,0.08320298922488703,0.20576507164098404,0.3842852026361053,0.30466774091740134,0.048905109489051087,256,0.98828125,1.0,1.0
miracl,multilingual-e5-small,bn,31,512.0,0.0723951243591535,411,0.07396731649433996,0.110833043679759,0.23206947823736146,0.3840834262178806,0.30467562215358474,0.0535279805352798,256,0.99609375,1.0,1.0
miracl,multilingual-e5-small,bn,11,1024.0,0.049054348512207455,411,0.2563461129488554,0.337502413779786,0.5958241609701463,0.5509369841160112,0.2010425798028994,0.20462287104622875,256,1.0,1.0,1.0
miracl,multilingual-e5-small,bn,23,1024.0,0.049054348512207455,411,0.2651377246261504,0.3489360058703124,0.586763797165257,0.5498203638681239,0.20116077004558408,0.21703163017031632,256,1.0,1.0,1.0
miracl,multilingual-e5-small,bn,31,1024.0,0.049054348512207455,411,0.26176089506427974,0.3450179585216081,0.5793197003051018,0.5497605172077815,0.2011406486117458,0.21046228710462292,256,1.0,1.0,1.0
miracl,multilingual-e5-small,bn,11,2048.0,0.03364862959799442,411,0.5056860900081301,0.6329007839956745,0.8623431043139071,0.7152152776974161,0.11961623328571767,0.4557177615571776,256,1.0,1.0,1.0
miracl,multilingual-e5-small,bn,23,2048.0,0.03364862959799442,411,0.4917842785242745,0.5990750395859884,0.8448354767697833,0.7143256112510826,0.11970624276514333,0.45255474452554745,256,1.0,1.0,1.0
miracl,multilingual-e5-small,bn,31,2048.0,0.03364862959799442,411,0.49388459584249317,0.6178426601784266,0.8336944347893253,0.7143638887955396,0.11967538302054048,0.4535279805352798,256,1.0,1.0,1.0
miracl,multilingual-e5-small,bn,11,4096.0,0.023285155746839942,411,0.6097306993750983,0.7444386513729578,0.9233914571505814,0.8388442593251618,0.06610391814783001,0.6408759124087591,256,1.0,1.0,1.0
miracl,multilingual-e5-small,bn,23,4096.0,0.023285155746839942,411,0.599800420237752,0.7373469663615649,0.9226750473100838,0.8383234390443448,0.06616540376608672,0.637956204379562,256,1.0,1.0,1.0
miracl,multilingual-e5-small,bn,31,4096.0,0.023285155746839942,411,0.60277169576248,0.7145184026570888,0.9229280114316609,0.8383771736297172,0.06613703228976009,0.6347931873479318,256,1.0,1.0,1.0
miracl,multilingual-e5-small,bn,11,8192.0,0.01621503157066274,411,0.6489841706623855,0.7845054647974355,0.9466158807399685,0.914761885761364,0.03520637825081393,0.754257907542579,256,1.0,1.0,1.0
miracl,multilingual-e5-small,bn,23,8192.0,0.01621503157066274,411,0.6501162776060662,0.776146062642413,0.9464131232379408,0.9145014127337902,0.035246246605047424,0.7508515815085158,256,1.0,1.0,1.0
miracl,multilingual-e5-small,bn,31,8192.0,0.01621503157066274,411,0.6433533035810448,0.7561599660139806,0.9470938091376047,0.9145382250993371,0.03522500818044904,0.7489051094890511,256,1.0,1.0,1.0
miracl,multilingual-e5-small,bn,11,16384.0,0.011342138868479306,411,0.6657116374540147,0.8005638589580195,0.9552939018267486,0.9564203909778273,0.018674329629068013,0.824087591240876,256,1.0,1.0,1.0
miracl,multilingual-e5-small,bn,23,16384.0,0.011342138868479306,411,0.66908230085464,0.7885577183022437,0.9608089058818985,0.9562954609196446,0.018699876451317692,0.8209245742092458,256,1.0,1.0,1.0
miracl,multilingual-e5-small,bn,31,16384.0,0.011342138868479306,411,0.6644407711793862,0.7836365040744603,0.9561058973467733,0.9563160342318524,0.018685469001209848,0.8236009732360098,256,1.0,1.0,1.0
miracl,multilingual-e5-small,bn,11,32768.0,0.007958795070825649,411,0.6726460364024345,0.8031861893175761,0.9621876568956862,0.9780643419458714,0.010140941320076929,0.8708029197080294,256,1.0,1.0,1.0
miracl,multilingual-e5-small,bn,23,32768.0,0.007958795070825649,411,0.6762333577375138,0.792581971961534,0.966283358436643,0.9780041378876415,0.010157366414871711,0.8759124087591241,256,1.0,1.0,1.0
miracl,multilingual-e5-small,bn,31,32768.0,0.007958795070825649,411,0.6755723599551858,0.7908006024794346,0.9631821341675356,0.9780147827754619,0.010148124382870766,0.8749391727493918,256,1.0,1.0,1.0
miracl,multilingual-e5-small,bn,raw,inf,0.0,411,0.6882742370034259,0.8082551268682656,0.9634621326227166,1.0,0.0,1.0,,,,
miracl,multilingual-e5-small,sw,11,0.5,16.1152530766871,482,0.0,0.0,0.0,0.004039085365253522,0.7369406260917193,0.0,256,0.0,0.0,0.5205078125
miracl,multilingual-e5-small,sw,23,0.5,16.1152530766871,482,0.0,0.0,0.0,0.0006646776343822902,0.7367643560717131,0.0,256,0.0,0.0,0.501953125
miracl,multilingual-e5-small,sw,31,0.5,16.1152530766871,482,0.0,0.0,0.0,0.002023874406915868,0.7368519552044284,0.00020746887966804981,256,0.0,0.0,0.510498046875
miracl,multilingual-e5-small,sw,11,1.0,8.449366228011328,482,0.0,0.0,0.0,0.005410826868122383,0.7348281327823395,0.0,256,0.0,0.0,0.52392578125
miracl,multilingual-e5-small,sw,23,1.0,8.449366228011328,482,0.0,0.0,0.0,0.0020365558675673498,0.734651810730968,0.0,256,0.0,0.0,0.503173828125
miracl,multilingual-e5-small,sw,31,1.0,8.449366228011328,482,0.0,0.0,0.0,0.0033948439406687333,0.7347394212585043,0.00020746887966804981,256,0.0,0.0,0.508056640625
miracl,multilingual-e5-small,sw,11,2.0,4.460957003325374,482,0.0,0.0,0.0,0.007989178050089462,0.7308579331509456,0.0,256,0.0,0.0,0.529541015625
miracl,multilingual-e5-small,sw,23,2.0,4.460957003325374,482,0.0,0.0,0.0,0.004615119244591577,0.7306815219159005,0.0,256,0.0,0.00390625,0.5166015625
miracl,multilingual-e5-small,sw,31,2.0,4.460957003325374,482,0.0,0.0,0.0,0.005971753142532082,0.730769151402437,0.00020746887966804981,256,0.0,0.0,0.531982421875
miracl,multilingual-e5-small,sw,11,4.0,2.3870395613531454,482,0.0,0.0,0.0,0.012735711844971642,0.7235523658396481,0.0,256,0.0,0.00390625,0.55224609375
miracl,multilingual-e5-small,sw,23,4.0,2.3870395613531454,482,0.0,0.0,0.0,0.009361892462032126,0.7233758197780888,0.0,256,0.0,0.0078125,0.545654296875
miracl,multilingual-e5-small,sw,31,4.0,2.3870395613531454,482,0.0,0.0,0.0,0.010715665110194344,0.7234634758197929,0.00020746887966804981,256,0.0,0.0,0.5517578125
miracl,multilingual-e5-small,sw,11,8.0,1.3058720745872001,482,0.0,0.0,0.0,0.02119356461678857,0.7105542617375711,0.0,256,0.0,0.0078125,0.621826171875
miracl,multilingual-e5-small,sw,23,8.0,1.3058720745872001,482,0.0,0.0,0.0006915629322268326,0.01781970519077004,0.7103775696346827,0.0,256,0.0,0.01171875,0.587890625
miracl,multilingual-e5-small,sw,31,8.0,1.3058720745872001,482,0.0,0.0,0.0,0.019168970645557292,0.7104652463406756,0.00020746887966804981,256,0.0,0.0,0.6044921875
miracl,multilingual-e5-small,sw,11,16.0,0.73722405290227,482,0.0,0.0,0.0,0.03562300851325401,0.688484336672202,0.0,256,0.0,0.01953125,0.6796875
miracl,multilingual-e5-small,sw,23,16.0,0.73722405290227,482,0.0,0.0,0.0006915629322268326,0.03224781926483867,0.6883076713190801,0.0,256,0.0078125,0.02734375,0.671630859375
miracl,multilingual-e5-small,sw,31,16.0,0.73722405290227,482,0.0,0.0,0.0006915629322268326,0.03359112875259012,0.688395305780089,0.00020746887966804981,256,0.0,0.00390625,0.67822265625
miracl,multilingual-e5-small,sw,11,32.0,0.43237492535347166,482,0.0,0.0,0.0,0.059103438659118525,0.6530574664393723,0.00020746887966804981,256,0.0,0.04296875,0.798583984375
miracl,multilingual-e5-small,sw,23,32.0,0.43237492535347166,482,0.0,0.0,0.0017289073305670815,0.05572335052626299,0.6528815631205434,0.0,256,0.01953125,0.0546875,0.781494140625
miracl,multilingual-e5-small,sw,31,32.0,0.43237492535347166,482,0.0,0.0,0.0006915629322268326,0.05706146044342516,0.6529689292402862,0.00020746887966804981,256,0.00390625,0.05078125,0.7822265625
miracl,multilingual-e5-small,sw,11,64.0,0.26380843334171206,482,0.0,0.0,0.004149377593360996,0.09583820169711246,0.5995455425176903,0.00020746887966804981,256,0.03125,0.16796875,0.917724609375
miracl,multilingual-e5-small,sw,23,64.0,0.26380843334171206,482,0.0,0.0,0.0017289073305670815,0.09244696374735435,0.5993724455973282,0.0,256,0.046875,0.15234375,0.89697265625
miracl,multilingual-e5-small,sw,31,64.0,0.26380843334171206,482,0.0,0.0,0.005705394190871369,0.09378671895517172,0.5994589502105577,0.00041493775933609963,256,0.05078125,0.16796875,0.90478515625
miracl,multilingual-e5-small,sw,11,128.0,0.16683264581484528,482,0.0,0.0,0.00975103734439834,0.15203487716544095,0.5239871892320637,0.001037344398340249,256,0.23828125,0.5234375,0.984619140625
miracl,multilingual-e5-small,sw,23,128.0,0.16683264581484528,482,0.0009605805775732669,0.0017289073305670815,0.007330567081604427,0.14863220594473744,0.5238213303616139,0.001037344398340249,256,0.25390625,0.51171875,0.982666015625
miracl,multilingual-e5-small,sw,31,128.0,0.16683264581484528,482,0.00077988866363321,0.0013831258644536651,0.009508990318118948,0.14998977766647265,0.5239057218531588,0.0016597510373443985,256,0.23828125,0.5234375,0.977783203125
miracl,multilingual-e5-small,sw,11,256.0,0.10865852949393662,482,0.0034770075384905176,0.006224066390041493,0.052025291444378584,0.237161642404142,0.4262107819075472,0.006016597510373444,256,0.75390625,0.94921875,0.999267578125
miracl,multilingual-e5-small,sw,23,256.0,0.10865852949393662,482,0.004322949620826924,0.007330567081604426,0.04439834024896265,0.23379842102258563,0.426059611612953,0.004771784232365145,256,0.73828125,0.93359375,0.99853515625
miracl,multilingual-e5-small,sw,31,256.0,0.10865852949393662,482,0.006461064837199604,0.009163208852005531,0.03259237304880458,0.2351862962301754,0.42613976729619313,0.006639004149377594,256,0.75390625,0.92578125,0.998779296875
miracl,multilingual-e5-small,sw,11,512.0,0.0723951243591535,482,0.03889279150799732,0.06395475202529144,0.20130409010077058,0.3622307556038105,0.314673546324068,0.03609958506224066,256,0.984375,1.0,1.0
miracl,multilingual-e5-small,sw,23,512.0,0.0723951243591535,482,0.049275442999744394,0.07325627346374235,0.19012052953961667,0.35912838190978524,0.3145458239640081,0.03672199170124482,256,0.98828125,1.0,1.0
miracl,multilingual-e5-small,sw,31,512.0,0.0723951243591535,482,0.036710949384184156,0.05005433708753211,0.16566884015016795,0.36048642935794906,0.31461893132174834,0.03630705394190872,256,0.98046875,1.0,1.0
miracl,multilingual-e5-small,sw,11,1024.0,0.049054348512207455,482,0.23145138535327786,0.3193736415728117,0.542780576961075,0.5257169177736242,0.2076529832910702,0.15684647302904567,256,1.0,1.0,1.0
miracl,multilingual-e5-small,sw,23,1024.0,0.049054348512207455,482,0.22884496810461213,0.3017214977277218,0.5160640189685832,0.5233255627191901,0.20755423452252453,0.1641078838174274,256,1.0,1.0,1.0
miracl,multilingual-e5-small,sw,31,1024.0,0.049054348512207455,482,0.2041006511904228,0.2771537245603636,0.5403576368306658,0.5244285144226244,0.20761740873258822,0.1699170124481328,256,0.99609375,1.0,1.0
miracl,multilingual-e5-small,sw,11,2048.0,0.03364862959799442,482,0.47028740531193364,0.5913974510966212,0.7986563920173879,0.6941729936558573,0.1234483201402609,0.38755186721991697,256,1.0,1.0,1.0
miracl,multilingual-e5-small,sw,23,2048.0,0.03364862959799442,482,0.4599750049760165,0.5752124086148982,0.7937833432128037,0.6927790319735652,0.12337766493637024,0.3863070539419087,256,1.0,1.0,1.0
miracl,multilingual-e5-small,sw,31,2048.0,0.03364862959799442,482,0.44317374775085927,0.5735674767832445,0.7989848844101957,0.6934076942995159,0.12342889860470672,0.3985477178423236,256,1.0,1.0,1.0
miracl,multilingual-e5-small,sw,11,4096.0,0.023285155746839942,482,0.6030698582750232,0.7123765066192452,0.8998246393993283,0.8249738563297132,0.06811263819961974,0.58298755186722,256,1.0,1.0,1.0
miracl,multilingual-e5-small,sw,23,4096.0,0.023285155746839942,482,0.5768798469918863,0.6945465323058685,0.8827924323256274,0.8243499808013962,0.06806446241257165,0.5761410788381742,256,1.0,1.0,1.0
miracl,multilingual-e5-small,sw,31,4096.0,0.023285155746839942,482,0.5834367883136604,0.7043296779292629,0.8875691562932226,0.8245824072997435,0.06810364105358423,0.5763485477178424,256,1.0,1.0,1.0
miracl,multilingual-e5-small,sw,11,8192.0,0.01621503157066274,482,0.6455069258658592,0.7573132780082987,0.9298063623789765,0.9068287074126794,0.03616751677475339,0.7049792531120332,256,1.0,1.0,1.0
miracl,multilingual-e5-small,sw,23,8192.0,0.01621503157066274,482,0.6365995867858577,0.7523809523809524,0.9184721398933017,0.9065964631037706,0.03613531280079439,0.7126556016597511,256,1.0,1.0,1.0
miracl,multilingual-e5-small,sw,31,8192.0,0.01621503157066274,482,0.6352151488904597,0.7524328196008694,0.9338248369887373,0.9066424607970344,0.036164058958485686,0.7033195020746889,256,1.0,1.0,1.0
miracl,multilingual-e5-small,sw,11,16384.0,0.011342138868479306,482,0.6653695214606394,0.7703492392807746,0.9394042679312389,0.9521951071793311,0.019083032913293593,0.7914937759336099,256,1.0,1.0,1.0
miracl,multilingual-e5-small,sw,23,16384.0,0.011342138868479306,482,0.6582289257075472,0.7687734637423433,0.9404811302114207,0.9521202087056249,0.01906165763337012,0.7939834024896266,256,1.0,1.0,1.0
miracl,multilingual-e5-small,sw,31,16384.0,0.011342138868479306,482,0.6580401342221552,0.7709667061845485,0.9438179213594152,0.952109830535316,0.019082191816426747,0.787344398340249,256,1.0,1.0,1.0
miracl,multilingual-e5-small,sw,11,32768.0,0.007958795070825649,482,0.6747962448077066,0.7808807547915432,0.9451146018573405,0.9758894451809085,0.010276595099360089,0.849585062240664,256,1.0,1.0,1.0
miracl,multilingual-e5-small,sw,23,32768.0,0.007958795070825649,482,0.6633868818593724,0.7812907528156492,0.9429213594151352,0.9758693116071107,0.010262559591508095,0.8500000000000001,256,1.0,1.0,1.0
miracl,multilingual-e5-small,sw,31,32768.0,0.007958795070825649,482,0.6692387536159476,0.7800632286109463,0.9457938154514919,0.975851104200437,0.010276884765017131,0.8448132780082989,256,1.0,1.0,1.0
miracl,multilingual-e5-small,sw,raw,inf,0.0,482,0.6795075081358255,0.7904218533886584,0.9460531515510768,1.0,0.0,1.0,,,,
