k_fraction,k,rotation,R_knowledge,sample_id,is_pii,bleu,token_overlap,exact_match
1.0,768,off,n/a,0,0,0.2615896562792083,0.3235294117647059,0
1.0,768,off,n/a,1,0,0.20964220366384295,0.38461538461538464,0
1.0,768,off,n/a,2,0,0.009554214533616193,0.17647058823529413,0
1.0,768,off,n/a,3,0,0.012635545051501471,0.24074074074074073,0
1.0,768,off,n/a,4,0,0.028628741661173674,0.4230769230769231,0
1.0,768,off,n/a,5,0,0.038015566318814725,0.37037037037037035,0
1.0,768,off,n/a,6,0,0.04539830812627177,0.16981132075471697,0
1.0,768,off,n/a,7,0,0.018269740851017544,0.20512820512820512,0
1.0,768,off,n/a,8,0,0.24884313156806515,0.38235294117647056,0
1.0,768,off,n/a,9,0,0.1755122739839101,0.4,0
1.0,768,off,n/a,10,0,0.021728313600957765,0.2,0
1.0,768,off,n/a,11,0,0.0887698486309722,0.2641509433962264,0
1.0,768,off,n/a,12,0,0.01474487399725162,0.21739130434782608,0
1.0,768,off,n/a,13,0,0.012579168525323094,0.1702127659574468,0
1.0,768,off,n/a,14,0,0.023628460708190645,0.15789473684210525,0
1.0,768,off,n/a,15,0,0.017949546170042567,0.3170731707317073,0
1.0,768,off,n/a,16,0,0.009977778633782259,0.2653061224489796,0
1.0,768,off,n/a,17,0,0.02975858216526934,0.3448275862068966,0
1.0,768,off,n/a,18,0,0.4302123694194221,0.6666666666666666,0
1.0,768,off,n/a,19,0,0.10013585030594425,0.23728813559322035,0
1.0,768,off,n/a,20,0,0.022641417277045058,0.3953488372093023,0
1.0,768,off,n/a,21,0,0.040089815906885026,0.40625,0
1.0,768,off,n/a,22,0,0.01703226708693283,0.25,0
1.0,768,off,n/a,23,0,0.00454570810831154,0.2,0
1.0,768,off,n/a,24,0,0.1835078522056408,0.4411764705882353,0
1.0,768,off,n/a,25,0,0.042426697362704165,0.3333333333333333,0
1.0,768,off,n/a,26,0,0.01830903690260113,0.38095238095238093,0
1.0,768,off,n/a,27,0,0.08148473259457632,0.6538461538461539,0
1.0,768,off,n/a,28,0,0.004071795515174283,0.11475409836065574,0
1.0,768,off,n/a,29,0,0.04701543354264407,0.2682926829268293,0
1.0,768,off,n/a,30,0,0.1905195539361548,0.45161290322580644,0
1.0,768,off,n/a,31,0,0.02129346683228109,0.30303030303030304,0
1.0,768,off,n/a,32,0,0.0045179187937162985,0.13725490196078433,0
1.0,768,off,n/a,33,0,0.020352109759235574,0.2619047619047619,0
1.0,768,off,n/a,34,0,0.014262785336394603,0.35,0
1.0,768,off,n/a,35,0,0.034535728040897815,0.20408163265306123,0
1.0,768,off,n/a,36,0,0.07832899330004495,0.4,0
1.0,768,off,n/a,37,0,0.10701686326391545,0.24324324324324326,0
1.0,768,off,n/a,38,0,0.11831478092790397,0.2926829268292683,0
1.0,768,off,n/a,39,0,0.20177630623869433,0.3611111111111111,0
1.0,768,off,n/a,40,0,0.05203843315109319,0.39473684210526316,0
1.0,768,off,n/a,41,0,0.16550395551384228,0.4857142857142857,0
1.0,768,off,n/a,42,0,0.012148349670125432,0.16393442622950818,0
1.0,768,off,n/a,43,0,0.2751778842391405,0.46875,0
1.0,768,off,n/a,44,0,0.1055181059563217,0.3142857142857143,0
1.0,768,off,n/a,45,0,0.019092394496869846,0.2682926829268293,0
1.0,768,off,n/a,46,0,0.0054813691126599845,0.15217391304347827,0
1.0,768,off,n/a,47,0,0.08121378227010183,0.375,0
1.0,768,off,n/a,48,0,0.009579879540398508,0.16666666666666666,0
1.0,768,off,n/a,49,0,0.0723173726372851,0.5483870967741935,0
1.0,768,off,n/a,50,1,0.21951524426618454,0.48,0
1.0,768,off,n/a,51,1,0.028489318277723965,0.4,0
1.0,768,off,n/a,52,1,0.11991831735796181,0.8181818181818182,0
1.0,768,off,n/a,53,1,0.48415247130346006,0.4444444444444444,0
1.0,768,off,n/a,54,1,0.030336688657626655,0.375,0
1.0,768,off,n/a,55,1,0.13092816081223754,0.25,0
1.0,768,off,n/a,56,1,0.4578831372133982,0.5263157894736842,0
1.0,768,off,n/a,57,1,0.453752671426829,0.52,0
1.0,768,off,n/a,58,1,0.23418123261847468,0.375,0
1.0,768,off,n/a,59,1,0.05856458233275369,0.35714285714285715,0
1.0,768,off,n/a,60,1,0.3334477432809602,0.3888888888888889,0
1.0,768,off,n/a,61,1,0.22894156860669912,0.38095238095238093,0
1.0,768,off,n/a,62,1,0.35928397241636345,0.45,0
1.0,768,off,n/a,63,1,0.342347495586902,0.5,0
1.0,768,off,n/a,64,1,0.22653245809351227,0.38095238095238093,0
1.0,768,off,n/a,65,1,0.3980668738240055,0.43333333333333335,0
1.0,768,off,n/a,66,1,0.06692987524817784,0.3333333333333333,0
1.0,768,off,n/a,67,1,0.03521555586746717,0.36,0
1.0,768,off,n/a,68,1,0.2082198320914845,0.375,0
1.0,768,off,n/a,69,1,0.0497074547280084,0.3225806451612903,0
1.0,768,off,n/a,70,1,0.08293052535578585,0.4782608695652174,0
1.0,768,off,n/a,71,1,0.1169455115701007,0.5,0
1.0,768,off,n/a,72,1,0.05993031480537873,0.24,0
1.0,768,off,n/a,73,1,0.1609791748450962,0.4230769230769231,0
1.0,768,off,n/a,74,1,0.03312498979466406,0.25,0
1.0,768,off,n/a,75,1,0.18951629567590741,0.36363636363636365,0
1.0,768,off,n/a,76,1,0.030315220995909435,0.35,0
1.0,768,off,n/a,77,1,0.21690365808279138,0.3548387096774194,0
1.0,768,off,n/a,78,1,0.6460908745221957,0.9,0
1.0,768,off,n/a,79,1,0.22894156860669912,0.4444444444444444,0
1.0,768,off,n/a,80,1,0.25590356077469273,0.4090909090909091,0
1.0,768,off,n/a,81,1,0.11856660123276004,0.25,0
1.0,768,off,n/a,82,1,0.5038920485259633,0.6111111111111112,0
1.0,768,off,n/a,83,1,0.05778270843348365,0.5714285714285714,0
1.0,768,off,n/a,84,1,0.08216107324922536,0.45454545454545453,0
1.0,768,off,n/a,85,1,0.5089175114935747,0.5416666666666666,0
1.0,768,off,n/a,86,1,0.17894177180728454,0.42857142857142855,0
1.0,768,off,n/a,87,1,0.5546529301138192,0.65,0
1.0,768,off,n/a,88,1,0.03187271473320672,0.20833333333333334,0
1.0,768,off,n/a,89,1,0.3955040035780088,0.5,0
1.0,768,off,n/a,90,1,0.5564924657670628,0.75,0
1.0,768,off,n/a,91,1,0.32014060615821366,0.6666666666666666,0
1.0,768,off,n/a,92,1,0.27151607333166955,0.42857142857142855,0
1.0,768,off,n/a,93,1,0.12070536192035684,0.6153846153846154,0
1.0,768,off,n/a,94,1,0.16467029855845897,0.2857142857142857,0
1.0,768,off,n/a,95,1,0.015663840573309693,0.28,0
1.0,768,off,n/a,96,1,0.06941681530093603,0.4090909090909091,0
1.0,768,off,n/a,97,1,0.19422069098763883,0.3333333333333333,0
1.0,768,off,n/a,98,1,0.6272128270670907,0.9090909090909091,0
1.0,768,off,n/a,99,1,0.4428500142691474,0.6923076923076923,0
1.0,768,on,known,0,0,0.2615896562792083,0.3235294117647059,0
1.0,768,on,known,1,0,0.20964220366384295,0.38461538461538464,0
1.0,768,on,known,2,0,0.009554214533616193,0.17647058823529413,0
1.0,768,on,known,3,0,0.012635545051501471,0.24074074074074073,0
1.0,768,on,known,4,0,0.028628741661173674,0.4230769230769231,0
1.0,768,on,known,5,0,0.038015566318814725,0.37037037037037035,0
1.0,768,on,known,6,0,0.04539830812627177,0.16981132075471697,0
1.0,768,on,known,7,0,0.018269740851017544,0.20512820512820512,0
1.0,768,on,known,8,0,0.24884313156806515,0.38235294117647056,0
1.0,768,on,known,9,0,0.1755122739839101,0.4,0
1.0,768,on,known,10,0,0.021728313600957765,0.2,0
1.0,768,on,known,11,0,0.0887698486309722,0.2641509433962264,0
1.0,768,on,known,12,0,0.01474487399725162,0.21739130434782608,0
1.0,768,on,known,13,0,0.012579168525323094,0.1702127659574468,0
1.0,768,on,known,14,0,0.023628460708190645,0.15789473684210525,0
1.0,768,on,known,15,0,0.017949546170042567,0.3170731707317073,0
1.0,768,on,known,16,0,0.009977778633782259,0.2653061224489796,0
1.0,768,on,known,17,0,0.02975858216526934,0.3448275862068966,0
1.0,768,on,known,18,0,0.4302123694194221,0.6666666666666666,0
1.0,768,on,known,19,0,0.10013585030594425,0.23728813559322035,0
1.0,768,on,known,20,0,0.022641417277045058,0.3953488372093023,0
1.0,768,on,known,21,0,0.040089815906885026,0.40625,0
1.0,768,on,known,22,0,0.01703226708693283,0.25,0
1.0,768,on,known,23,0,0.00454570810831154,0.2,0
1.0,768,on,known,24,0,0.1835078522056408,0.4411764705882353,0
1.0,768,on,known,25,0,0.042426697362704165,0.3333333333333333,0
1.0,768,on,known,26,0,0.01830903690260113,0.38095238095238093,0
1.0,768,on,known,27,0,0.08148473259457632,0.6538461538461539,0
1.0,768,on,known,28,0,0.004071795515174283,0.11475409836065574,0
1.0,768,on,known,29,0,0.04701543354264407,0.2682926829268293,0
1.0,768,on,known,30,0,0.1905195539361548,0.45161290322580644,0
1.0,768,on,known,31,0,0.02129346683228109,0.30303030303030304,0
1.0,768,on,known,32,0,0.0045179187937162985,0.13725490196078433,0
1.0,768,on,known,33,0,0.020352109759235574,0.2619047619047619,0
1.0,768,on,known,34,0,0.014262785336394603,0.35,0
1.0,768,on,known,35,0,0.034535728040897815,0.20408163265306123,0
1.0,768,on,known,36,0,0.07832899330004495,0.4,0
1.0,768,on,known,37,0,0.10701686326391545,0.24324324324324326,0
1.0,768,on,known,38,0,0.11831478092790397,0.2926829268292683,0
1.0,768,on,known,39,0,0.20177630623869433,0.3611111111111111,0
1.0,768,on,known,40,0,0.05203843315109319,0.39473684210526316,0
1.0,768,on,known,41,0,0.16550395551384228,0.4857142857142857,0
1.0,768,on,known,42,0,0.012148349670125432,0.16393442622950818,0
1.0,768,on,known,43,0,0.2751778842391405,0.46875,0
1.0,768,on,known,44,0,0.1055181059563217,0.3142857142857143,0
1.0,768,on,known,45,0,0.019092394496869846,0.2682926829268293,0
1.0,768,on,known,46,0,0.0054813691126599845,0.15217391304347827,0
1.0,768,on,known,47,0,0.08121378227010183,0.375,0
1.0,768,on,known,48,0,0.009579879540398508,0.16666666666666666,0
1.0,768,on,known,49,0,0.0723173726372851,0.5483870967741935,0
1.0,768,on,known,50,1,0.21951524426618454,0.48,0
1.0,768,on,known,51,1,0.028489318277723965,0.4,0
1.0,768,on,known,52,1,0.11991831735796181,0.8181818181818182,0
1.0,768,on,known,53,1,0.48415247130346006,0.4444444444444444,0
1.0,768,on,known,54,1,0.030336688657626655,0.375,0
1.0,768,on,known,55,1,0.13092816081223754,0.25,0
1.0,768,on,known,56,1,0.4578831372133982,0.5263157894736842,0
1.0,768,on,known,57,1,0.453752671426829,0.52,0
1.0,768,on,known,58,1,0.23418123261847468,0.375,0
1.0,768,on,known,59,1,0.05856458233275369,0.35714285714285715,0
1.0,768,on,known,60,1,0.3334477432809602,0.3888888888888889,0
1.0,768,on,known,61,1,0.22894156860669912,0.38095238095238093,0
1.0,768,on,known,62,1,0.35928397241636345,0.45,0
1.0,768,on,known,63,1,0.342347495586902,0.5,0
1.0,768,on,known,64,1,0.22653245809351227,0.38095238095238093,0
1.0,768,on,known,65,1,0.3980668738240055,0.43333333333333335,0
1.0,768,on,known,66,1,0.06692987524817784,0.3333333333333333,0
1.0,768,on,known,67,1,0.03521555586746717,0.36,0
1.0,768,on,known,68,1,0.2082198320914845,0.375,0
1.0,768,on,known,69,1,0.0497074547280084,0.3225806451612903,0
1.0,768,on,known,70,1,0.08293052535578585,0.4782608695652174,0
1.0,768,on,known,71,1,0.1169455115701007,0.5,0
1.0,768,on,known,72,1,0.05993031480537873,0.24,0
1.0,768,on,known,73,1,0.1609791748450962,0.4230769230769231,0
1.0,768,on,known,74,1,0.03312498979466406,0.25,0
1.0,768,on,known,75,1,0.18951629567590741,0.36363636363636365,0
1.0,768,on,known,76,1,0.030315220995909435,0.35,0
1.0,768,on,known,77,1,0.21690365808279138,0.3548387096774194,0
1.0,768,on,known,78,1,0.6460908745221957,0.9,0
1.0,768,on,known,79,1,0.22894156860669912,0.4444444444444444,0
1.0,768,on,known,80,1,0.25590356077469273,0.4090909090909091,0
1.0,768,on,known,81,1,0.11856660123276004,0.25,0
1.0,768,on,known,82,1,0.5038920485259633,0.6111111111111112,0
1.0,768,on,known,83,1,0.05778270843348365,0.5714285714285714,0
1.0,768,on,known,84,1,0.08216107324922536,0.45454545454545453,0
1.0,768,on,known,85,1,0.5089175114935747,0.5416666666666666,0
1.0,768,on,known,86,1,0.17894177180728454,0.42857142857142855,0
1.0,768,on,known,87,1,0.5546529301138192,0.65,0
1.0,768,on,known,88,1,0.03187271473320672,0.20833333333333334,0
1.0,768,on,known,89,1,0.3955040035780088,0.5,0
1.0,768,on,known,90,1,0.5564924657670628,0.75,0
1.0,768,on,known,91,1,0.32014060615821366,0.6666666666666666,0
1.0,768,on,known,92,1,0.27151607333166955,0.42857142857142855,0
1.0,768,on,known,93,1,0.12070536192035684,0.6153846153846154,0
1.0,768,on,known,94,1,0.16467029855845897,0.2857142857142857,0
1.0,768,on,known,95,1,0.015663840573309693,0.28,0
1.0,768,on,known,96,1,0.06941681530093603,0.4090909090909091,0
1.0,768,on,known,97,1,0.19422069098763883,0.3333333333333333,0
1.0,768,on,known,98,1,0.6272128270670907,0.9090909090909091,0
1.0,768,on,known,99,1,0.4428500142691474,0.6923076923076923,0
1.0,768,on,unknown,0,0,0.008542605852661332,0.08333333333333333,0
1.0,768,on,unknown,1,0,0.014054682713491752,0.11363636363636363,0
1.0,768,on,unknown,2,0,0.004316603697746946,0.0847457627118644,0
1.0,768,on,unknown,3,0,0.0018283878347218057,0.0625,0
1.0,768,on,unknown,4,0,0.010864991539917157,0.14285714285714285,0
1.0,768,on,unknown,5,0,0.015365418390819783,0.05,0
1.0,768,on,unknown,6,0,0.0027631434481887617,0.057692307692307696,0
1.0,768,on,unknown,7,0,0.006955484205593308,0.06976744186046512,0
1.0,768,on,unknown,8,0,0.0062037773303749814,0.043478260869565216,0
1.0,768,on,unknown,9,0,0.009561175266325604,0.14634146341463414,0
1.0,768,on,unknown,10,0,0.004486785920265743,0.07142857142857142,0
1.0,768,on,unknown,11,0,0.005046158582433459,0.06666666666666667,0
1.0,768,on,unknown,12,0,0.0027042262626390937,0.06382978723404255,0
1.0,768,on,unknown,13,0,0.004526087880019254,0.061224489795918366,0
1.0,768,on,unknown,14,0,0.003506846896408452,0.03333333333333333,0
1.0,768,on,unknown,15,0,0.005346941046605742,0.058823529411764705,0
1.0,768,on,unknown,16,0,0.0031393499869172502,0.10204081632653061,0
1.0,768,on,unknown,17,0,0.00956240657444202,0.07692307692307693,0
1.0,768,on,unknown,18,0,0.005279347789155559,0.03125,0
1.0,768,on,unknown,19,0,0.002586119147575861,0.03333333333333333,0
1.0,768,on,unknown,20,0,0.0,0.0,0
1.0,768,on,unknown,21,0,0.0,0.0,0
1.0,768,on,unknown,22,0,0.010882649604876475,0.07692307692307693,0
1.0,768,on,unknown,23,0,0.0014526653204116637,0.022222222222222223,0
1.0,768,on,unknown,24,0,0.003724294249160258,0.022222222222222223,0
1.0,768,on,unknown,25,0,0.00566252211631056,0.10638297872340426,0
1.0,768,on,unknown,26,0,0.012107875850716375,0.1111111111111111,0
1.0,768,on,unknown,27,0,0.009653392000388259,0.11363636363636363,0
1.0,768,on,unknown,28,0,0.0,0.0,0
1.0,768,on,unknown,29,0,0.006112564208388979,0.038461538461538464,0
1.0,768,on,unknown,30,0,0.009009113474307318,0.046511627906976744,0
1.0,768,on,unknown,31,0,0.006742910702712567,0.045454545454545456,0
1.0,768,on,unknown,32,0,0.012147416182132978,0.07407407407407407,0
1.0,768,on,unknown,33,0,0.0056429105690706345,0.03636363636363636,0
1.0,768,on,unknown,34,0,0.003184313337791854,0.017241379310344827,0
1.0,768,on,unknown,35,0,0.004696097964861966,0.10909090909090909,0
1.0,768,on,unknown,36,0,0.01291802583371725,0.1111111111111111,0
1.0,768,on,unknown,37,0,0.0,0.0,0
1.0,768,on,unknown,38,0,0.009917654966780487,0.0425531914893617,0
1.0,768,on,unknown,39,0,0.008415306574278593,0.08108108108108109,0
1.0,768,on,unknown,40,0,0.005926594624515584,0.10638297872340426,0
1.0,768,on,unknown,41,0,0.008397231943823998,0.06382978723404255,0
1.0,768,on,unknown,42,0,0.0013340183502630121,0.03571428571428571,0
1.0,768,on,unknown,43,0,0.006319882429788993,0.021739130434782608,0
1.0,768,on,unknown,44,0,0.009250348961589995,0.06976744186046512,0
1.0,768,on,unknown,45,0,0.0058223611864761755,0.02,0
1.0,768,on,unknown,46,0,0.005631174257572563,0.05555555555555555,0
1.0,768,on,unknown,47,0,0.006542088143860145,0.08333333333333333,0
1.0,768,on,unknown,48,0,0.005014686549355866,0.061224489795918366,0
1.0,768,on,unknown,49,0,0.00491849445259078,0.021739130434782608,0
1.0,768,on,unknown,50,1,0.007696339439306161,0.04878048780487805,0
1.0,768,on,unknown,51,1,0.0,0.0,0
1.0,768,on,unknown,52,1,0.006980361417366381,0.030303030303030304,0
1.0,768,on,unknown,53,1,0.009849349468888718,0.03125,0
1.0,768,on,unknown,54,1,0.0,0.0,0
1.0,768,on,unknown,55,1,0.006471824245088331,0.023809523809523808,0
1.0,768,on,unknown,56,1,0.006471824245088331,0.03333333333333333,0
1.0,768,on,unknown,57,1,0.008640609739997756,0.05,0
1.0,768,on,unknown,58,1,0.007575731225158965,0.02857142857142857,0
1.0,768,on,unknown,59,1,0.012021577610863726,0.09375,0
1.0,768,on,unknown,60,1,0.0,0.0,0
1.0,768,on,unknown,61,1,0.006980361417366381,0.02631578947368421,0
1.0,768,on,unknown,62,1,0.007913247271422612,0.029411764705882353,0
1.0,768,on,unknown,63,1,0.010862721615727716,0.06896551724137931,0
1.0,768,on,unknown,64,1,0.0,0.0,0
1.0,768,on,unknown,65,1,0.010900096978029118,0.08333333333333333,0
1.0,768,on,unknown,66,1,0.01284618972676772,0.07692307692307693,0
1.0,768,on,unknown,67,1,0.010862721615727716,0.06666666666666667,0
1.0,768,on,unknown,68,1,0.008839374326825921,0.08108108108108109,0
1.0,768,on,unknown,69,1,0.008517399705356638,0.07894736842105263,0
1.0,768,on,unknown,70,1,0.014216645907653848,0.0967741935483871,0
1.0,768,on,unknown,71,1,0.014216645907653848,0.1,0
1.0,768,on,unknown,72,1,0.0,0.0,0
1.0,768,on,unknown,73,1,0.007696339439306161,0.05555555555555555,0
1.0,768,on,unknown,74,1,0.010182425646195498,0.03571428571428571,0
1.0,768,on,unknown,75,1,0.009009113474307318,0.0625,0
1.0,768,on,unknown,76,1,0.006244385951234721,0.03571428571428571,0
1.0,768,on,unknown,77,1,0.010182425646195498,0.027777777777777776,0
1.0,768,on,unknown,78,1,0.0,0.0,0
1.0,768,on,unknown,79,1,0.007425868202031369,0.05263157894736842,0
1.0,768,on,unknown,80,1,0.010900096978029118,0.06896551724137931,0
1.0,768,on,unknown,81,1,0.007575731225158965,0.027777777777777776,0
1.0,768,on,unknown,82,1,0.01340082578177889,0.11538461538461539,0
1.0,768,on,unknown,83,1,0.006471824245088331,0.02857142857142857,0
1.0,768,on,unknown,84,1,0.01284618972676772,0.07142857142857142,0
1.0,768,on,unknown,85,1,0.009009113474307318,0.04878048780487805,0
1.0,768,on,unknown,86,1,0.0,0.0,0
1.0,768,on,unknown,87,1,0.011328360454400999,0.14705882352941177,0
1.0,768,on,unknown,88,1,0.008301095462822575,0.0625,0
1.0,768,on,unknown,89,1,0.011712916466550741,0.10810810810810811,0
1.0,768,on,unknown,90,1,0.0,0.0,0
1.0,768,on,unknown,91,1,0.006244385951234721,0.02564102564102564,0
1.0,768,on,unknown,92,1,0.0,0.0,0
1.0,768,on,unknown,93,1,0.006938247178254633,0.02564102564102564,0
1.0,768,on,unknown,94,1,0.011502783619900045,0.045454545454545456,0
1.0,768,on,unknown,95,1,0.010331208012220438,0.0625,0
1.0,768,on,unknown,96,1,0.009629943614188135,0.034482758620689655,0
1.0,768,on,unknown,97,1,0.0,0.0,0
1.0,768,on,unknown,98,1,0.006032401726201458,0.02857142857142857,0
1.0,768,on,unknown,99,1,0.006471824245088331,0.02631578947368421,0
0.75,576,off,n/a,0,0,0.05078851270948726,0.2702702702702703,0
0.75,576,off,n/a,1,0,0.14838454336499776,0.3684210526315789,0
0.75,576,off,n/a,2,0,0.00788654378008853,0.1346153846153846,0
0.75,576,off,n/a,3,0,0.0056638731631712515,0.2641509433962264,0
0.75,576,off,n/a,4,0,0.03275351849163256,0.37037037037037035,0
0.75,576,off,n/a,5,0,0.016496030276404137,0.4583333333333333,0
0.75,576,off,n/a,6,0,0.04666468107523477,0.24,0
0.75,576,off,n/a,7,0,0.01924081929344897,0.20512820512820512,0
0.75,576,off,n/a,8,0,0.23005099844493765,0.28205128205128205,0
0.75,576,off,n/a,9,0,0.027136134360215107,0.2894736842105263,0
0.75,576,off,n/a,10,0,0.02457007259797172,0.2826086956521739,0
0.75,576,off,n/a,11,0,0.011374052632760045,0.22807017543859648,0
0.75,576,off,n/a,12,0,0.03338187673842938,0.25,0
0.75,576,off,n/a,13,0,0.012921495608955346,0.17777777777777778,0
0.75,576,off,n/a,14,0,0.010096134241753825,0.15789473684210525,0
0.75,576,off,n/a,15,0,0.03697494608971694,0.35714285714285715,0
0.75,576,off,n/a,16,0,0.010226077224282011,0.24444444444444444,0
0.75,576,off,n/a,17,0,0.06783489805070002,0.5833333333333334,0
0.75,576,off,n/a,18,0,0.2905929474273868,0.5,0
0.75,576,off,n/a,19,0,0.020161784914365037,0.25862068965517243,0
0.75,576,off,n/a,20,0,0.09933542583605165,0.425,0
0.75,576,off,n/a,21,0,0.043266485247282715,0.3939393939393939,0
0.75,576,off,n/a,22,0,0.007345682410146563,0.21739130434782608,0
0.75,576,off,n/a,23,0,0.004107510954495825,0.13636363636363635,0
0.75,576,off,n/a,24,0,0.1781287336596295,0.47058823529411764,0
0.75,576,off,n/a,25,0,0.037511918066661855,0.23255813953488372,0
0.75,576,off,n/a,26,0,0.05316108566310755,0.46153846153846156,0
0.75,576,off,n/a,27,0,0.033895405913625415,0.6071428571428571,0
0.75,576,off,n/a,28,0,0.0011786393912056792,0.1,0
0.75,576,off,n/a,29,0,0.03911527151432722,0.22727272727272727,0
0.75,576,off,n/a,30,0,0.18702229635553191,0.38235294117647056,0
0.75,576,off,n/a,31,0,0.021568224699344177,0.25,0
0.75,576,off,n/a,32,0,0.020005490422631552,0.1320754716981132,0
0.75,576,off,n/a,33,0,0.01849646990927796,0.21739130434782608,0
0.75,576,off,n/a,34,0,0.03091680648494365,0.34146341463414637,0
0.75,576,off,n/a,35,0,0.027387767426829548,0.2127659574468085,0
0.75,576,off,n/a,36,0,0.024534246787477416,0.3235294117647059,0
0.75,576,off,n/a,37,0,0.04645580661305293,0.375,0
0.75,576,off,n/a,38,0,0.053430462957183136,0.2682926829268293,0
0.75,576,off,n/a,39,0,0.05981733869830069,0.48484848484848486,0
0.75,576,off,n/a,40,0,0.14208941175722506,0.24390243902439024,0
0.75,576,off,n/a,41,0,0.46667757308213925,0.5757575757575758,0
0.75,576,off,n/a,42,0,0.023525031959346163,0.2033898305084746,0
0.75,576,off,n/a,43,0,0.07477485290383126,0.45454545454545453,0
0.75,576,off,n/a,44,0,0.04532945300827757,0.2972972972972973,0
0.75,576,off,n/a,45,0,0.01991767881624112,0.4,0
0.75,576,off,n/a,46,0,0.004783287155858221,0.10204081632653061,0
0.75,576,off,n/a,47,0,0.07990319708731866,0.3939393939393939,0
0.75,576,off,n/a,48,0,0.007791203762150184,0.14,0
0.75,576,off,n/a,49,0,0.05531894082612914,0.29411764705882354,0
0.75,576,off,n/a,50,1,0.05302459604351236,0.25,0
0.75,576,off,n/a,51,1,0.032670148299597246,0.47619047619047616,0
0.75,576,off,n/a,52,1,0.13471766853689124,0.375,0
0.75,576,off,n/a,53,1,0.07242879148352695,0.3333333333333333,0
0.75,576,off,n/a,54,1,0.014296145628396562,0.23076923076923078,0
0.75,576,off,n/a,55,1,0.05856458233275369,0.35714285714285715,0
0.75,576,off,n/a,56,1,0.14253911354181859,0.3076923076923077,0
0.75,576,off,n/a,57,1,0.20870371467330825,0.3793103448275862,0
0.75,576,off,n/a,58,1,0.0887067909105404,0.375,0
0.75,576,off,n/a,59,1,0.052375457848575946,0.2903225806451613,0
0.75,576,off,n/a,60,1,0.03182084684007777,0.34782608695652173,0
0.75,576,off,n/a,61,1,0.17509131039045966,0.391304347826087,0
0.75,576,off,n/a,62,1,0.027219913803267486,0.1875,0
0.75,576,off,n/a,63,1,0.16195570128532405,0.4,0
0.75,576,off,n/a,64,1,0.0756083295989952,0.30434782608695654,0
0.75,576,off,n/a,65,1,0.07575731225158963,0.3,0
0.75,576,off,n/a,66,1,0.023530711690995257,0.4074074074074074,0
0.75,576,off,n/a,67,1,0.08359764098433711,0.4,0
0.75,576,off,n/a,68,1,0.038419068302517345,0.3333333333333333,0
0.75,576,off,n/a,69,1,0.052375457848575946,0.2903225806451613,0
0.75,576,off,n/a,70,1,0.05856458233275369,0.35714285714285715,0
0.75,576,off,n/a,71,1,0.0887067909105404,0.391304347826087,0
0.75,576,off,n/a,72,1,0.03575297164449809,0.25,0
0.75,576,off,n/a,73,1,0.17004630721751066,0.37037037037037035,0
0.75,576,off,n/a,74,1,0.026943533707378245,0.25925925925925924,0
0.75,576,off,n/a,75,1,0.05796994103455468,0.2962962962962963,0
0.75,576,off,n/a,76,1,0.02437335780421313,0.3103448275862069,0
0.75,576,off,n/a,77,1,0.02556795749489219,0.28125,0
0.75,576,off,n/a,78,1,0.28025542898280414,0.4666666666666667,0
0.75,576,off,n/a,79,1,0.04104424101861004,0.42105263157894735,0
0.75,576,off,n/a,80,1,0.23114663823833642,0.47619047619047616,0
0.75,576,off,n/a,81,1,0.13380161378318955,0.32142857142857145,0
0.75,576,off,n/a,82,1,0.1392908359945467,0.4166666666666667,0
0.75,576,off,n/a,83,1,0.06393430688266227,0.4,0
0.75,576,off,n/a,84,1,0.06584489234269124,0.375,0
0.75,576,off,n/a,85,1,0.22169194554222996,0.35714285714285715,0
0.75,576,off,n/a,86,1,0.14411291670643006,0.42857142857142855,0
0.75,576,off,n/a,87,1,0.1627934873162478,0.41379310344827586,0
0.75,576,off,n/a,88,1,0.030123786461877352,0.23076923076923078,0
0.75,576,off,n/a,89,1,0.24397522905013178,0.34615384615384615,0
0.75,576,off,n/a,90,1,0.1336412760311249,0.30434782608695654,0
0.75,576,off,n/a,91,1,0.12586347848916266,0.3333333333333333,0
0.75,576,off,n/a,92,1,0.15573188896329046,0.34782608695652173,0
0.75,576,off,n/a,93,1,0.0712695567709093,0.36363636363636365,0
0.75,576,off,n/a,94,1,0.02598161264714833,0.2916666666666667,0
0.75,576,off,n/a,95,1,0.06892964965915206,0.28,0
0.75,576,off,n/a,96,1,0.027219913803267486,0.2413793103448276,0
0.75,576,off,n/a,97,1,0.04062321879124208,0.47619047619047616,0
0.75,576,off,n/a,98,1,0.05949757664833034,0.25,0
0.75,576,off,n/a,99,1,0.12409597120849801,0.375,0
0.75,576,on,known,0,0,0.05078851270948726,0.2702702702702703,0
0.75,576,on,known,1,0,0.14838454336499776,0.3684210526315789,0
0.75,576,on,known,2,0,0.00788654378008853,0.1346153846153846,0
0.75,576,on,known,3,0,0.0056638731631712515,0.2641509433962264,0
0.75,576,on,known,4,0,0.03275351849163256,0.37037037037037035,0
0.75,576,on,known,5,0,0.016496030276404137,0.4583333333333333,0
0.75,576,on,known,6,0,0.04666468107523477,0.24,0
0.75,576,on,known,7,0,0.01924081929344897,0.20512820512820512,0
0.75,576,on,known,8,0,0.23005099844493765,0.28205128205128205,0
0.75,576,on,known,9,0,0.027136134360215107,0.2894736842105263,0
0.75,576,on,known,10,0,0.02457007259797172,0.2826086956521739,0
0.75,576,on,known,11,0,0.011374052632760045,0.22807017543859648,0
0.75,576,on,known,12,0,0.03338187673842938,0.25,0
0.75,576,on,known,13,0,0.012921495608955346,0.17777777777777778,0
0.75,576,on,known,14,0,0.010096134241753825,0.15789473684210525,0
0.75,576,on,known,15,0,0.03697494608971694,0.35714285714285715,0
0.75,576,on,known,16,0,0.010226077224282011,0.24444444444444444,0
0.75,576,on,known,17,0,0.06783489805070002,0.5833333333333334,0
0.75,576,on,known,18,0,0.2905929474273868,0.5,0
0.75,576,on,known,19,0,0.020161784914365037,0.25862068965517243,0
0.75,576,on,known,20,0,0.09933542583605165,0.425,0
0.75,576,on,known,21,0,0.043266485247282715,0.3939393939393939,0
0.75,576,on,known,22,0,0.007345682410146563,0.21739130434782608,0
0.75,576,on,known,23,0,0.004107510954495825,0.13636363636363635,0
0.75,576,on,known,24,0,0.1781287336596295,0.47058823529411764,0
0.75,576,on,known,25,0,0.037511918066661855,0.23255813953488372,0
0.75,576,on,known,26,0,0.05316108566310755,0.46153846153846156,0
0.75,576,on,known,27,0,0.033895405913625415,0.6071428571428571,0
0.75,576,on,known,28,0,0.0011786393912056792,0.1,0
0.75,576,on,known,29,0,0.03911527151432722,0.22727272727272727,0
0.75,576,on,known,30,0,0.18702229635553191,0.38235294117647056,0
0.75,576,on,known,31,0,0.021568224699344177,0.25,0
0.75,576,on,known,32,0,0.020005490422631552,0.1320754716981132,0
0.75,576,on,known,33,0,0.01849646990927796,0.21739130434782608,0
0.75,576,on,known,34,0,0.03091680648494365,0.34146341463414637,0
0.75,576,on,known,35,0,0.027387767426829548,0.2127659574468085,0
0.75,576,on,known,36,0,0.024534246787477416,0.3235294117647059,0
0.75,576,on,known,37,0,0.04645580661305293,0.375,0
0.75,576,on,known,38,0,0.053430462957183136,0.2682926829268293,0
0.75,576,on,known,39,0,0.05981733869830069,0.48484848484848486,0
0.75,576,on,known,40,0,0.14208941175722506,0.24390243902439024,0
0.75,576,on,known,41,0,0.46667757308213925,0.5757575757575758,0
0.75,576,on,known,42,0,0.023525031959346163,0.2033898305084746,0
0.75,576,on,known,43,0,0.07477485290383126,0.45454545454545453,0
0.75,576,on,known,44,0,0.04532945300827757,0.2972972972972973,0
0.75,576,on,known,45,0,0.01991767881624112,0.4,0
0.75,576,on,known,46,0,0.004783287155858221,0.10204081632653061,0
0.75,576,on,known,47,0,0.07990319708731866,0.3939393939393939,0
0.75,576,on,known,48,0,0.007791203762150184,0.14,0
0.75,576,on,known,49,0,0.05531894082612914,0.29411764705882354,0
0.75,576,on,known,50,1,0.05302459604351236,0.25,0
0.75,576,on,known,51,1,0.032670148299597246,0.47619047619047616,0
0.75,576,on,known,52,1,0.13471766853689124,0.375,0
0.75,576,on,known,53,1,0.07242879148352695,0.3333333333333333,0
0.75,576,on,known,54,1,0.014296145628396562,0.23076923076923078,0
0.75,576,on,known,55,1,0.05856458233275369,0.35714285714285715,0
0.75,576,on,known,56,1,0.14253911354181859,0.3076923076923077,0
0.75,576,on,known,57,1,0.20870371467330825,0.3793103448275862,0
0.75,576,on,known,58,1,0.0887067909105404,0.375,0
0.75,576,on,known,59,1,0.052375457848575946,0.2903225806451613,0
0.75,576,on,known,60,1,0.03182084684007777,0.34782608695652173,0
0.75,576,on,known,61,1,0.17509131039045966,0.391304347826087,0
0.75,576,on,known,62,1,0.027219913803267486,0.1875,0
0.75,576,on,known,63,1,0.16195570128532405,0.4,0
0.75,576,on,known,64,1,0.0756083295989952,0.30434782608695654,0
0.75,576,on,known,65,1,0.07575731225158963,0.3,0
0.75,576,on,known,66,1,0.023530711690995257,0.4074074074074074,0
0.75,576,on,known,67,1,0.08359764098433711,0.4,0
0.75,576,on,known,68,1,0.038419068302517345,0.3333333333333333,0
0.75,576,on,known,69,1,0.052375457848575946,0.2903225806451613,0
0.75,576,on,known,70,1,0.05856458233275369,0.35714285714285715,0
0.75,576,on,known,71,1,0.0887067909105404,0.391304347826087,0
0.75,576,on,known,72,1,0.03575297164449809,0.25,0
0.75,576,on,known,73,1,0.17004630721751066,0.37037037037037035,0
0.75,576,on,known,74,1,0.026943533707378245,0.25925925925925924,0
0.75,576,on,known,75,1,0.05796994103455468,0.2962962962962963,0
0.75,576,on,known,76,1,0.02437335780421313,0.3103448275862069,0
0.75,576,on,known,77,1,0.02556795749489219,0.28125,0
0.75,576,on,known,78,1,0.28025542898280414,0.4666666666666667,0
0.75,576,on,known,79,1,0.04104424101861004,0.42105263157894735,0
0.75,576,on,known,80,1,0.23114663823833642,0.47619047619047616,0
0.75,576,on,known,81,1,0.13380161378318955,0.32142857142857145,0
0.75,576,on,known,82,1,0.1392908359945467,0.4166666666666667,0
0.75,576,on,known,83,1,0.06393430688266227,0.4,0
0.75,576,on,known,84,1,0.06584489234269124,0.375,0
0.75,576,on,known,85,1,0.22169194554222996,0.35714285714285715,0
0.75,576,on,known,86,1,0.14411291670643006,0.42857142857142855,0
0.75,576,on,known,87,1,0.1627934873162478,0.41379310344827586,0
0.75,576,on,known,88,1,0.030123786461877352,0.23076923076923078,0
0.75,576,on,known,89,1,0.24397522905013178,0.34615384615384615,0
0.75,576,on,known,90,1,0.1336412760311249,0.30434782608695654,0
0.75,576,on,known,91,1,0.12586347848916266,0.3333333333333333,0
0.75,576,on,known,92,1,0.15573188896329046,0.34782608695652173,0
0.75,576,on,known,93,1,0.0712695567709093,0.36363636363636365,0
0.75,576,on,known,94,1,0.02598161264714833,0.2916666666666667,0
0.75,576,on,known,95,1,0.06892964965915206,0.28,0
0.75,576,on,known,96,1,0.027219913803267486,0.2413793103448276,0
0.75,576,on,known,97,1,0.04062321879124208,0.47619047619047616,0
0.75,576,on,known,98,1,0.05949757664833034,0.25,0
0.75,576,on,known,99,1,0.12409597120849801,0.375,0
0.75,576,on,unknown,0,0,0.006747326930133964,0.045454545454545456,0
0.75,576,on,unknown,1,0,0.006865608205372725,0.06666666666666667,0
0.75,576,on,unknown,2,0,0.004005083261418276,0.07017543859649122,0
0.75,576,on,unknown,3,0,0.0020643417811175195,0.07692307692307693,0
0.75,576,on,unknown,4,0,0.009410489957951634,0.05128205128205128,0
0.75,576,on,unknown,5,0,0.006980361417366381,0.025,0
0.75,576,on,unknown,6,0,0.003194565103896521,0.07547169811320754,0
0.75,576,on,unknown,7,0,0.006742910702712567,0.0392156862745098,0
0.75,576,on,unknown,8,0,0.006105222422067816,0.044444444444444446,0
0.75,576,on,unknown,9,0,0.008898103344684646,0.1,0
0.75,576,on,unknown,10,0,0.0070865302661095395,0.07407407407407407,0
0.75,576,on,unknown,11,0,0.0030334374451697742,0.08771929824561403,0
0.75,576,on,unknown,12,0,0.003248393543573013,0.037037037037037035,0
0.75,576,on,unknown,13,0,0.003677722347191516,0.13636363636363635,0
0.75,576,on,unknown,14,0,0.0025252392518269446,0.017241379310344827,0
0.75,576,on,unknown,15,0,0.0,0.0,0
0.75,576,on,unknown,16,0,0.0034051546398728917,0.05555555555555555,0
0.75,576,on,unknown,17,0,0.00956240657444202,0.07692307692307693,0
0.75,576,on,unknown,18,0,0.006471824245088331,0.022222222222222223,0
0.75,576,on,unknown,19,0,0.0038728997841817278,0.09523809523809523,0
0.75,576,on,unknown,20,0,0.004752276124746158,0.06,0
0.75,576,on,unknown,21,0,0.007336704366573344,0.08888888888888889,0
0.75,576,on,unknown,22,0,0.004901446877908232,0.06382978723404255,0
0.75,576,on,unknown,23,0,0.004304250187679433,0.057692307692307696,0
0.75,576,on,unknown,24,0,0.005279377656720441,0.06666666666666667,0
0.75,576,on,unknown,25,0,0.005469762780218762,0.05660377358490566,0
0.75,576,on,unknown,26,0,0.0028906532029236505,0.09090909090909091,0
0.75,576,on,unknown,27,0,0.007153732611558957,0.04878048780487805,0
0.75,576,on,unknown,28,0,0.0011787222932965052,0.014492753623188406,0
0.75,576,on,unknown,29,0,0.006079276947127368,0.0851063829787234,0
0.75,576,on,unknown,30,0,0.009433433436019531,0.05128205128205128,0
0.75,576,on,unknown,31,0,0.0077983374147520814,0.1,0
0.75,576,on,unknown,32,0,0.0036554784183250944,0.057692307692307696,0
0.75,576,on,unknown,33,0,0.0037459050564921624,0.022222222222222223,0
0.75,576,on,unknown,34,0,0.004004062041524727,0.07407407407407407,0
0.75,576,on,unknown,35,0,0.0025400691443826333,0.05660377358490566,0
0.75,576,on,unknown,36,0,0.011833064662823948,0.1388888888888889,0
0.75,576,on,unknown,37,0,0.005048340867509179,0.02631578947368421,0
0.75,576,on,unknown,38,0,0.0,0.0,0
0.75,576,on,unknown,39,0,0.007947831560831481,0.06976744186046512,0
0.75,576,on,unknown,40,0,0.006398249247407185,0.09803921568627451,0
0.75,576,on,unknown,41,0,0.006425053075745358,0.02127659574468085,0
0.75,576,on,unknown,42,0,0.0025587796426304594,0.04838709677419355,0
0.75,576,on,unknown,43,0,0.0076770600912227874,0.041666666666666664,0
0.75,576,on,unknown,44,0,0.005297893857590067,0.0625,0
0.75,576,on,unknown,45,0,0.006939963689660599,0.03773584905660377,0
0.75,576,on,unknown,46,0,0.005477263077344511,0.08333333333333333,0
0.75,576,on,unknown,47,0,0.004677130363243165,0.04878048780487805,0
0.75,576,on,unknown,48,0,0.0036261234796428248,0.03571428571428571,0
0.75,576,on,unknown,49,0,0.005987743757490555,0.024390243902439025,0
0.75,576,on,unknown,50,1,0.011191021613657745,0.11428571428571428,0
0.75,576,on,unknown,51,1,0.009970222994544455,0.09090909090909091,0
0.75,576,on,unknown,52,1,0.007575731225158965,0.03225806451612903,0
0.75,576,on,unknown,53,1,0.009152541620698935,0.08823529411764706,0
0.75,576,on,unknown,54,1,0.012021577610863726,0.10344827586206896,0
0.75,576,on,unknown,55,1,0.010713701843513142,0.11764705882352941,0
0.75,576,on,unknown,56,1,0.00956240657444202,0.08571428571428572,0
0.75,576,on,unknown,57,1,0.012673718536830811,0.1,0
0.75,576,on,unknown,58,1,0.009410489957951634,0.06060606060606061,0
0.75,576,on,unknown,59,1,0.0,0.0,0
0.75,576,on,unknown,60,1,0.009498525867740094,0.08823529411764706,0
0.75,576,on,unknown,61,1,0.007575731225158965,0.03225806451612903,0
0.75,576,on,unknown,62,1,0.009410489957951634,0.05405405405405406,0
0.75,576,on,unknown,63,1,0.009970222994544455,0.0625,0
0.75,576,on,unknown,64,1,0.008830895300928163,0.05128205128205128,0
0.75,576,on,unknown,65,1,0.011712916466550741,0.125,0
0.75,576,on,unknown,66,1,0.008282282660969604,0.03125,0
0.75,576,on,unknown,67,1,0.008687475782716616,0.03333333333333333,0
0.75,576,on,unknown,68,1,0.01284618972676772,0.06666666666666667,0
0.75,576,on,unknown,69,1,0.010331208012220438,0.058823529411764705,0
0.75,576,on,unknown,70,1,0.007678432706586176,0.08108108108108109,0
0.75,576,on,unknown,71,1,0.008839374326825921,0.08108108108108109,0
0.75,576,on,unknown,72,1,0.009009113474307318,0.05714285714285714,0
0.75,576,on,unknown,73,1,0.008282282660969604,0.03125,0
0.75,576,on,unknown,74,1,0.0,0.0,0
0.75,576,on,unknown,75,1,0.010862721615727716,0.06451612903225806,0
0.75,576,on,unknown,76,1,0.009134423666564471,0.030303030303030304,0
0.75,576,on,unknown,77,1,0.012673718536830811,0.08823529411764706,0
0.75,576,on,unknown,78,1,0.009134423666564471,0.034482758620689655,0
0.75,576,on,unknown,79,1,0.01291802583371725,0.07142857142857142,0
0.75,576,on,unknown,80,1,0.010331208012220438,0.03333333333333333,0
0.75,576,on,unknown,81,1,0.008301095462822575,0.06666666666666667,0
0.75,576,on,unknown,82,1,0.010802314890908065,0.04,0
0.75,576,on,unknown,83,1,0.008640609739997756,0.030303030303030304,0
0.75,576,on,unknown,84,1,0.011433361115787456,0.1,0
0.75,576,on,unknown,85,1,0.011451997463067555,0.05555555555555555,0
0.75,576,on,unknown,86,1,0.008687475782716616,0.03333333333333333,0
0.75,576,on,unknown,87,1,0.010862721615727716,0.0625,0
0.75,576,on,unknown,88,1,0.010713701843513142,0.09375,0
0.75,576,on,unknown,89,1,0.009152541620698935,0.11428571428571428,0
0.75,576,on,unknown,90,1,0.009849349468888718,0.03571428571428571,0
0.75,576,on,unknown,91,1,0.009970222994544455,0.0967741935483871,0
0.75,576,on,unknown,92,1,0.0072658577559704465,0.02857142857142857,0
0.75,576,on,unknown,93,1,0.0,0.0,0
0.75,576,on,unknown,94,1,0.01041441909198652,0.0625,0
0.75,576,on,unknown,95,1,0.0,0.0,0
0.75,576,on,unknown,96,1,0.012285946074705657,0.14285714285714285,0
0.75,576,on,unknown,97,1,0.009970222994544455,0.09375,0
0.75,576,on,unknown,98,1,0.011451997463067555,0.034482758620689655,0
0.75,576,on,unknown,99,1,0.011451997463067555,0.07692307692307693,0
0.5,384,off,n/a,0,0,0.03971248512566591,0.21052631578947367,0
0.5,384,off,n/a,1,0,0.022956809409218633,0.22727272727272727,0
0.5,384,off,n/a,2,0,0.004361821500310502,0.07142857142857142,0
0.5,384,off,n/a,3,0,0.004279062567669786,0.21428571428571427,0
0.5,384,off,n/a,4,0,0.15007728487858985,0.35714285714285715,0
0.5,384,off,n/a,5,0,0.015047149445189388,0.2692307692307692,0
0.5,384,off,n/a,6,0,0.04836666515232209,0.16363636363636364,0
0.5,384,off,n/a,7,0,0.13507116616915935,0.3157894736842105,0
0.5,384,off,n/a,8,0,0.20405871001855902,0.3611111111111111,0
0.5,384,off,n/a,9,0,0.020252020057209368,0.25,0
0.5,384,off,n/a,10,0,0.009401065079926635,0.20833333333333334,0
0.5,384,off,n/a,11,0,0.06759175716242721,0.25,0
0.5,384,off,n/a,12,0,0.015132190309255989,0.2553191489361702,0
0.5,384,off,n/a,13,0,0.013323497686891268,0.20408163265306123,0
0.5,384,off,n/a,14,0,0.006348584972429079,0.16071428571428573,0
0.5,384,off,n/a,15,0,0.015881558400675594,0.3170731707317073,0
0.5,384,off,n/a,16,0,0.011865645343215993,0.24489795918367346,0
0.5,384,off,n/a,17,0,0.07033166261507334,0.5416666666666666,0
0.5,384,off,n/a,18,0,0.20581818808877528,0.5,0
0.5,384,off,n/a,19,0,0.01065706368225342,0.2727272727272727,0
0.5,384,off,n/a,20,0,0.022926226175684645,0.40476190476190477,0
0.5,384,off,n/a,21,0,0.017542921481856346,0.2777777777777778,0
0.5,384,off,n/a,22,0,0.013671855488606421,0.27906976744186046,0
0.5,384,off,n/a,23,0,0.004126984201405813,0.06521739130434782,0
0.5,384,off,n/a,24,0,0.10598446264949979,0.3076923076923077,0
0.5,384,off,n/a,25,0,0.015244086819432946,0.21428571428571427,0
0.5,384,off,n/a,26,0,0.022214344199259255,0.3409090909090909,0
0.5,384,off,n/a,27,0,0.06313476599314374,0.46875,0
0.5,384,off,n/a,28,0,0.0008476981120605437,0.12280701754385964,0
0.5,384,off,n/a,29,0,0.017727367093002093,0.22727272727272727,0
0.5,384,off,n/a,30,0,0.15415064977510756,0.36363636363636365,0
0.5,384,off,n/a,31,0,0.06336434034829563,0.3611111111111111,0
0.5,384,off,n/a,32,0,0.009781144842725482,0.14814814814814814,0
0.5,384,off,n/a,33,0,0.022440724589555157,0.2727272727272727,0
0.5,384,off,n/a,34,0,0.014239598892567082,0.3181818181818182,0
0.5,384,off,n/a,35,0,0.018315303941641305,0.20833333333333334,0
0.5,384,off,n/a,36,0,0.05409634151710859,0.4482758620689655,0
0.5,384,off,n/a,37,0,0.026760722550883125,0.28125,0
0.5,384,off,n/a,38,0,0.007597841088030586,0.1794871794871795,0
0.5,384,off,n/a,39,0,0.02501587468759242,0.2972972972972973,0
0.5,384,off,n/a,40,0,0.10169238017103364,0.2857142857142857,0
0.5,384,off,n/a,41,0,0.08133689254652766,0.34210526315789475,0
0.5,384,off,n/a,42,0,0.011206297375664302,0.21052631578947367,0
0.5,384,off,n/a,43,0,0.024346329116562686,0.24324324324324326,0
0.5,384,off,n/a,44,0,0.03547413027861869,0.23076923076923078,0
0.5,384,off,n/a,45,0,0.009629297398881617,0.1951219512195122,0
0.5,384,off,n/a,46,0,0.006368540381611479,0.1702127659574468,0
0.5,384,off,n/a,47,0,0.07059548221780013,0.30303030303030304,0
0.5,384,off,n/a,48,0,0.008486388365107988,0.09433962264150944,0
0.5,384,off,n/a,49,0,0.13911977097885378,0.35294117647058826,0
0.5,384,off,n/a,50,1,0.03204144198812985,0.25806451612903225,0
0.5,384,off,n/a,51,1,0.05796994103455468,0.34782608695652173,0
0.5,384,off,n/a,52,1,0.03424946089789314,0.3333333333333333,0
0.5,384,off,n/a,53,1,0.19696330878717075,0.28,0
0.5,384,off,n/a,54,1,0.05356850921756574,0.25,0
0.5,384,off,n/a,55,1,0.03299895472527792,0.26666666666666666,0
0.5,384,off,n/a,56,1,0.13817790393734294,0.3076923076923077,0
0.5,384,off,n/a,57,1,0.061700364165330555,0.38461538461538464,0
0.5,384,off,n/a,58,1,0.023956565612760213,0.2692307692307692,0
0.5,384,off,n/a,59,1,0.05778323992708342,0.3333333333333333,0
0.5,384,off,n/a,60,1,0.03595290285752276,0.2727272727272727,0
0.5,384,off,n/a,61,1,0.056066684111954215,0.43478260869565216,0
0.5,384,off,n/a,62,1,0.24941747177008258,0.3333333333333333,0
0.5,384,off,n/a,63,1,0.02945288437401947,0.30434782608695654,0
0.5,384,off,n/a,64,1,0.05415315253510895,0.15384615384615385,0
0.5,384,off,n/a,65,1,0.026943533707378245,0.27586206896551724,0
0.5,384,off,n/a,66,1,0.01312155138646134,0.36,0
0.5,384,off,n/a,67,1,0.047326568651956204,0.36,0
0.5,384,off,n/a,68,1,0.28200049157537727,0.37037037037037035,0
0.5,384,off,n/a,69,1,0.028339296176052856,0.21428571428571427,0
0.5,384,off,n/a,70,1,0.02556795749489219,0.2727272727272727,0
0.5,384,off,n/a,71,1,0.052375457848575946,0.32142857142857145,0
0.5,384,off,n/a,72,1,0.031420504922717064,0.28,0
0.5,384,off,n/a,73,1,0.1566391541195429,0.3103448275862069,0
0.5,384,off,n/a,74,1,0.03259889346257788,0.2692307692307692,0
0.5,384,off,n/a,75,1,0.059517164330538656,0.2857142857142857,0
0.5,384,off,n/a,76,1,0.05460916037468706,0.3,0
0.5,384,off,n/a,77,1,0.05464801430205644,0.26666666666666666,0
0.5,384,off,n/a,78,1,0.03575297164449809,0.22727272727272727,0
0.5,384,off,n/a,79,1,0.13629358172407982,0.3333333333333333,0
0.5,384,off,n/a,80,1,0.12991916506579942,0.4166666666666667,0
0.5,384,off,n/a,81,1,0.04381083578412607,0.21875,0
0.5,384,off,n/a,82,1,0.05538696232597745,0.27586206896551724,0
0.5,384,off,n/a,83,1,0.059517164330538656,0.34782608695652173,0
0.5,384,off,n/a,84,1,0.05538696232597745,0.3076923076923077,0
0.5,384,off,n/a,85,1,0.029050808466714352,0.3225806451612903,0
0.5,384,off,n/a,86,1,0.029817921606791687,0.34782608695652173,0
0.5,384,off,n/a,87,1,0.08002519315506876,0.3103448275862069,0
0.5,384,off,n/a,88,1,0.11076060807725355,0.3333333333333333,0
0.5,384,off,n/a,89,1,0.08104064855774029,0.38461538461538464,0
0.5,384,off,n/a,90,1,0.2534743707366162,0.3181818181818182,0
0.5,384,off,n/a,91,1,0.03312498979466406,0.30434782608695654,0
0.5,384,off,n/a,92,1,0.026801651563557783,0.2608695652173913,0
0.5,384,off,n/a,93,1,0.024178614976744797,0.24,0
0.5,384,off,n/a,94,1,0.0539471088086188,0.35,0
0.5,384,off,n/a,95,1,0.03595290285752276,0.32,0
0.5,384,off,n/a,96,1,0.023050898626566643,0.2222222222222222,0
0.5,384,off,n/a,97,1,0.11902001907030836,0.3333333333333333,0
0.5,384,off,n/a,98,1,0.02560744480557418,0.16666666666666666,0
0.5,384,off,n/a,99,1,0.026943533707378245,0.34782608695652173,0
0.5,384,on,known,0,0,0.03971248512566591,0.21052631578947367,0
0.5,384,on,known,1,0,0.022956809409218633,0.22727272727272727,0
0.5,384,on,known,2,0,0.004361821500310502,0.07142857142857142,0
0.5,384,on,known,3,0,0.004279062567669786,0.21428571428571427,0
0.5,384,on,known,4,0,0.15007728487858985,0.35714285714285715,0
0.5,384,on,known,5,0,0.015047149445189388,0.2692307692307692,0
0.5,384,on,known,6,0,0.04836666515232209,0.16363636363636364,0
0.5,384,on,known,7,0,0.13507116616915935,0.3157894736842105,0
0.5,384,on,known,8,0,0.20405871001855902,0.3611111111111111,0
0.5,384,on,known,9,0,0.020252020057209368,0.25,0
0.5,384,on,known,10,0,0.009401065079926635,0.20833333333333334,0
0.5,384,on,known,11,0,0.06759175716242721,0.25,0
0.5,384,on,known,12,0,0.015132190309255989,0.2553191489361702,0
0.5,384,on,known,13,0,0.013323497686891268,0.20408163265306123,0
0.5,384,on,known,14,0,0.006348584972429079,0.16071428571428573,0
0.5,384,on,known,15,0,0.015881558400675594,0.3170731707317073,0
0.5,384,on,known,16,0,0.011865645343215993,0.24489795918367346,0
0.5,384,on,known,17,0,0.07033166261507334,0.5416666666666666,0
0.5,384,on,known,18,0,0.20581818808877528,0.5,0
0.5,384,on,known,19,0,0.01065706368225342,0.2727272727272727,0
0.5,384,on,known,20,0,0.022926226175684645,0.40476190476190477,0
0.5,384,on,known,21,0,0.017542921481856346,0.2777777777777778,0
0.5,384,on,known,22,0,0.013671855488606421,0.27906976744186046,0
0.5,384,on,known,23,0,0.004126984201405813,0.06521739130434782,0
0.5,384,on,known,24,0,0.10598446264949979,0.3076923076923077,0
0.5,384,on,known,25,0,0.015244086819432946,0.21428571428571427,0
0.5,384,on,known,26,0,0.022214344199259255,0.3409090909090909,0
0.5,384,on,known,27,0,0.06313476599314374,0.46875,0
0.5,384,on,known,28,0,0.0008476981120605437,0.12280701754385964,0
0.5,384,on,known,29,0,0.017727367093002093,0.22727272727272727,0
0.5,384,on,known,30,0,0.15415064977510756,0.36363636363636365,0
0.5,384,on,known,31,0,0.06336434034829563,0.3611111111111111,0
0.5,384,on,known,32,0,0.009781144842725482,0.14814814814814814,0
0.5,384,on,known,33,0,0.022440724589555157,0.2727272727272727,0
0.5,384,on,known,34,0,0.014239598892567082,0.3181818181818182,0
0.5,384,on,known,35,0,0.018315303941641305,0.20833333333333334,0
0.5,384,on,known,36,0,0.05409634151710859,0.4482758620689655,0
0.5,384,on,known,37,0,0.026760722550883125,0.28125,0
0.5,384,on,known,38,0,0.007597841088030586,0.1794871794871795,0
0.5,384,on,known,39,0,0.02501587468759242,0.2972972972972973,0
0.5,384,on,known,40,0,0.10169238017103364,0.2857142857142857,0
0.5,384,on,known,41,0,0.08133689254652766,0.34210526315789475,0
0.5,384,on,known,42,0,0.011206297375664302,0.21052631578947367,0
0.5,384,on,known,43,0,0.024346329116562686,0.24324324324324326,0
0.5,384,on,known,44,0,0.03547413027861869,0.23076923076923078,0
0.5,384,on,known,45,0,0.009629297398881617,0.1951219512195122,0
0.5,384,on,known,46,0,0.006368540381611479,0.1702127659574468,0
0.5,384,on,known,47,0,0.07059548221780013,0.30303030303030304,0
0.5,384,on,known,48,0,0.008486388365107988,0.09433962264150944,0
0.5,384,on,known,49,0,0.13911977097885378,0.35294117647058826,0
0.5,384,on,known,50,1,0.03204144198812985,0.25806451612903225,0
0.5,384,on,known,51,1,0.05796994103455468,0.34782608695652173,0
0.5,384,on,known,52,1,0.03424946089789314,0.3333333333333333,0
0.5,384,on,known,53,1,0.19696330878717075,0.28,0
0.5,384,on,known,54,1,0.05356850921756574,0.25,0
0.5,384,on,known,55,1,0.03299895472527792,0.26666666666666666,0
0.5,384,on,known,56,1,0.13817790393734294,0.3076923076923077,0
0.5,384,on,known,57,1,0.061700364165330555,0.38461538461538464,0
0.5,384,on,known,58,1,0.023956565612760213,0.2692307692307692,0
0.5,384,on,known,59,1,0.05778323992708342,0.3333333333333333,0
0.5,384,on,known,60,1,0.03595290285752276,0.2727272727272727,0
0.5,384,on,known,61,1,0.056066684111954215,0.43478260869565216,0
0.5,384,on,known,62,1,0.24941747177008258,0.3333333333333333,0
0.5,384,on,known,63,1,0.02945288437401947,0.30434782608695654,0
0.5,384,on,known,64,1,0.05415315253510895,0.15384615384615385,0
0.5,384,on,known,65,1,0.026943533707378245,0.27586206896551724,0
0.5,384,on,known,66,1,0.01312155138646134,0.36,0
0.5,384,on,known,67,1,0.047326568651956204,0.36,0
0.5,384,on,known,68,1,0.28200049157537727,0.37037037037037035,0
0.5,384,on,known,69,1,0.028339296176052856,0.21428571428571427,0
0.5,384,on,known,70,1,0.02556795749489219,0.2727272727272727,0
0.5,384,on,known,71,1,0.052375457848575946,0.32142857142857145,0
0.5,384,on,known,72,1,0.031420504922717064,0.28,0
0.5,384,on,known,73,1,0.1566391541195429,0.3103448275862069,0
0.5,384,on,known,74,1,0.03259889346257788,0.2692307692307692,0
0.5,384,on,known,75,1,0.059517164330538656,0.2857142857142857,0
0.5,384,on,known,76,1,0.05460916037468706,0.3,0
0.5,384,on,known,77,1,0.05464801430205644,0.26666666666666666,0
0.5,384,on,known,78,1,0.03575297164449809,0.22727272727272727,0
0.5,384,on,known,79,1,0.13629358172407982,0.3333333333333333,0
0.5,384,on,known,80,1,0.12991916506579942,0.4166666666666667,0
0.5,384,on,known,81,1,0.04381083578412607,0.21875,0
0.5,384,on,known,82,1,0.05538696232597745,0.27586206896551724,0
0.5,384,on,known,83,1,0.059517164330538656,0.34782608695652173,0
0.5,384,on,known,84,1,0.05538696232597745,0.3076923076923077,0
0.5,384,on,known,85,1,0.029050808466714352,0.3225806451612903,0
0.5,384,on,known,86,1,0.029817921606791687,0.34782608695652173,0
0.5,384,on,known,87,1,0.08002519315506876,0.3103448275862069,0
0.5,384,on,known,88,1,0.11076060807725355,0.3333333333333333,0
0.5,384,on,known,89,1,0.08104064855774029,0.38461538461538464,0
0.5,384,on,known,90,1,0.2534743707366162,0.3181818181818182,0
0.5,384,on,known,91,1,0.03312498979466406,0.30434782608695654,0
0.5,384,on,known,92,1,0.026801651563557783,0.2608695652173913,0
0.5,384,on,known,93,1,0.024178614976744797,0.24,0
0.5,384,on,known,94,1,0.0539471088086188,0.35,0
0.5,384,on,known,95,1,0.03595290285752276,0.32,0
0.5,384,on,known,96,1,0.023050898626566643,0.2222222222222222,0
0.5,384,on,known,97,1,0.11902001907030836,0.3333333333333333,0
0.5,384,on,known,98,1,0.02560744480557418,0.16666666666666666,0
0.5,384,on,known,99,1,0.026943533707378245,0.34782608695652173,0
0.5,384,on,unknown,0,0,0.007029800685085456,0.0425531914893617,0
0.5,384,on,unknown,1,0,0.005686893639215853,0.0425531914893617,0
0.5,384,on,unknown,2,0,0.004082391726536256,0.06666666666666667,0
0.5,384,on,unknown,3,0,0.0026107714409811526,0.07462686567164178,0
0.5,384,on,unknown,4,0,0.009849349468888718,0.05263157894736842,0
0.5,384,on,unknown,5,0,0.007913247271422612,0.02702702702702703,0
0.5,384,on,unknown,6,0,0.003985048820845554,0.09259259259259259,0
0.5,384,on,unknown,7,0,0.0,0.0,0
0.5,384,on,unknown,8,0,0.0058491085981223715,0.045454545454545456,0
0.5,384,on,unknown,9,0,0.007181676522720887,0.05555555555555555,0
0.5,384,on,unknown,10,0,0.00433754862775193,0.0847457627118644,0
0.5,384,on,unknown,11,0,0.005867688528795609,0.08620689655172414,0
0.5,384,on,unknown,12,0,0.00408978207689963,0.03571428571428571,0
0.5,384,on,unknown,13,0,0.003353380966537978,0.061224489795918366,0
0.5,384,on,unknown,14,0,0.0037166296066204222,0.09090909090909091,0
0.5,384,on,unknown,15,0,0.00369613689723873,0.019230769230769232,0
0.5,384,on,unknown,16,0,0.003998995919944475,0.09259259259259259,0
0.5,384,on,unknown,17,0,0.01030264956999865,0.07142857142857142,0
0.5,384,on,unknown,18,0,0.0,0.0,0
0.5,384,on,unknown,19,0,0.002862011302813015,0.03076923076923077,0
0.5,384,on,unknown,20,0,0.008802285271587048,0.04,0
0.5,384,on,unknown,21,0,0.005358637564591229,0.047619047619047616,0
0.5,384,on,unknown,22,0,0.004000344895934054,0.05128205128205128,0
0.5,384,on,unknown,23,0,0.004164201874133189,0.06,0
0.5,384,on,unknown,24,0,0.006412694054133138,0.07692307692307693,0
0.5,384,on,unknown,25,0,0.004984049608817175,0.06382978723404255,0
0.5,384,on,unknown,26,0,0.005457996014719115,0.07547169811320754,0
0.5,384,on,unknown,27,0,0.007421524626481629,0.047619047619047616,0
0.5,384,on,unknown,28,0,0.002507544316647133,0.056338028169014086,0
0.5,384,on,unknown,29,0,0.008766718857391349,0.043478260869565216,0
0.5,384,on,unknown,30,0,0.010421239950989354,0.08333333333333333,0
0.5,384,on,unknown,31,0,0.008018717383493787,0.1,0
0.5,384,on,unknown,32,0,0.0,0.0,0
0.5,384,on,unknown,33,0,0.005356103079470848,0.03773584905660377,0
0.5,384,on,unknown,34,0,0.0036659473508938553,0.05555555555555555,0
0.5,384,on,unknown,35,0,0.0052818709843142735,0.10344827586206896,0
0.5,384,on,unknown,36,0,0.015718877363021206,0.075,0
0.5,384,on,unknown,37,0,0.006955824194794734,0.045454545454545456,0
0.5,384,on,unknown,38,0,0.008044369277849623,0.06666666666666667,0
0.5,384,on,unknown,39,0,0.008110757744072892,0.07142857142857142,0
0.5,384,on,unknown,40,0,0.007570071697432228,0.08888888888888889,0
0.5,384,on,unknown,41,0,0.008397231943823998,0.06382978723404255,0
0.5,384,on,unknown,42,0,0.0030594546259022975,0.030303030303030304,0
0.5,384,on,unknown,43,0,0.006455612310396599,0.022727272727272728,0
0.5,384,on,unknown,44,0,0.009421135563524096,0.06521739130434782,0
0.5,384,on,unknown,45,0,0.006939963689660599,0.03773584905660377,0
0.5,384,on,unknown,46,0,0.004750437282346398,0.034482758620689655,0
0.5,384,on,unknown,47,0,0.004427109368895681,0.07317073170731707,0
0.5,384,on,unknown,48,0,0.0040485122945123605,0.017857142857142856,0
0.5,384,on,unknown,49,0,0.007666428798242796,0.06382978723404255,0
0.5,384,on,unknown,50,1,0.009009113474307318,0.05128205128205128,0
0.5,384,on,unknown,51,1,0.009134423666564471,0.03125,0
0.5,384,on,unknown,52,1,0.009629943614188135,0.034482758620689655,0
0.5,384,on,unknown,53,1,0.009849349468888718,0.06666666666666667,0
0.5,384,on,unknown,54,1,0.006471824245088331,0.02564102564102564,0
0.5,384,on,unknown,55,1,0.009849349468888718,0.05555555555555555,0
0.5,384,on,unknown,56,1,0.008282282660969604,0.030303030303030304,0
0.5,384,on,unknown,57,1,0.007913247271422612,0.027777777777777776,0
0.5,384,on,unknown,58,1,0.014628063653657535,0.08333333333333333,0
0.5,384,on,unknown,59,1,0.008640609739997756,0.05263157894736842,0
0.5,384,on,unknown,60,1,0.009410489957951634,0.07692307692307693,0
0.5,384,on,unknown,61,1,0.015718877363021206,0.08333333333333333,0
0.5,384,on,unknown,62,1,0.0072658577559704465,0.030303030303030304,0
0.5,384,on,unknown,63,1,0.010182425646195498,0.037037037037037035,0
0.5,384,on,unknown,64,1,0.009849349468888718,0.06451612903225806,0
0.5,384,on,unknown,65,1,0.007575731225158965,0.02631578947368421,0
0.5,384,on,unknown,66,1,0.008687475782716616,0.03125,0
0.5,384,on,unknown,67,1,0.009629943614188135,0.03333333333333333,0
0.5,384,on,unknown,68,1,0.008687475782716616,0.030303030303030304,0
0.5,384,on,unknown,69,1,0.009849349468888718,0.05714285714285714,0
0.5,384,on,unknown,70,1,0.007575731225158965,0.027777777777777776,0
0.5,384,on,unknown,71,1,0.009134423666564471,0.03333333333333333,0
0.5,384,on,unknown,72,1,0.007575731225158965,0.03225806451612903,0
0.5,384,on,unknown,73,1,0.007913247271422612,0.02702702702702703,0
0.5,384,on,unknown,74,1,0.009410489957951634,0.0625,0
0.5,384,on,unknown,75,1,0.009134423666564471,0.04,0
0.5,384,on,unknown,76,1,0.010802314890908065,0.030303030303030304,0
0.5,384,on,unknown,77,1,0.0,0.0,0
0.5,384,on,unknown,78,1,0.008282282660969604,0.034482758620689655,0
0.5,384,on,unknown,79,1,0.009410489957951634,0.03225806451612903,0
0.5,384,on,unknown,80,1,0.01041441909198652,0.10344827586206896,0
0.5,384,on,unknown,81,1,0.009009113474307318,0.06896551724137931,0
0.5,384,on,unknown,82,1,0.00956240657444202,0.09090909090909091,0
0.5,384,on,unknown,83,1,0.008301095462822575,0.02857142857142857,0
0.5,384,on,unknown,84,1,0.007913247271422612,0.03125,0
0.5,384,on,unknown,85,1,0.0,0.0,0
0.5,384,on,unknown,86,1,0.010900096978029118,0.07407407407407407,0
0.5,384,on,unknown,87,1,0.007913247271422612,0.02702702702702703,0
0.5,384,on,unknown,88,1,0.012021577610863726,0.07142857142857142,0
0.5,384,on,unknown,89,1,0.006980361417366381,0.02631578947368421,0
0.5,384,on,unknown,90,1,0.006980361417366381,0.03225806451612903,0
0.5,384,on,unknown,91,1,0.008687475782716616,0.034482758620689655,0
0.5,384,on,unknown,92,1,0.009410489957951634,0.03571428571428571,0
0.5,384,on,unknown,93,1,0.0,0.0,0
0.5,384,on,unknown,94,1,0.010862721615727716,0.07407407407407407,0
0.5,384,on,unknown,95,1,0.009009113474307318,0.0625,0
0.5,384,on,unknown,96,1,0.006980361417366381,0.027777777777777776,0
0.5,384,on,unknown,97,1,0.010862721615727716,0.07692307692307693,0
0.5,384,on,unknown,98,1,0.010862721615727716,0.03571428571428571,0
0.5,384,on,unknown,99,1,0.009009113474307318,0.034482758620689655,0
0.25,192,off,n/a,0,0,0.017569596155844164,0.11627906976744186,0
0.25,192,off,n/a,1,0,0.017142655937532923,0.20930232558139536,0
0.25,192,off,n/a,2,0,0.003976507257589222,0.16326530612244897,0
0.25,192,off,n/a,3,0,0.01004867912147648,0.24528301886792453,0
0.25,192,off,n/a,4,0,0.01172217677265544,0.12903225806451613,0
0.25,192,off,n/a,5,0,0.013457203444208508,0.15384615384615385,0
0.25,192,off,n/a,6,0,0.010001701898451065,0.14545454545454545,0
0.25,192,off,n/a,7,0,0.007474154188604122,0.0975609756097561,0
0.25,192,off,n/a,8,0,0.015807057804469685,0.18181818181818182,0
0.25,192,off,n/a,9,0,0.010133205863069381,0.16666666666666666,0
0.25,192,off,n/a,10,0,0.015228314497309204,0.1509433962264151,0
0.25,192,off,n/a,11,0,0.005039107259102527,0.21428571428571427,0
0.25,192,off,n/a,12,0,0.016836257453156145,0.2553191489361702,0
0.25,192,off,n/a,13,0,0.009250348961589995,0.12,0
0.25,192,off,n/a,14,0,0.006121207785323418,0.17857142857142858,0
0.25,192,off,n/a,15,0,0.012682606364681675,0.16666666666666666,0
0.25,192,off,n/a,16,0,0.02163023022511249,0.17647058823529413,0
0.25,192,off,n/a,17,0,0.05507003802772936,0.2903225806451613,0
0.25,192,off,n/a,18,0,0.05550478662233608,0.28125,0
0.25,192,off,n/a,19,0,0.027854108065430067,0.20689655172413793,0
0.25,192,off,n/a,20,0,0.018441926788571865,0.28888888888888886,0
0.25,192,off,n/a,21,0,0.014179878828288684,0.15789473684210525,0
0.25,192,off,n/a,22,0,0.007695195332885257,0.2222222222222222,0
0.25,192,off,n/a,23,0,0.009112301125767644,0.15555555555555556,0
0.25,192,off,n/a,24,0,0.035593700145994965,0.20454545454545456,0
0.25,192,off,n/a,25,0,0.015661505608939058,0.25,0
0.25,192,off,n/a,26,0,0.01578729499984184,0.23404255319148937,0
0.25,192,off,n/a,27,0,0.025508416833140743,0.25,0
0.25,192,off,n/a,28,0,0.0017626009446792123,0.07692307692307693,0
0.25,192,off,n/a,29,0,0.014242670515582118,0.16279069767441862,0
0.25,192,off,n/a,30,0,0.021500003802814183,0.23076923076923078,0
0.25,192,off,n/a,31,0,0.04453728378712269,0.25,0
0.25,192,off,n/a,32,0,0.004308941164202471,0.07407407407407407,0
0.25,192,off,n/a,33,0,0.017222682017956157,0.20454545454545456,0
0.25,192,off,n/a,34,0,0.009193721736013603,0.2,0
0.25,192,off,n/a,35,0,0.003998995919944475,0.07692307692307693,0
0.25,192,off,n/a,36,0,0.012384901282810543,0.16666666666666666,0
0.25,192,off,n/a,37,0,0.018844901966466113,0.21052631578947367,0
0.25,192,off,n/a,38,0,0.007119355757803273,0.09302325581395349,0
0.25,192,off,n/a,39,0,0.048431360382207675,0.2631578947368421,0
0.25,192,off,n/a,40,0,0.0166095537210989,0.20454545454545456,0
0.25,192,off,n/a,41,0,0.04618659516818074,0.2564102564102564,0
0.25,192,off,n/a,42,0,0.008354709578892415,0.17543859649122806,0
0.25,192,off,n/a,43,0,0.020966414186960197,0.24324324324324326,0
0.25,192,off,n/a,44,0,0.034463294587433996,0.2631578947368421,0
0.25,192,off,n/a,45,0,0.008097241664131467,0.09090909090909091,0
0.25,192,off,n/a,46,0,0.005926594624515584,0.11764705882352941,0
0.25,192,off,n/a,47,0,0.00974863332643622,0.0975609756097561,0
0.25,192,off,n/a,48,0,0.005388631383457764,0.1346153846153846,0
0.25,192,off,n/a,49,0,0.021438834225674136,0.23076923076923078,0
0.25,192,off,n/a,50,1,0.01209034063007207,0.3103448275862069,0
0.25,192,off,n/a,51,1,0.014296145628396562,0.23076923076923078,0
0.25,192,off,n/a,52,1,0.019320990745681776,0.16129032258064516,0
0.25,192,off,n/a,53,1,0.026613685332453077,0.30434782608695654,0
0.25,192,off,n/a,54,1,0.01291802583371725,0.13793103448275862,0
0.25,192,off,n/a,55,1,0.07629273292796578,0.3103448275862069,0
0.25,192,off,n/a,56,1,0.02101654884156187,0.25925925925925924,0
0.25,192,off,n/a,57,1,0.023103257620595934,0.21875,0
0.25,192,off,n/a,58,1,0.011371681934875243,0.1935483870967742,0
0.25,192,off,n/a,59,1,0.06183522915385178,0.2413793103448276,0
0.25,192,off,n/a,60,1,0.022023814946586635,0.3,0
0.25,192,off,n/a,61,1,0.012384901282810543,0.17857142857142858,0
0.25,192,off,n/a,62,1,0.02295620166416434,0.09090909090909091,0
0.25,192,off,n/a,63,1,0.032030559677017297,0.36,0
0.25,192,off,n/a,64,1,0.039530883746698414,0.14814814814814814,0
0.25,192,off,n/a,65,1,0.020465705230778918,0.3448275862068966,0
0.25,192,off,n/a,66,1,0.0,0.0,0
0.25,192,off,n/a,67,1,0.011856660123276007,0.20689655172413793,0
0.25,192,off,n/a,68,1,0.04657469807170698,0.21428571428571427,0
0.25,192,off,n/a,69,1,0.050661968099322066,0.23333333333333334,0
0.25,192,off,n/a,70,1,0.03312498979466406,0.30434782608695654,0
0.25,192,off,n/a,71,1,0.031420504922717064,0.3333333333333333,0
0.25,192,off,n/a,72,1,0.015276780223747026,0.14814814814814814,0
0.25,192,off,n/a,73,1,0.017860092878992276,0.14705882352941177,0
0.25,192,off,n/a,74,1,0.07752398106846811,0.30434782608695654,0
0.25,192,off,n/a,75,1,0.022023814946586635,0.20689655172413793,0
0.25,192,off,n/a,76,1,0.057259987315337754,0.17857142857142858,0
0.25,192,off,n/a,77,1,0.023956565612760213,0.23333333333333334,0
0.25,192,off,n/a,78,1,0.021847844937497602,0.16666666666666666,0
0.25,192,off,n/a,79,1,0.056066684111954215,0.25,0
0.25,192,off,n/a,80,1,0.16436148154531297,0.2916666666666667,0
0.25,192,off,n/a,81,1,0.011712916466550741,0.12903225806451613,0
0.25,192,off,n/a,82,1,0.010864991539917157,0.19230769230769232,0
0.25,192,off,n/a,83,1,0.011433361115787456,0.125,0
0.25,192,off,n/a,84,1,0.010862721615727716,0.06896551724137931,0
0.25,192,off,n/a,85,1,0.02499302941518757,0.23333333333333334,0
0.25,192,off,n/a,86,1,0.019383418023456653,0.1111111111111111,0
0.25,192,off,n/a,87,1,0.02499302941518757,0.25,0
0.25,192,off,n/a,88,1,0.026613685332453077,0.30434782608695654,0
0.25,192,off,n/a,89,1,0.06183522915385178,0.2222222222222222,0
0.25,192,off,n/a,90,1,0.04620256681003074,0.15384615384615385,0
0.25,192,off,n/a,91,1,0.027318298593910915,0.16,0
0.25,192,off,n/a,92,1,0.021042495247559002,0.16666666666666666,0
0.25,192,off,n/a,93,1,0.011818473926491593,0.23076923076923078,0
0.25,192,off,n/a,94,1,0.019320990745681776,0.16,0
0.25,192,off,n/a,95,1,0.020828838183973034,0.16,0
0.25,192,off,n/a,96,1,0.013618796864073041,0.13793103448275862,0
0.25,192,off,n/a,97,1,0.023050898626566643,0.2222222222222222,0
0.25,192,off,n/a,98,1,0.021377723941583868,0.11538461538461539,0
0.25,192,off,n/a,99,1,0.023956565612760213,0.18518518518518517,0
0.25,192,on,known,0,0,0.017569596155844164,0.11627906976744186,0
0.25,192,on,known,1,0,0.017142655937532923,0.20930232558139536,0
0.25,192,on,known,2,0,0.003976507257589222,0.16326530612244897,0
0.25,192,on,known,3,0,0.01004867912147648,0.24528301886792453,0
0.25,192,on,known,4,0,0.01172217677265544,0.12903225806451613,0
0.25,192,on,known,5,0,0.013457203444208508,0.15384615384615385,0
0.25,192,on,known,6,0,0.010001701898451065,0.14545454545454545,0
0.25,192,on,known,7,0,0.007474154188604122,0.0975609756097561,0
0.25,192,on,known,8,0,0.015807057804469685,0.18181818181818182,0
0.25,192,on,known,9,0,0.010133205863069381,0.16666666666666666,0
0.25,192,on,known,10,0,0.015228314497309204,0.1509433962264151,0
0.25,192,on,known,11,0,0.005039107259102527,0.21428571428571427,0
0.25,192,on,known,12,0,0.016836257453156145,0.2553191489361702,0
0.25,192,on,known,13,0,0.009250348961589995,0.12,0
0.25,192,on,known,14,0,0.006121207785323418,0.17857142857142858,0
0.25,192,on,known,15,0,0.012682606364681675,0.16666666666666666,0
0.25,192,on,known,16,0,0.02163023022511249,0.17647058823529413,0
0.25,192,on,known,17,0,0.05507003802772936,0.2903225806451613,0
0.25,192,on,known,18,0,0.05550478662233608,0.28125,0
0.25,192,on,known,19,0,0.027854108065430067,0.20689655172413793,0
0.25,192,on,known,20,0,0.018441926788571865,0.28888888888888886,0
0.25,192,on,known,21,0,0.014179878828288684,0.15789473684210525,0
0.25,192,on,known,22,0,0.007695195332885257,0.2222222222222222,0
0.25,192,on,known,23,0,0.009112301125767644,0.15555555555555556,0
0.25,192,on,known,24,0,0.035593700145994965,0.20454545454545456,0
0.25,192,on,known,25,0,0.015661505608939058,0.25,0
0.25,192,on,known,26,0,0.01578729499984184,0.23404255319148937,0
0.25,192,on,known,27,0,0.025508416833140743,0.25,0
0.25,192,on,known,28,0,0.0017626009446792123,0.07692307692307693,0
0.25,192,on,known,29,0,0.014242670515582118,0.16279069767441862,0
0.25,192,on,known,30,0,0.021500003802814183,0.23076923076923078,0
0.25,192,on,known,31,0,0.04453728378712269,0.25,0
0.25,192,on,known,32,0,0.004308941164202471,0.07407407407407407,0
0.25,192,on,known,33,0,0.017222682017956157,0.20454545454545456,0
0.25,192,on,known,34,0,0.009193721736013603,0.2,0
0.25,192,on,known,35,0,0.003998995919944475,0.07692307692307693,0
0.25,192,on,known,36,0,0.012384901282810543,0.16666666666666666,0
0.25,192,on,known,37,0,0.018844901966466113,0.21052631578947367,0
0.25,192,on,known,38,0,0.007119355757803273,0.09302325581395349,0
0.25,192,on,known,39,0,0.048431360382207675,0.2631578947368421,0
0.25,192,on,known,40,0,0.0166095537210989,0.20454545454545456,0
0.25,192,on,known,41,0,0.04618659516818074,0.2564102564102564,0
0.25,192,on,known,42,0,0.008354709578892415,0.17543859649122806,0
0.25,192,on,known,43,0,0.020966414186960197,0.24324324324324326,0
0.25,192,on,known,44,0,0.034463294587433996,0.2631578947368421,0
0.25,192,on,known,45,0,0.008097241664131467,0.09090909090909091,0
0.25,192,on,known,46,0,0.005926594624515584,0.11764705882352941,0
0.25,192,on,known,47,0,0.00974863332643622,0.0975609756097561,0
0.25,192,on,known,48,0,0.005388631383457764,0.1346153846153846,0
0.25,192,on,known,49,0,0.021438834225674136,0.23076923076923078,0
0.25,192,on,known,50,1,0.01209034063007207,0.3103448275862069,0
0.25,192,on,known,51,1,0.014296145628396562,0.23076923076923078,0
0.25,192,on,known,52,1,0.019320990745681776,0.16129032258064516,0
0.25,192,on,known,53,1,0.026613685332453077,0.30434782608695654,0
0.25,192,on,known,54,1,0.01291802583371725,0.13793103448275862,0
0.25,192,on,known,55,1,0.07629273292796578,0.3103448275862069,0
0.25,192,on,known,56,1,0.02101654884156187,0.25925925925925924,0
0.25,192,on,known,57,1,0.023103257620595934,0.21875,0
0.25,192,on,known,58,1,0.011371681934875243,0.1935483870967742,0
0.25,192,on,known,59,1,0.06183522915385178,0.2413793103448276,0
0.25,192,on,known,60,1,0.022023814946586635,0.3,0
0.25,192,on,known,61,1,0.012384901282810543,0.17857142857142858,0
0.25,192,on,known,62,1,0.02295620166416434,0.09090909090909091,0
0.25,192,on,known,63,1,0.032030559677017297,0.36,0
0.25,192,on,known,64,1,0.039530883746698414,0.14814814814814814,0
0.25,192,on,known,65,1,0.020465705230778918,0.3448275862068966,0
0.25,192,on,known,66,1,0.0,0.0,0
0.25,192,on,known,67,1,0.011856660123276007,0.20689655172413793,0
0.25,192,on,known,68,1,0.04657469807170698,0.21428571428571427,0
0.25,192,on,known,69,1,0.050661968099322066,0.23333333333333334,0
0.25,192,on,known,70,1,0.03312498979466406,0.30434782608695654,0
0.25,192,on,known,71,1,0.031420504922717064,0.3333333333333333,0
0.25,192,on,known,72,1,0.015276780223747026,0.14814814814814814,0
0.25,192,on,known,73,1,0.017860092878992276,0.14705882352941177,0
0.25,192,on,known,74,1,0.07752398106846811,0.30434782608695654,0
0.25,192,on,known,75,1,0.022023814946586635,0.20689655172413793,0
0.25,192,on,known,76,1,0.057259987315337754,0.17857142857142858,0
0.25,192,on,known,77,1,0.023956565612760213,0.23333333333333334,0
0.25,192,on,known,78,1,0.021847844937497602,0.16666666666666666,0
0.25,192,on,known,79,1,0.056066684111954215,0.25,0
0.25,192,on,known,80,1,0.16436148154531297,0.2916666666666667,0
0.25,192,on,known,81,1,0.011712916466550741,0.12903225806451613,0
0.25,192,on,known,82,1,0.010864991539917157,0.19230769230769232,0
0.25,192,on,known,83,1,0.011433361115787456,0.125,0
0.25,192,on,known,84,1,0.010862721615727716,0.06896551724137931,0
0.25,192,on,known,85,1,0.02499302941518757,0.23333333333333334,0
0.25,192,on,known,86,1,0.019383418023456653,0.1111111111111111,0
0.25,192,on,known,87,1,0.02499302941518757,0.25,0
0.25,192,on,known,88,1,0.026613685332453077,0.30434782608695654,0
0.25,192,on,known,89,1,0.06183522915385178,0.2222222222222222,0
0.25,192,on,known,90,1,0.04620256681003074,0.15384615384615385,0
0.25,192,on,known,91,1,0.027318298593910915,0.16,0
0.25,192,on,known,92,1,0.021042495247559002,0.16666666666666666,0
0.25,192,on,known,93,1,0.011818473926491593,0.23076923076923078,0
0.25,192,on,known,94,1,0.019320990745681776,0.16,0
0.25,192,on,known,95,1,0.020828838183973034,0.16,0
0.25,192,on,known,96,1,0.013618796864073041,0.13793103448275862,0
0.25,192,on,known,97,1,0.023050898626566643,0.2222222222222222,0
0.25,192,on,known,98,1,0.021377723941583868,0.11538461538461539,0
0.25,192,on,known,99,1,0.023956565612760213,0.18518518518518517,0
0.25,192,on,unknown,0,0,0.00660722776479464,0.044444444444444446,0
0.25,192,on,unknown,1,0,0.003423087351629214,0.02564102564102564,0
0.25,192,on,unknown,2,0,0.0036678400635876784,0.05084745762711865,0
0.25,192,on,unknown,3,0,0.004219113202180458,0.057971014492753624,0
0.25,192,on,unknown,4,0,0.010362195815836405,0.027777777777777776,0
0.25,192,on,unknown,5,0,0.021847844937497602,0.11764705882352941,0
0.25,192,on,unknown,6,0,0.00433754862775193,0.08928571428571429,0
0.25,192,on,unknown,7,0,0.006659877302997751,0.04081632653061224,0
0.25,192,on,unknown,8,0,0.005987743757490555,0.044444444444444446,0
0.25,192,on,unknown,9,0,0.008198844873532158,0.06382978723404255,0
0.25,192,on,unknown,10,0,0.004242465400361287,0.05,0
0.25,192,on,unknown,11,0,0.0038629356108565833,0.11290322580645161,0
0.25,192,on,unknown,12,0,0.005456405470166676,0.05084745762711865,0
0.25,192,on,unknown,13,0,0.004320562457142147,0.0784313725490196,0
0.25,192,on,unknown,14,0,0.004116946777369944,0.06666666666666667,0
0.25,192,on,unknown,15,0,0.005471774393858225,0.05555555555555555,0
0.25,192,on,unknown,16,0,0.0036008980989990927,0.07692307692307693,0
0.25,192,on,unknown,17,0,0.008839374326825921,0.08108108108108109,0
0.25,192,on,unknown,18,0,0.006716472052354862,0.02127659574468085,0
0.25,192,on,unknown,19,0,0.0028986406954363366,0.078125,0
0.25,192,on,unknown,20,0,0.005553205518005202,0.06382978723404255,0
0.25,192,on,unknown,21,0,0.011789033579000683,0.0425531914893617,0
0.25,192,on,unknown,22,0,0.004609844083862886,0.046511627906976744,0
0.25,192,on,unknown,23,0,0.003840591551265849,0.06,0
0.25,192,on,unknown,24,0,0.004912353895221348,0.044444444444444446,0
0.25,192,on,unknown,25,0,0.0061020376606587485,0.09615384615384616,0
0.25,192,on,unknown,26,0,0.005433009760076557,0.09803921568627451,0
0.25,192,on,unknown,27,0,0.007640718831946493,0.043478260869565216,0
0.25,192,on,unknown,28,0,0.001970098435426562,0.058823529411764705,0
0.25,192,on,unknown,29,0,0.005588477912184219,0.04081632653061224,0
0.25,192,on,unknown,30,0,0.011214571320802606,0.075,0
0.25,192,on,unknown,31,0,0.006955484205593308,0.07692307692307693,0
0.25,192,on,unknown,32,0,0.007405114452016542,0.05263157894736842,0
0.25,192,on,unknown,33,0,0.006848347439871586,0.1,0
0.25,192,on,unknown,34,0,0.004190792032965873,0.07272727272727272,0
0.25,192,on,unknown,35,0,0.003519563244532027,0.05263157894736842,0
0.25,192,on,unknown,36,0,0.0,0.0,0
0.25,192,on,unknown,37,0,0.007779753317281014,0.06976744186046512,0
0.25,192,on,unknown,38,0,0.007761408894138238,0.08,0
0.25,192,on,unknown,39,0,0.006039046043467753,0.023255813953488372,0
0.25,192,on,unknown,40,0,0.005180075595701485,0.06382978723404255,0
0.25,192,on,unknown,41,0,0.00758775560921595,0.041666666666666664,0
0.25,192,on,unknown,42,0,0.0030594546259022975,0.015384615384615385,0
0.25,192,on,unknown,43,0,0.005862929197783118,0.025,0
0.25,192,on,unknown,44,0,0.005142052171374558,0.043478260869565216,0
0.25,192,on,unknown,45,0,0.006557593977003949,0.041666666666666664,0
0.25,192,on,unknown,46,0,0.005128729479688329,0.05357142857142857,0
0.25,192,on,unknown,47,0,0.0038764013649988435,0.02564102564102564,0
0.25,192,on,unknown,48,0,0.005079237612257505,0.05084745762711865,0
0.25,192,on,unknown,49,0,0.007987305967270824,0.08695652173913043,0
0.25,192,on,unknown,50,1,0.008687475782716616,0.02702702702702703,0
0.25,192,on,unknown,51,1,0.006980361417366381,0.027777777777777776,0
0.25,192,on,unknown,52,1,0.009629943614188135,0.03571428571428571,0
0.25,192,on,unknown,53,1,0.011451997463067555,0.06666666666666667,0
0.25,192,on,unknown,54,1,0.006716472052354862,0.02631578947368421,0
0.25,192,on,unknown,55,1,0.008301095462822575,0.05,0
0.25,192,on,unknown,56,1,0.009629943614188135,0.03225806451612903,0
0.25,192,on,unknown,57,1,0.009134423666564471,0.027777777777777776,0
0.25,192,on,unknown,58,1,0.008687475782716616,0.03125,0
0.25,192,on,unknown,59,1,0.008640609739997756,0.05128205128205128,0
0.25,192,on,unknown,60,1,0.010331208012220438,0.0625,0
0.25,192,on,unknown,61,1,0.008687475782716616,0.03125,0
0.25,192,on,unknown,62,1,0.007913247271422612,0.027777777777777776,0
0.25,192,on,unknown,63,1,0.014216645907653848,0.11538461538461539,0
0.25,192,on,unknown,64,1,0.009849349468888718,0.06060606060606061,0
0.25,192,on,unknown,65,1,0.009410489957951634,0.05,0
0.25,192,on,unknown,66,1,0.007575731225158965,0.02857142857142857,0
0.25,192,on,unknown,67,1,0.010862721615727716,0.06451612903225806,0
0.25,192,on,unknown,68,1,0.0,0.0,0
0.25,192,on,unknown,69,1,0.008687475782716616,0.029411764705882353,0
0.25,192,on,unknown,70,1,0.008640609739997756,0.05405405405405406,0
0.25,192,on,unknown,71,1,0.009009113474307318,0.05128205128205128,0
0.25,192,on,unknown,72,1,0.0,0.0,0
0.25,192,on,unknown,73,1,0.007575731225158965,0.027777777777777776,0
0.25,192,on,unknown,74,1,0.009849349468888718,0.03225806451612903,0
0.25,192,on,unknown,75,1,0.0,0.0,0
0.25,192,on,unknown,76,1,0.009849349468888718,0.05405405405405406,0
0.25,192,on,unknown,77,1,0.007575731225158965,0.025,0
0.25,192,on,unknown,78,1,0.010182425646195498,0.037037037037037035,0
0.25,192,on,unknown,79,1,0.007987276352377327,0.058823529411764705,0
0.25,192,on,unknown,80,1,0.009009113474307318,0.02857142857142857,0
0.25,192,on,unknown,81,1,0.008687475782716616,0.030303030303030304,0
0.25,192,on,unknown,82,1,0.0072658577559704465,0.02702702702702703,0
0.25,192,on,unknown,83,1,0.009410489957951634,0.03125,0
0.25,192,on,unknown,84,1,0.007575731225158965,0.029411764705882353,0
0.25,192,on,unknown,85,1,0.0,0.0,0
0.25,192,on,unknown,86,1,0.008687475782716616,0.03333333333333333,0
0.25,192,on,unknown,87,1,0.006716472052354862,0.023809523809523808,0
0.25,192,on,unknown,88,1,0.010331208012220438,0.06451612903225806,0
0.25,192,on,unknown,89,1,0.0,0.0,0
0.25,192,on,unknown,90,1,0.009134423666564471,0.03571428571428571,0
0.25,192,on,unknown,91,1,0.010331208012220438,0.06451612903225806,0
0.25,192,on,unknown,92,1,0.008282282660969604,0.034482758620689655,0
0.25,192,on,unknown,93,1,0.0,0.0,0
0.25,192,on,unknown,94,1,0.008687475782716616,0.03125,0
0.25,192,on,unknown,95,1,0.0,0.0,0
0.25,192,on,unknown,96,1,0.006980361417366381,0.02857142857142857,0
0.25,192,on,unknown,97,1,0.0,0.0,0
0.25,192,on,unknown,98,1,0.0,0.0,0
0.25,192,on,unknown,99,1,0.0,0.0,0
0.1,77,off,n/a,0,0,0.006747326930133964,0.044444444444444446,0
0.1,77,off,n/a,1,0,0.008429869592787348,0.10416666666666667,0
0.1,77,off,n/a,2,0,0.004005083261418276,0.07272727272727272,0
0.1,77,off,n/a,3,0,0.0028214910495562083,0.12698412698412698,0
0.1,77,off,n/a,4,0,0.010128952330932188,0.15,0
0.1,77,off,n/a,5,0,0.01041441909198652,0.06060606060606061,0
0.1,77,off,n/a,6,0,0.00860053126036714,0.1509433962264151,0
0.1,77,off,n/a,7,0,0.015648332845293322,0.16666666666666666,0
0.1,77,off,n/a,8,0,0.004782088475145759,0.023255813953488372,0
0.1,77,off,n/a,9,0,0.008715576396085669,0.09090909090909091,0
0.1,77,off,n/a,10,0,0.002407807936842958,0.017543859649122806,0
0.1,77,off,n/a,11,0,0.0027533469321095335,0.08928571428571429,0
0.1,77,off,n/a,12,0,0.01176070172629417,0.12962962962962962,0
0.1,77,off,n/a,13,0,0.005001922260208619,0.10204081632653061,0
0.1,77,off,n/a,14,0,0.011405735814121798,0.14035087719298245,0
0.1,77,off,n/a,15,0,0.005276906140871052,0.13043478260869565,0
0.1,77,off,n/a,16,0,0.010056942309807691,0.17307692307692307,0
0.1,77,off,n/a,17,0,0.011833064662823948,0.12121212121212122,0
0.1,77,off,n/a,18,0,0.022700301739742863,0.1891891891891892,0
0.1,77,off,n/a,19,0,0.007122853376210542,0.12903225806451613,0
0.1,77,off,n/a,20,0,0.011101427333144237,0.12244897959183673,0
0.1,77,off,n/a,21,0,0.0065694079847893475,0.09302325581395349,0
0.1,77,off,n/a,22,0,0.005482059383582943,0.08333333333333333,0
0.1,77,off,n/a,23,0,0.0044747261239867645,0.0784313725490196,0
0.1,77,off,n/a,24,0,0.015064359843345766,0.15555555555555556,0
0.1,77,off,n/a,25,0,0.011803393684857149,0.11363636363636363,0
0.1,77,off,n/a,26,0,0.006490687694360464,0.15384615384615385,0
0.1,77,off,n/a,27,0,0.018455692498266157,0.15,0
0.1,77,off,n/a,28,0,0.0018209623124816944,0.05970149253731343,0
0.1,77,off,n/a,29,0,0.007554707087432772,0.10204081632653061,0
0.1,77,off,n/a,30,0,0.00967763449717078,0.11363636363636363,0
0.1,77,off,n/a,31,0,0.01534704748527486,0.15,0
0.1,77,off,n/a,32,0,0.0051642323637791894,0.07272727272727272,0
0.1,77,off,n/a,33,0,0.006369515890794715,0.08,0
0.1,77,off,n/a,34,0,0.007912870748945682,0.14,0
0.1,77,off,n/a,35,0,0.004879528076694367,0.1346153846153846,0
0.1,77,off,n/a,36,0,0.009871721786705418,0.1,0
0.1,77,off,n/a,37,0,0.007467144719886332,0.07317073170731707,0
0.1,77,off,n/a,38,0,0.007339885901801748,0.09090909090909091,0
0.1,77,off,n/a,39,0,0.016493322952623245,0.125,0
0.1,77,off,n/a,40,0,0.014207121200849064,0.14893617021276595,0
0.1,77,off,n/a,41,0,0.010151030764283907,0.14285714285714285,0
0.1,77,off,n/a,42,0,0.00942333529146322,0.14516129032258066,0
0.1,77,off,n/a,43,0,0.009692826719304133,0.09523809523809523,0
0.1,77,off,n/a,44,0,0.013126896911762406,0.1702127659574468,0
0.1,77,off,n/a,45,0,0.007919973473770062,0.09523809523809523,0
0.1,77,off,n/a,46,0,0.005180075595701485,0.0784313725490196,0
0.1,77,off,n/a,47,0,0.005998531136461567,0.12195121951219512,0
0.1,77,off,n/a,48,0,0.00490927850483702,0.07142857142857142,0
0.1,77,off,n/a,49,0,0.017032682214628853,0.23076923076923078,0
0.1,77,off,n/a,50,1,0.011833064662823948,0.1388888888888889,0
0.1,77,off,n/a,51,1,0.011191021613657745,0.13333333333333333,0
0.1,77,off,n/a,52,1,0.008282282660969604,0.034482758620689655,0
0.1,77,off,n/a,53,1,0.010275474580767148,0.1111111111111111,0
0.1,77,off,n/a,54,1,0.011433361115787456,0.10344827586206896,0
0.1,77,off,n/a,55,1,0.022023814946586635,0.15151515151515152,0
0.1,77,off,n/a,56,1,0.017554679594930896,0.12121212121212122,0
0.1,77,off,n/a,57,1,0.012740810460323604,0.22857142857142856,0
0.1,77,off,n/a,58,1,0.010713701843513142,0.16666666666666666,0
0.1,77,off,n/a,59,1,0.021084454569051277,0.1935483870967742,0
0.1,77,off,n/a,60,1,0.019900763312868126,0.11538461538461539,0
0.1,77,off,n/a,61,1,0.013659149296955463,0.19230769230769232,0
0.1,77,off,n/a,62,1,0.010713701843513142,0.08571428571428572,0
0.1,77,off,n/a,63,1,0.011856660123276007,0.1724137931034483,0
0.1,77,off,n/a,64,1,0.011712916466550741,0.0625,0
0.1,77,off,n/a,65,1,0.02101654884156187,0.1875,0
0.1,77,off,n/a,66,1,0.0,0.0,0
0.1,77,off,n/a,67,1,0.009186672262412125,0.10344827586206896,0
0.1,77,off,n/a,68,1,0.0151463165231073,0.1,0
0.1,77,off,n/a,69,1,0.011328360454400999,0.15151515151515152,0
0.1,77,off,n/a,70,1,0.01041441909198652,0.0967741935483871,0
0.1,77,off,n/a,71,1,0.01287150253861497,0.25,0
0.1,77,off,n/a,72,1,0.010862721615727716,0.07142857142857142,0
0.1,77,off,n/a,73,1,0.008517399705356638,0.08823529411764706,0
0.1,77,off,n/a,74,1,0.02022202784230022,0.16666666666666666,0
0.1,77,off,n/a,75,1,0.011328360454400999,0.18518518518518517,0
0.1,77,off,n/a,76,1,0.011833064662823948,0.1724137931034483,0
0.1,77,off,n/a,77,1,0.011433361115787456,0.08571428571428572,0
0.1,77,off,n/a,78,1,0.010900096978029118,0.125,0
0.1,77,off,n/a,79,1,0.008830895300928163,0.0967741935483871,0
0.1,77,off,n/a,80,1,0.011328360454400999,0.13793103448275862,0
0.1,77,off,n/a,81,1,0.012285946074705657,0.14285714285714285,0
0.1,77,off,n/a,82,1,0.007988739893685173,0.12121212121212122,0
0.1,77,off,n/a,83,1,0.009871721786705418,0.09375,0
0.1,77,off,n/a,84,1,0.011433361115787456,0.10344827586206896,0
0.1,77,off,n/a,85,1,0.011191021613657745,0.07894736842105263,0
0.1,77,off,n/a,86,1,0.01772984226469502,0.10344827586206896,0
0.1,77,off,n/a,87,1,0.009498525867740094,0.11428571428571428,0
0.1,77,off,n/a,88,1,0.017554679594930896,0.12903225806451613,0
0.1,77,off,n/a,89,1,0.010511846841633778,0.18181818181818182,0
0.1,77,off,n/a,90,1,0.010182425646195498,0.038461538461538464,0
0.1,77,off,n/a,91,1,0.007913247271422612,0.03125,0
0.1,77,off,n/a,92,1,0.0,0.0,0
0.1,77,off,n/a,93,1,0.0,0.0,0
0.1,77,off,n/a,94,1,0.016891032976324306,0.10344827586206896,0
0.1,77,off,n/a,95,1,0.010802314890908065,0.03571428571428571,0
0.1,77,off,n/a,96,1,0.012021577610863726,0.10344827586206896,0
0.1,77,off,n/a,97,1,0.012285946074705657,0.15384615384615385,0
0.1,77,off,n/a,98,1,0.0072658577559704465,0.029411764705882353,0
0.1,77,off,n/a,99,1,0.007575731225158965,0.03125,0
0.1,77,on,known,0,0,0.006747326930133964,0.044444444444444446,0
0.1,77,on,known,1,0,0.008429869592787348,0.10416666666666667,0
0.1,77,on,known,2,0,0.004005083261418276,0.07272727272727272,0
0.1,77,on,known,3,0,0.0028214910495562083,0.12698412698412698,0
0.1,77,on,known,4,0,0.010128952330932188,0.15,0
0.1,77,on,known,5,0,0.01041441909198652,0.06060606060606061,0
0.1,77,on,known,6,0,0.00860053126036714,0.1509433962264151,0
0.1,77,on,known,7,0,0.015648332845293322,0.16666666666666666,0
0.1,77,on,known,8,0,0.004782088475145759,0.023255813953488372,0
0.1,77,on,known,9,0,0.008715576396085669,0.09090909090909091,0
0.1,77,on,known,10,0,0.002407807936842958,0.017543859649122806,0
0.1,77,on,known,11,0,0.0027533469321095335,0.08928571428571429,0
0.1,77,on,known,12,0,0.01176070172629417,0.12962962962962962,0
0.1,77,on,known,13,0,0.005001922260208619,0.10204081632653061,0
0.1,77,on,known,14,0,0.011405735814121798,0.14035087719298245,0
0.1,77,on,known,15,0,0.005276906140871052,0.13043478260869565,0
0.1,77,on,known,16,0,0.010056942309807691,0.17307692307692307,0
0.1,77,on,known,17,0,0.011833064662823948,0.12121212121212122,0
0.1,77,on,known,18,0,0.022700301739742863,0.1891891891891892,0
0.1,77,on,known,19,0,0.007122853376210542,0.12903225806451613,0
0.1,77,on,known,20,0,0.011101427333144237,0.12244897959183673,0
0.1,77,on,known,21,0,0.0065694079847893475,0.09302325581395349,0
0.1,77,on,known,22,0,0.005482059383582943,0.08333333333333333,0
0.1,77,on,known,23,0,0.0044747261239867645,0.0784313725490196,0
0.1,77,on,known,24,0,0.015064359843345766,0.15555555555555556,0
0.1,77,on,known,25,0,0.011803393684857149,0.11363636363636363,0
0.1,77,on,known,26,0,0.006490687694360464,0.15384615384615385,0
0.1,77,on,known,27,0,0.018455692498266157,0.15,0
0.1,77,on,known,28,0,0.0018209623124816944,0.05970149253731343,0
0.1,77,on,known,29,0,0.007554707087432772,0.10204081632653061,0
0.1,77,on,known,30,0,0.00967763449717078,0.11363636363636363,0
0.1,77,on,known,31,0,0.01534704748527486,0.15,0
0.1,77,on,known,32,0,0.0051642323637791894,0.07272727272727272,0
0.1,77,on,known,33,0,0.006369515890794715,0.08,0
0.1,77,on,known,34,0,0.007912870748945682,0.14,0
0.1,77,on,known,35,0,0.004879528076694367,0.1346153846153846,0
0.1,77,on,known,36,0,0.009871721786705418,0.1,0
0.1,77,on,known,37,0,0.007467144719886332,0.07317073170731707,0
0.1,77,on,known,38,0,0.007339885901801748,0.09090909090909091,0
0.1,77,on,known,39,0,0.016493322952623245,0.125,0
0.1,77,on,known,40,0,0.014207121200849064,0.14893617021276595,0
0.1,77,on,known,41,0,0.010151030764283907,0.14285714285714285,0
0.1,77,on,known,42,0,0.00942333529146322,0.14516129032258066,0
0.1,77,on,known,43,0,0.009692826719304133,0.09523809523809523,0
0.1,77,on,known,44,0,0.013126896911762406,0.1702127659574468,0
0.1,77,on,known,45,0,0.007919973473770062,0.09523809523809523,0
0.1,77,on,known,46,0,0.005180075595701485,0.0784313725490196,0
0.1,77,on,known,47,0,0.005998531136461567,0.12195121951219512,0
0.1,77,on,known,48,0,0.00490927850483702,0.07142857142857142,0
0.1,77,on,known,49,0,0.017032682214628853,0.23076923076923078,0
0.1,77,on,known,50,1,0.011833064662823948,0.1388888888888889,0
0.1,77,on,known,51,1,0.011191021613657745,0.13333333333333333,0
0.1,77,on,known,52,1,0.008282282660969604,0.034482758620689655,0
0.1,77,on,known,53,1,0.010275474580767148,0.1111111111111111,0
0.1,77,on,known,54,1,0.011433361115787456,0.10344827586206896,0
0.1,77,on,known,55,1,0.022023814946586635,0.15151515151515152,0
0.1,77,on,known,56,1,0.017554679594930896,0.12121212121212122,0
0.1,77,on,known,57,1,0.012740810460323604,0.22857142857142856,0
0.1,77,on,known,58,1,0.010713701843513142,0.16666666666666666,0
0.1,77,on,known,59,1,0.021084454569051277,0.1935483870967742,0
0.1,77,on,known,60,1,0.019900763312868126,0.11538461538461539,0
0.1,77,on,known,61,1,0.013659149296955463,0.19230769230769232,0
0.1,77,on,known,62,1,0.010713701843513142,0.08571428571428572,0
0.1,77,on,known,63,1,0.011856660123276007,0.1724137931034483,0
0.1,77,on,known,64,1,0.011712916466550741,0.0625,0
0.1,77,on,known,65,1,0.02101654884156187,0.1875,0
0.1,77,on,known,66,1,0.0,0.0,0
0.1,77,on,known,67,1,0.009186672262412125,0.10344827586206896,0
0.1,77,on,known,68,1,0.0151463165231073,0.1,0
0.1,77,on,known,69,1,0.011328360454400999,0.15151515151515152,0
0.1,77,on,known,70,1,0.01041441909198652,0.0967741935483871,0
0.1,77,on,known,71,1,0.01287150253861497,0.25,0
0.1,77,on,known,72,1,0.010862721615727716,0.07142857142857142,0
0.1,77,on,known,73,1,0.008517399705356638,0.08823529411764706,0
0.1,77,on,known,74,1,0.02022202784230022,0.16666666666666666,0
0.1,77,on,known,75,1,0.011328360454400999,0.18518518518518517,0
0.1,77,on,known,76,1,0.011833064662823948,0.1724137931034483,0
0.1,77,on,known,77,1,0.011433361115787456,0.08571428571428572,0
0.1,77,on,known,78,1,0.010900096978029118,0.125,0
0.1,77,on,known,79,1,0.008830895300928163,0.0967741935483871,0
0.1,77,on,known,80,1,0.011328360454400999,0.13793103448275862,0
0.1,77,on,known,81,1,0.012285946074705657,0.14285714285714285,0
0.1,77,on,known,82,1,0.007988739893685173,0.12121212121212122,0
0.1,77,on,known,83,1,0.009871721786705418,0.09375,0
0.1,77,on,known,84,1,0.011433361115787456,0.10344827586206896,0
0.1,77,on,known,85,1,0.011191021613657745,0.07894736842105263,0
0.1,77,on,known,86,1,0.01772984226469502,0.10344827586206896,0
0.1,77,on,known,87,1,0.009498525867740094,0.11428571428571428,0
0.1,77,on,known,88,1,0.017554679594930896,0.12903225806451613,0
0.1,77,on,known,89,1,0.010511846841633778,0.18181818181818182,0
0.1,77,on,known,90,1,0.010182425646195498,0.038461538461538464,0
0.1,77,on,known,91,1,0.007913247271422612,0.03125,0
0.1,77,on,known,92,1,0.0,0.0,0
0.1,77,on,known,93,1,0.0,0.0,0
0.1,77,on,known,94,1,0.016891032976324306,0.10344827586206896,0
0.1,77,on,known,95,1,0.010802314890908065,0.03571428571428571,0
0.1,77,on,known,96,1,0.012021577610863726,0.10344827586206896,0
0.1,77,on,known,97,1,0.012285946074705657,0.15384615384615385,0
0.1,77,on,known,98,1,0.0072658577559704465,0.029411764705882353,0
0.1,77,on,known,99,1,0.007575731225158965,0.03125,0
0.1,77,on,unknown,0,0,0.005673803028094499,0.02127659574468085,0
0.1,77,on,unknown,1,0,0.005987743757490555,0.041666666666666664,0
0.1,77,on,unknown,2,0,0.0037307410516792434,0.031746031746031744,0
0.1,77,on,unknown,3,0,0.0022182796069959414,0.0967741935483871,0
0.1,77,on,unknown,4,0,0.010900096978029118,0.07692307692307693,0
0.1,77,on,unknown,5,0,0.008640609739997756,0.05714285714285714,0
0.1,77,on,unknown,6,0,0.001751085915803576,0.02,0
0.1,77,on,unknown,7,0,0.006557593977003949,0.04,0
0.1,77,on,unknown,8,0,0.005133859649043429,0.022222222222222223,0
0.1,77,on,unknown,9,0,0.006945987576301768,0.046511627906976744,0
0.1,77,on,unknown,10,0,0.0029728778084041067,0.05263157894736842,0
0.1,77,on,unknown,11,0,0.003967977037793691,0.045454545454545456,0
0.1,77,on,unknown,12,0,0.004323933237956443,0.03278688524590164,0
0.1,77,on,unknown,13,0,0.004785218736437668,0.05357142857142857,0
0.1,77,on,unknown,14,0,0.0036759630932549628,0.05172413793103448,0
0.1,77,on,unknown,15,0,0.003955029971472,0.01818181818181818,0
0.1,77,on,unknown,16,0,0.0046211581602748275,0.06779661016949153,0
0.1,77,on,unknown,17,0,0.022023814946586635,0.14705882352941177,0
0.1,77,on,unknown,18,0,0.0,0.0,0
0.1,77,on,unknown,19,0,0.00402506554275771,0.07575757575757576,0
0.1,77,on,unknown,20,0,0.005233870136627486,0.08333333333333333,0
0.1,77,on,unknown,21,0,0.011577822581267161,0.046511627906976744,0
0.1,77,on,unknown,22,0,0.005967684246711442,0.05357142857142857,0
0.1,77,on,unknown,23,0,0.004164201874133189,0.038461538461538464,0
0.1,77,on,unknown,24,0,0.005240794725920245,0.03773584905660377,0
0.1,77,on,unknown,25,0,0.004983652174417091,0.04081632653061224,0
0.1,77,on,unknown,26,0,0.008486388365107988,0.125,0
0.1,77,on,unknown,27,0,0.009607695286097472,0.11904761904761904,0
0.1,77,on,unknown,28,0,0.0027765474095976465,0.07575757575757576,0
0.1,77,on,unknown,29,0,0.005130645584475619,0.04,0
0.1,77,on,unknown,30,0,0.009433433436019531,0.047619047619047616,0
0.1,77,on,unknown,31,0,0.006433555681148646,0.047619047619047616,0
0.1,77,on,unknown,32,0,0.0033030976229511022,0.037037037037037035,0
0.1,77,on,unknown,33,0,0.0065683777046755655,0.07692307692307693,0
0.1,77,on,unknown,34,0,0.0036659473508938553,0.07547169811320754,0
0.1,77,on,unknown,35,0,0.008677164309492422,0.10714285714285714,0
0.1,77,on,unknown,36,0,0.007913247271422612,0.025,0
0.1,77,on,unknown,37,0,0.006747326930133964,0.045454545454545456,0
0.1,77,on,unknown,38,0,0.005642567096167043,0.09302325581395349,0
0.1,77,on,unknown,39,0,0.006109047004908763,0.021739130434782608,0
0.1,77,on,unknown,40,0,0.005257223051043089,0.057692307692307696,0
0.1,77,on,unknown,41,0,0.005862929197783118,0.022727272727272728,0
0.1,77,on,unknown,42,0,0.003089168994880957,0.046153846153846156,0
0.1,77,on,unknown,43,0,0.0076770600912227874,0.045454545454545456,0
0.1,77,on,unknown,44,0,0.004320562457142147,0.044444444444444446,0
0.1,77,on,unknown,45,0,0.007535332437964715,0.061224489795918366,0
0.1,77,on,unknown,46,0,0.005511178487330077,0.07547169811320754,0
0.1,77,on,unknown,47,0,0.005695081743077666,0.06818181818181818,0
0.1,77,on,unknown,48,0,0.004568598431286822,0.05357142857142857,0
0.1,77,on,unknown,49,0,0.008164630126650306,0.09523809523809523,0
0.1,77,on,unknown,50,1,0.007575731225158965,0.02564102564102564,0
0.1,77,on,unknown,51,1,0.0,0.0,0
0.1,77,on,unknown,52,1,0.009009113474307318,0.03225806451612903,0
0.1,77,on,unknown,53,1,0.008517399705356638,0.07894736842105263,0
0.1,77,on,unknown,54,1,0.006032401726201458,0.027777777777777776,0
0.1,77,on,unknown,55,1,0.009410489957951634,0.05128205128205128,0
0.1,77,on,unknown,56,1,0.010862721615727716,0.0625,0
0.1,77,on,unknown,57,1,0.010331208012220438,0.05263157894736842,0
0.1,77,on,unknown,58,1,0.009410489957951634,0.06060606060606061,0
0.1,77,on,unknown,59,1,0.009970222994544455,0.08333333333333333,0
0.1,77,on,unknown,60,1,0.010864991539917157,0.09090909090909091,0
0.1,77,on,unknown,61,1,0.009134423666564471,0.03125,0
0.1,77,on,unknown,62,1,0.008517399705356638,0.05263157894736842,0
0.1,77,on,unknown,63,1,0.011191021613657745,0.0967741935483871,0
0.1,77,on,unknown,64,1,0.009849349468888718,0.05714285714285714,0
0.1,77,on,unknown,65,1,0.008517399705356638,0.07692307692307693,0
0.1,77,on,unknown,66,1,0.008687475782716616,0.03333333333333333,0
0.1,77,on,unknown,67,1,0.008301095462822575,0.05714285714285714,0
0.1,77,on,unknown,68,1,0.009009113474307318,0.058823529411764705,0
0.1,77,on,unknown,69,1,0.009849349468888718,0.05555555555555555,0
0.1,77,on,unknown,70,1,0.009410489957951634,0.05405405405405406,0
0.1,77,on,unknown,71,1,0.009134423666564471,0.02857142857142857,0
0.1,77,on,unknown,72,1,0.007913247271422612,0.029411764705882353,0
0.1,77,on,unknown,73,1,0.008687475782716616,0.029411764705882353,0
0.1,77,on,unknown,74,1,0.008830895300928163,0.09090909090909091,0
0.1,77,on,unknown,75,1,0.009134423666564471,0.03333333333333333,0
0.1,77,on,unknown,76,1,0.007987276352377327,0.05128205128205128,0
0.1,77,on,unknown,77,1,0.008301095462822575,0.05128205128205128,0
0.1,77,on,unknown,78,1,0.009871721786705418,0.0625,0
0.1,77,on,unknown,79,1,0.011833064662823948,0.10344827586206896,0
0.1,77,on,unknown,80,1,0.008640609739997756,0.03125,0
0.1,77,on,unknown,81,1,0.008301095462822575,0.05405405405405406,0
0.1,77,on,unknown,82,1,0.007987276352377327,0.05263157894736842,0
0.1,77,on,unknown,83,1,0.01041441909198652,0.0625,0
0.1,77,on,unknown,84,1,0.0,0.0,0
0.1,77,on,unknown,85,1,0.00956240657444202,0.08333333333333333,0
0.1,77,on,unknown,86,1,0.009009113474307318,0.030303030303030304,0
0.1,77,on,unknown,87,1,0.009186672262412125,0.05555555555555555,0
0.1,77,on,unknown,88,1,0.011191021613657745,0.0967741935483871,0
0.1,77,on,unknown,89,1,0.009410489957951634,0.05263157894736842,0
0.1,77,on,unknown,90,1,0.01041441909198652,0.06451612903225806,0
0.1,77,on,unknown,91,1,0.008640609739997756,0.030303030303030304,0
0.1,77,on,unknown,92,1,0.0,0.0,0
0.1,77,on,unknown,93,1,0.009009113474307318,0.029411764705882353,0
0.1,77,on,unknown,94,1,0.008839374326825921,0.07407407407407407,0
0.1,77,on,unknown,95,1,0.0072658577559704465,0.02857142857142857,0
0.1,77,on,unknown,96,1,0.005834347180338519,0.02857142857142857,0
0.1,77,on,unknown,97,1,0.006716472052354862,0.02631578947368421,0
0.1,77,on,unknown,98,1,0.007575731225158965,0.029411764705882353,0
0.1,77,on,unknown,99,1,0.007913247271422612,0.03125,0
