cells,m,method,n_seeds,n_targets_per_seed,mean_anchors_in_target_cell,cosine_mean,cosine_ci_low,cosine_ci_high,r1_mean,r1_ci_low,r1_ci_high,r10_mean,r10_ci_low,r10_ci_high,coverage_any_mean,coverage_any_ci_low,coverage_any_ci_high,coverage_full_rank_mean,coverage_full_rank_ci_low,coverage_full_rank_ci_high
1,32,no_attack,3,256,32.0,-0.0059497628455588225,-0.010211254120131713,-0.0013885826673928543,0.0,0.0,0.0,0.0,0.0,0.0,1.0,1.0,1.0,0.0,0.0,0.0
1,32,ols_pinv,3,256,32.0,0.35564194205898936,0.35110016628559465,0.359914932238679,0.98828125,0.9791666666666666,0.99609375,1.0,1.0,1.0,1.0,1.0,1.0,0.0,0.0,0.0
1,32,oracle_true_residual,3,256,32.0,1.0000000079849027,1.0000000021850415,1.0000000135824427,1.0,1.0,1.0,1.0,1.0,1.0,1.0,1.0,1.0,0.0,0.0,0.0
1,32,polar_ols,3,256,32.0,0.1280199840578423,0.12049299088208641,0.13595463172385047,0.06380208333333333,0.04098307291666667,0.08984375,0.20182291666666666,0.17379557291666667,0.23177083333333334,1.0,1.0,1.0,0.0,0.0,0.0
1,32,procrustes_partial,3,256,32.0,0.13315351060100292,0.12864535536592472,0.13741707460063116,0.05859375,0.03317057291666667,0.08333333333333333,0.18880208333333334,0.16145833333333334,0.21875,1.0,1.0,1.0,0.0,0.0,0.0
1,32,ridge_alpha0,3,256,32.0,0.35564194205898936,0.35101029298855035,0.3597920545048897,0.98828125,0.9791666666666666,0.99609375,1.0,1.0,1.0,1.0,1.0,1.0,0.0,0.0,0.0
1,32,ridge_cv,3,256,32.0,0.35564194269340255,0.3508933062796982,0.35925815806194533,0.98828125,0.9784830729166667,0.99609375,1.0,1.0,1.0,1.0,1.0,1.0,0.0,0.0,0.0
1,64,no_attack,3,256,64.0,-0.0059497628455588225,-0.010092770931578244,-0.0014737239793166904,0.0,0.0,0.0,0.0,0.0,0.0,1.0,1.0,1.0,0.0,0.0,0.0
1,64,ols_pinv,3,256,64.0,0.5008559789478962,0.4977995922132238,0.5038501198619256,1.0,1.0,1.0,1.0,1.0,1.0,1.0,1.0,1.0,0.0,0.0,0.0
1,64,oracle_true_residual,3,256,64.0,1.0000000079849027,1.0000000029800318,1.000000013205293,1.0,1.0,1.0,1.0,1.0,1.0,1.0,1.0,1.0,0.0,0.0,0.0
1,64,polar_ols,3,256,64.0,0.24931730120355153,0.24292533717847092,0.25521861317165423,0.6223958333333334,0.5800455729166667,0.6595377604166667,0.8567708333333334,0.82353515625,0.88671875,1.0,1.0,1.0,0.0,0.0,0.0
1,64,procrustes_partial,3,256,64.0,0.25529025129696103,0.24928976083095047,0.261252666881137,0.6796875,0.6425455729166667,0.7129231770833333,0.8763020833333334,0.8502604166666666,0.9056315104166667,1.0,1.0,1.0,0.0,0.0,0.0
1,64,ridge_alpha0,3,256,64.0,0.5008559789478962,0.4975626614422644,0.5040921469182869,1.0,1.0,1.0,1.0,1.0,1.0,1.0,1.0,1.0,0.0,0.0,0.0
1,64,ridge_cv,3,256,64.0,0.5008559795175924,0.4975294036196244,0.5039376042071495,1.0,1.0,1.0,1.0,1.0,1.0,1.0,1.0,1.0,0.0,0.0,0.0
1,128,no_attack,3,256,128.0,-0.0059497628455588225,-0.01017243916219696,-0.0014511839498258258,0.0,0.0,0.0,0.0,0.0,0.0,1.0,1.0,1.0,0.0,0.0,0.0
1,128,ols_pinv,3,256,128.0,0.7038878301224001,0.7011109397787192,0.706849333171015,1.0,1.0,1.0,1.0,1.0,1.0,1.0,1.0,1.0,0.0,0.0,0.0
1,128,oracle_true_residual,3,256,128.0,1.0000000079849027,1.0000000026145925,1.0000000133504268,1.0,1.0,1.0,1.0,1.0,1.0,1.0,1.0,1.0,0.0,0.0,0.0
1,128,polar_ols,3,256,128.0,0.49836477324745854,0.4936183519581332,0.5031787176634014,1.0,1.0,1.0,1.0,1.0,1.0,1.0,1.0,1.0,0.0,0.0,0.0
1,128,procrustes_partial,3,256,128.0,0.4954302135585265,0.4905941175024732,0.5005267820774425,1.0,1.0,1.0,1.0,1.0,1.0,1.0,1.0,1.0,0.0,0.0,0.0
1,128,ridge_alpha0,3,256,128.0,0.7038878301224001,0.7013117778603861,0.7065220948547942,1.0,1.0,1.0,1.0,1.0,1.0,1.0,1.0,1.0,0.0,0.0,0.0
1,128,ridge_cv,3,256,128.0,0.7038878281512885,0.7013239091995652,0.7068342539338438,1.0,1.0,1.0,1.0,1.0,1.0,1.0,1.0,1.0,0.0,0.0,0.0
1,256,no_attack,3,256,256.0,-0.0059497628455588225,-0.010320029783296962,-0.0016894619348892682,0.0,0.0,0.0,0.0,0.0,0.0,1.0,1.0,1.0,0.0,0.0,0.0
1,256,ols_pinv,3,256,256.0,0.9598461372668526,0.9589948105174914,0.9606443484927931,1.0,1.0,1.0,1.0,1.0,1.0,1.0,1.0,1.0,0.0,0.0,0.0
1,256,oracle_true_residual,3,256,256.0,1.0000000079849027,1.000000003142591,1.0000000128208755,1.0,1.0,1.0,1.0,1.0,1.0,1.0,1.0,1.0,0.0,0.0,0.0
1,256,polar_ols,3,256,256.0,0.9236456867497749,0.9207879315835419,0.9267665114902117,1.0,1.0,1.0,1.0,1.0,1.0,1.0,1.0,1.0,0.0,0.0,0.0
1,256,procrustes_partial,3,256,256.0,0.9222263316631064,0.9190285211483332,0.9260669628380008,1.0,1.0,1.0,1.0,1.0,1.0,1.0,1.0,1.0,0.0,0.0,0.0
1,256,ridge_alpha0,3,256,256.0,0.9598461372668526,0.9590112181774847,0.9605939410402256,1.0,1.0,1.0,1.0,1.0,1.0,1.0,1.0,1.0,0.0,0.0,0.0
1,256,ridge_cv,3,256,256.0,0.9598461388721308,0.9589980840203391,0.9606535814973249,1.0,1.0,1.0,1.0,1.0,1.0,1.0,1.0,1.0,0.0,0.0,0.0
1,512,no_attack,3,256,512.0,-0.0059497628455588225,-0.010241821041049629,-0.0015263828800493918,0.0,0.0,0.0,0.0,0.0,0.0,1.0,1.0,1.0,1.0,1.0,1.0
1,512,ols_pinv,3,256,512.0,1.0000000039187167,0.9999999996365657,1.0000000081953375,1.0,1.0,1.0,1.0,1.0,1.0,1.0,1.0,1.0,1.0,1.0,1.0
1,512,oracle_true_residual,3,256,512.0,1.0000000079849027,1.0000000022258526,1.000000013603103,1.0,1.0,1.0,1.0,1.0,1.0,1.0,1.0,1.0,1.0,1.0,1.0
1,512,polar_ols,3,256,512.0,1.0000000017456454,0.9999999977379456,1.0000000060532157,1.0,1.0,1.0,1.0,1.0,1.0,1.0,1.0,1.0,1.0,1.0,1.0
1,512,procrustes_partial,3,256,512.0,1.0000000038007237,0.9999999998208184,1.0000000081104619,1.0,1.0,1.0,1.0,1.0,1.0,1.0,1.0,1.0,1.0,1.0,1.0
1,512,ridge_alpha0,3,256,512.0,1.0000000039187167,0.9999999998402245,1.0000000083980087,1.0,1.0,1.0,1.0,1.0,1.0,1.0,1.0,1.0,1.0,1.0,1.0
1,512,ridge_cv,3,256,512.0,1.0000000039187167,0.9999999995528995,1.0000000081187226,1.0,1.0,1.0,1.0,1.0,1.0,1.0,1.0,1.0,1.0,1.0,1.0
1,1024,no_attack,3,256,1024.0,-0.0059497628455588225,-0.010061506856597647,-0.0016875328671532885,0.0,0.0,0.0,0.0,0.0,0.0,1.0,1.0,1.0,1.0,1.0,1.0
1,1024,ols_pinv,3,256,1024.0,1.000000005523493,1.0000000001676013,1.0000000103263285,1.0,1.0,1.0,1.0,1.0,1.0,1.0,1.0,1.0,1.0,1.0,1.0
1,1024,oracle_true_residual,3,256,1024.0,1.0000000079849027,1.000000002522175,1.000000013188325,1.0,1.0,1.0,1.0,1.0,1.0,1.0,1.0,1.0,1.0,1.0,1.0
1,1024,polar_ols,3,256,1024.0,1.0000000011742298,0.9999999965543397,1.0000000064110668,1.0,1.0,1.0,1.0,1.0,1.0,1.0,1.0,1.0,1.0,1.0,1.0
1,1024,procrustes_partial,3,256,1024.0,1.0000000020039022,0.9999999978548817,1.000000006222669,1.0,1.0,1.0,1.0,1.0,1.0,1.0,1.0,1.0,1.0,1.0,1.0
1,1024,ridge_alpha0,3,256,1024.0,1.000000005523493,1.000000000694046,1.0000000097907356,1.0,1.0,1.0,1.0,1.0,1.0,1.0,1.0,1.0,1.0,1.0,1.0
1,1024,ridge_cv,3,256,1024.0,1.000000005523493,1.0000000007468421,1.0000000109636615,1.0,1.0,1.0,1.0,1.0,1.0,1.0,1.0,1.0,1.0,1.0,1.0
1,2048,no_attack,3,256,2048.0,-0.0059497628455588225,-0.010242824538248357,-0.0020994251704026293,0.0,0.0,0.0,0.0,0.0,0.0,1.0,1.0,1.0,1.0,1.0,1.0
1,2048,ols_pinv,3,256,2048.0,1.0000000040394035,0.9999999989818945,1.000000008521136,1.0,1.0,1.0,1.0,1.0,1.0,1.0,1.0,1.0,1.0,1.0,1.0
1,2048,oracle_true_residual,3,256,2048.0,1.0000000079849027,1.0000000023661484,1.000000013136423,1.0,1.0,1.0,1.0,1.0,1.0,1.0,1.0,1.0,1.0,1.0,1.0
1,2048,polar_ols,3,256,2048.0,1.000000004314271,1.0000000001522087,1.0000000090442585,1.0,1.0,1.0,1.0,1.0,1.0,1.0,1.0,1.0,1.0,1.0,1.0
1,2048,procrustes_partial,3,256,2048.0,1.0000000017877853,0.9999999980679776,1.0000000057474503,1.0,1.0,1.0,1.0,1.0,1.0,1.0,1.0,1.0,1.0,1.0,1.0
1,2048,ridge_alpha0,3,256,2048.0,1.0000000040394035,0.9999999994799741,1.000000008364421,1.0,1.0,1.0,1.0,1.0,1.0,1.0,1.0,1.0,1.0,1.0,1.0
1,2048,ridge_cv,3,256,2048.0,1.0000000040394035,0.9999999989285565,1.0000000085108864,1.0,1.0,1.0,1.0,1.0,1.0,1.0,1.0,1.0,1.0,1.0,1.0
1,4096,no_attack,3,256,4096.0,-0.0059497628455588225,-0.010590442205837788,-0.001337766989844848,0.0,0.0,0.0,0.0,0.0,0.0,1.0,1.0,1.0,1.0,1.0,1.0
1,4096,ols_pinv,3,256,4096.0,1.0000000041778405,1.0000000001283997,1.0000000081181544,1.0,1.0,1.0,1.0,1.0,1.0,1.0,1.0,1.0,1.0,1.0,1.0
1,4096,oracle_true_residual,3,256,4096.0,1.0000000079849027,1.0000000022952342,1.0000000138764316,1.0,1.0,1.0,1.0,1.0,1.0,1.0,1.0,1.0,1.0,1.0,1.0
1,4096,polar_ols,3,256,4096.0,1.0000000047535114,1.0000000010837482,1.00000000883225,1.0,1.0,1.0,1.0,1.0,1.0,1.0,1.0,1.0,1.0,1.0,1.0
1,4096,procrustes_partial,3,256,4096.0,1.0000000012338788,0.9999999961787078,1.0000000056872327,1.0,1.0,1.0,1.0,1.0,1.0,1.0,1.0,1.0,1.0,1.0,1.0
1,4096,ridge_alpha0,3,256,4096.0,1.0000000041778405,0.9999999996288883,1.0000000081789837,1.0,1.0,1.0,1.0,1.0,1.0,1.0,1.0,1.0,1.0,1.0,1.0
1,4096,ridge_cv,3,256,4096.0,1.0000000041778405,0.9999999997598277,1.0000000078823796,1.0,1.0,1.0,1.0,1.0,1.0,1.0,1.0,1.0,1.0,1.0,1.0
1,8192,no_attack,3,256,8192.0,-0.0059497628455588225,-0.010116791345340565,-0.0014684332167802343,0.0,0.0,0.0,0.0,0.0,0.0,1.0,1.0,1.0,1.0,1.0,1.0
1,8192,ols_pinv,3,256,8192.0,1.0000000053181777,1.000000001081901,1.0000000095977915,1.0,1.0,1.0,1.0,1.0,1.0,1.0,1.0,1.0,1.0,1.0,1.0
1,8192,oracle_true_residual,3,256,8192.0,1.0000000079849027,1.0000000030185,1.0000000129387654,1.0,1.0,1.0,1.0,1.0,1.0,1.0,1.0,1.0,1.0,1.0,1.0
1,8192,polar_ols,3,256,8192.0,1.0000000036562657,0.9999999993495282,1.0000000079820888,1.0,1.0,1.0,1.0,1.0,1.0,1.0,1.0,1.0,1.0,1.0,1.0
1,8192,procrustes_partial,3,256,8192.0,1.0000000016919426,0.9999999974964118,1.000000005811257,1.0,1.0,1.0,1.0,1.0,1.0,1.0,1.0,1.0,1.0,1.0,1.0
1,8192,ridge_alpha0,3,256,8192.0,1.0000000053181777,1.0000000009594434,1.0000000094692745,1.0,1.0,1.0,1.0,1.0,1.0,1.0,1.0,1.0,1.0,1.0,1.0
1,8192,ridge_cv,3,256,8192.0,1.0000000053181777,1.0000000011453865,1.000000009631903,1.0,1.0,1.0,1.0,1.0,1.0,1.0,1.0,1.0,1.0,1.0,1.0
1,16384,no_attack,3,256,16384.0,-0.0059497628455588225,-0.01003765563779462,-0.0018839576465404565,0.0,0.0,0.0,0.0,0.0,0.0,1.0,1.0,1.0,1.0,1.0,1.0
1,16384,ols_pinv,3,256,16384.0,1.000000005142178,1.0000000007883012,1.000000009538832,1.0,1.0,1.0,1.0,1.0,1.0,1.0,1.0,1.0,1.0,1.0,1.0
1,16384,oracle_true_residual,3,256,16384.0,1.0000000079849027,1.0000000025850768,1.0000000130649815,1.0,1.0,1.0,1.0,1.0,1.0,1.0,1.0,1.0,1.0,1.0,1.0
1,16384,polar_ols,3,256,16384.0,1.0000000041399366,0.9999999992922418,1.0000000086207956,1.0,1.0,1.0,1.0,1.0,1.0,1.0,1.0,1.0,1.0,1.0,1.0
1,16384,procrustes_partial,3,256,16384.0,1.0000000018492459,0.9999999967332737,1.0000000067345582,1.0,1.0,1.0,1.0,1.0,1.0,1.0,1.0,1.0,1.0,1.0,1.0
1,16384,ridge_alpha0,3,256,16384.0,1.000000005142178,1.000000000218638,1.000000009747413,1.0,1.0,1.0,1.0,1.0,1.0,1.0,1.0,1.0,1.0,1.0,1.0
1,16384,ridge_cv,3,256,16384.0,1.000000005142178,1.0000000006884167,1.0000000093775705,1.0,1.0,1.0,1.0,1.0,1.0,1.0,1.0,1.0,1.0,1.0,1.0
1,32768,no_attack,3,256,32768.0,-0.0059497628455588225,-0.010202989709015299,-0.0018419649426262565,0.0,0.0,0.0,0.0,0.0,0.0,1.0,1.0,1.0,1.0,1.0,1.0
1,32768,ols_pinv,3,256,32768.0,1.0000000047854896,0.9999999993810446,1.0000000098072104,1.0,1.0,1.0,1.0,1.0,1.0,1.0,1.0,1.0,1.0,1.0,1.0
1,32768,oracle_true_residual,3,256,32768.0,1.0000000079849027,1.0000000030193603,1.000000012939582,1.0,1.0,1.0,1.0,1.0,1.0,1.0,1.0,1.0,1.0,1.0,1.0
1,32768,polar_ols,3,256,32768.0,1.0000000030124212,0.999999998058855,1.0000000076722166,1.0,1.0,1.0,1.0,1.0,1.0,1.0,1.0,1.0,1.0,1.0,1.0
1,32768,procrustes_partial,3,256,32768.0,1.000000002629645,0.9999999979141403,1.000000006808432,1.0,1.0,1.0,1.0,1.0,1.0,1.0,1.0,1.0,1.0,1.0,1.0
1,32768,ridge_alpha0,3,256,32768.0,1.0000000047854896,1.0000000000143847,1.0000000096141795,1.0,1.0,1.0,1.0,1.0,1.0,1.0,1.0,1.0,1.0,1.0,1.0
1,32768,ridge_cv,3,256,32768.0,1.0000000047854896,0.9999999995420008,1.000000010104491,1.0,1.0,1.0,1.0,1.0,1.0,1.0,1.0,1.0,1.0,1.0,1.0
1,65536,no_attack,3,256,65536.0,-0.0059497628455588225,-0.009792394960615935,-0.0016220599056394358,0.0,0.0,0.0,0.0,0.0,0.0,1.0,1.0,1.0,1.0,1.0,1.0
1,65536,ols_pinv,3,256,65536.0,1.0000000033844585,0.9999999989034507,1.0000000077426325,1.0,1.0,1.0,1.0,1.0,1.0,1.0,1.0,1.0,1.0,1.0,1.0
1,65536,oracle_true_residual,3,256,65536.0,1.0000000079849027,1.0000000026648834,1.000000013722697,1.0,1.0,1.0,1.0,1.0,1.0,1.0,1.0,1.0,1.0,1.0,1.0
1,65536,polar_ols,3,256,65536.0,1.0000000036829666,0.9999999990347299,1.0000000080202587,1.0,1.0,1.0,1.0,1.0,1.0,1.0,1.0,1.0,1.0,1.0,1.0
1,65536,procrustes_partial,3,256,65536.0,1.0000000003489324,0.9999999958301767,1.0000000049826034,1.0,1.0,1.0,1.0,1.0,1.0,1.0,1.0,1.0,1.0,1.0,1.0
1,65536,ridge_alpha0,3,256,65536.0,1.0000000033844585,0.9999999984167635,1.0000000080886902,1.0,1.0,1.0,1.0,1.0,1.0,1.0,1.0,1.0,1.0,1.0,1.0
1,65536,ridge_cv,3,256,65536.0,1.0000000033844585,0.9999999984272001,1.000000007689084,1.0,1.0,1.0,1.0,1.0,1.0,1.0,1.0,1.0,1.0,1.0,1.0
1,90000,no_attack,3,256,90000.0,-0.0059497628455588225,-0.01013961346778029,-0.001657084474433297,0.0,0.0,0.0,0.0,0.0,0.0,1.0,1.0,1.0,1.0,1.0,1.0
1,90000,ols_pinv,3,256,90000.0,1.0000000025738174,0.99999999808605,1.0000000073081954,1.0,1.0,1.0,1.0,1.0,1.0,1.0,1.0,1.0,1.0,1.0,1.0
1,90000,oracle_true_residual,3,256,90000.0,1.0000000079849027,1.0000000028234455,1.0000000130976445,1.0,1.0,1.0,1.0,1.0,1.0,1.0,1.0,1.0,1.0,1.0,1.0
1,90000,polar_ols,3,256,90000.0,1.0000000051037932,1.0000000007325165,1.0000000093931856,1.0,1.0,1.0,1.0,1.0,1.0,1.0,1.0,1.0,1.0,1.0,1.0
1,90000,procrustes_partial,3,256,90000.0,1.0000000024707172,0.9999999983488961,1.0000000067324075,1.0,1.0,1.0,1.0,1.0,1.0,1.0,1.0,1.0,1.0,1.0,1.0
1,90000,ridge_alpha0,3,256,90000.0,1.0000000025738174,0.9999999980639889,1.0000000066348418,1.0,1.0,1.0,1.0,1.0,1.0,1.0,1.0,1.0,1.0,1.0,1.0
1,90000,ridge_cv,3,256,90000.0,1.0000000025738174,0.9999999984861111,1.0000000070089126,1.0,1.0,1.0,1.0,1.0,1.0,1.0,1.0,1.0,1.0,1.0,1.0
16,32,no_attack,3,256,2.1614583333333335,-0.001051473019714665,-0.005072923193254769,0.003216833236087232,0.0,0.0,0.0,0.0,0.0,0.0,0.8385416666666666,0.6620768229166667,1.0,0.0,0.0,0.0
16,32,ols_pinv,3,256,2.1614583333333335,0.07713037334411202,0.06676828443893464,0.08523556663362356,0.0078125,0.0026041666666666665,0.015625,0.032552083333333336,0.013020833333333334,0.053385416666666664,0.8385416666666666,0.6855143229166667,1.0,0.0,0.0,0.0
16,32,oracle_true_residual,3,256,2.1614583333333335,1.0000000079849027,1.0000000021599367,1.0000000133588371,1.0,1.0,1.0,1.0,1.0,1.0,0.8385416666666666,0.66591796875,1.0,0.0,0.0,0.0
16,32,polar_ols,3,256,2.1614583333333335,0.008547241210095619,0.002304099045628124,0.014725802987580444,0.0,0.0,0.0,0.0026041666666666665,0.0,0.0078125,0.8385416666666666,0.6937500000000001,1.0,0.0,0.0,0.0
16,32,procrustes_partial,3,256,2.1614583333333335,0.010016818453012848,0.004515935541582657,0.015750032940755592,0.0,0.0,0.0,0.0,0.0,0.0,0.8385416666666666,0.6744791666666666,1.0,0.0,0.0,0.0
16,32,ridge_alpha0,3,256,2.1614583333333335,0.07713037334411202,0.06545654176227712,0.08619416857259173,0.0078125,0.0026041666666666665,0.014322916666666666,0.032552083333333336,0.012337239583333336,0.052083333333333336,0.8385416666666666,0.6620768229166667,1.0,0.0,0.0,0.0
16,32,ridge_cv,3,256,2.1614583333333335,0.07713037336754293,0.06623174389495816,0.08630255687620617,0.0078125,0.0026041666666666665,0.014322916666666666,0.032552083333333336,0.01171875,0.05406901041666664,0.8385416666666666,0.6859375000000001,1.0,0.0,0.0,0.0
16,64,no_attack,3,256,4.317708333333333,-0.001051473019714665,-0.004874869168601748,0.0030928702464619365,0.0,0.0,0.0,0.0,0.0,0.0,0.9661458333333334,0.9205729166666666,1.0,0.0,0.0,0.0
16,64,ols_pinv,3,256,4.317708333333333,0.12579040664236757,0.11898765646624486,0.1315070107004408,0.026041666666666668,0.01171875,0.04235026041666664,0.12369791666666667,0.09765625,0.1524088541666666,0.9661458333333334,0.9231770833333334,1.0,0.0,0.0,0.0
16,64,oracle_true_residual,3,256,4.317708333333333,1.0000000079849027,1.0000000029358997,1.0000000136032359,1.0,1.0,1.0,1.0,1.0,1.0,0.9661458333333334,0.9185872395833333,0.9980794270833333,0.0,0.0,0.0
16,64,polar_ols,3,256,4.317708333333333,0.016015166991482855,0.008834350062098085,0.02282777887346597,0.0026041666666666665,0.0,0.009114583333333334,0.00390625,0.0,0.010416666666666666,0.9661458333333334,0.92119140625,1.0,0.0,0.0,0.0
16,64,procrustes_partial,3,256,4.317708333333333,0.020189096101794313,0.015136155956750727,0.024379428708285227,0.0,0.0,0.0,0.005208333333333333,0.0,0.01171875,0.9661458333333334,0.91796875,0.9987630208333332,0.0,0.0,0.0
16,64,ridge_alpha0,3,256,4.317708333333333,0.12579040664236757,0.11857295182207327,0.13175925629249688,0.026041666666666668,0.012337239583333336,0.04296875,0.12369791666666667,0.09697265625000001,0.15302734375,0.9661458333333334,0.9237955729166667,1.0,0.0,0.0,0.0
16,64,ridge_cv,3,256,4.317708333333333,0.12579040721494786,0.11861231523607771,0.13172561605450783,0.026041666666666668,0.01171875,0.040364583333333336,0.12369791666666667,0.09306640625000001,0.1563151041666666,0.9661458333333334,0.9185872395833333,0.9993815104166667,0.0,0.0,0.0
16,128,no_attack,3,256,8.78125,-0.001051473019714665,-0.005049822127423749,0.0029604228099968147,0.0,0.0,0.0,0.0,0.0,0.0,1.0,1.0,1.0,0.0,0.0,0.0
16,128,ols_pinv,3,256,8.78125,0.19119511089610064,0.1850998201362247,0.1969470215832043,0.17578125,0.14713541666666666,0.2090169270833333,0.4609375,0.41139322916666665,0.5071940104166667,1.0,1.0,1.0,0.0,0.0,0.0
16,128,oracle_true_residual,3,256,8.78125,1.0000000079849027,1.000000002856093,1.000000013256539,1.0,1.0,1.0,1.0,1.0,1.0,1.0,1.0,1.0,0.0,0.0,0.0
16,128,polar_ols,3,256,8.78125,0.04453443121174242,0.03886055216474842,0.05086287884004019,0.0026041666666666665,0.0,0.0078125,0.013020833333333334,0.005208333333333333,0.0234375,1.0,1.0,1.0,0.0,0.0,0.0
16,128,procrustes_partial,3,256,8.78125,0.03888990636189224,0.0337975904823473,0.044082432459565064,0.0026041666666666665,0.0,0.0078125,0.010416666666666666,0.0026041666666666665,0.01953125,1.0,1.0,1.0,0.0,0.0,0.0
16,128,ridge_alpha0,3,256,8.78125,0.19119511089610064,0.1846101304974195,0.19719674595807363,0.17578125,0.14713541666666666,0.20963541666666666,0.4609375,0.40947265625,0.5052083333333334,1.0,1.0,1.0,0.0,0.0,0.0
16,128,ridge_cv,3,256,8.78125,0.19119511078263693,0.1843424163834458,0.19714554191002187,0.17578125,0.14514973958333333,0.20572916666666666,0.4609375,0.40817057291666664,0.5058919270833333,1.0,1.0,1.0,0.0,0.0,0.0
16,256,no_attack,3,256,17.74609375,-0.001051473019714665,-0.004944680043316489,0.0028590476685119853,0.0,0.0,0.0,0.0,0.0,0.0,1.0,1.0,1.0,0.0,0.0,0.0
16,256,ols_pinv,3,256,17.74609375,0.2751102838992533,0.2700571355734201,0.2802492737624908,0.6184895833333334,0.57744140625,0.6576171874999999,0.8697916666666666,0.8450520833333334,0.8958333333333334,1.0,1.0,1.0,0.0,0.0,0.0
16,256,oracle_true_residual,3,256,17.74609375,1.0000000079849027,1.0000000022127975,1.0000000130620634,1.0,1.0,1.0,1.0,1.0,1.0,1.0,1.0,1.0,0.0,0.0,0.0
16,256,polar_ols,3,256,17.74609375,0.08295387658095725,0.07615107252613076,0.09016331777550161,0.022135416666666668,0.0078125,0.039746093749999975,0.07291666666666667,0.0546875,0.09505208333333333,1.0,1.0,1.0,0.0,0.0,0.0
16,256,procrustes_partial,3,256,17.74609375,0.08501831806037752,0.08009109908611231,0.08969710617691154,0.033854166666666664,0.020833333333333332,0.049479166666666664,0.07682291666666667,0.0546875,0.1015625,1.0,1.0,1.0,0.0,0.0,0.0
16,256,ridge_alpha0,3,256,17.74609375,0.2751102838992533,0.26958841632369634,0.28007368886393225,0.6184895833333334,0.5716145833333334,0.6588541666666666,0.8697916666666666,0.8489583333333334,0.8939127604166667,1.0,1.0,1.0,0.0,0.0,0.0
16,256,ridge_cv,3,256,17.74609375,0.27511028635171186,0.270535264068056,0.2798774817990663,0.6184895833333334,0.57421875,0.6589192708333332,0.8697916666666666,0.8450520833333334,0.8932291666666666,1.0,1.0,1.0,0.0,0.0,0.0
16,512,no_attack,3,256,35.765625,-0.001051473019714665,-0.0051474520214429735,0.00330166126857083,0.0,0.0,0.0,0.0,0.0,0.0,1.0,1.0,1.0,0.0,0.0,0.0
16,512,ols_pinv,3,256,35.765625,0.39351790197109154,0.3849245678518201,0.4023274363590568,0.9388020833333334,0.9205729166666666,0.95703125,0.9856770833333334,0.9732747395833333,0.9947916666666666,1.0,1.0,1.0,0.0,0.0,0.0
16,512,oracle_true_residual,3,256,35.765625,1.0000000079849027,1.0000000015972212,1.000000012915655,1.0,1.0,1.0,1.0,1.0,1.0,1.0,1.0,1.0,0.0,0.0,0.0
16,512,polar_ols,3,256,35.765625,0.16023956385265453,0.1494831332031159,0.17386497838820883,0.21484375,0.15947265624999998,0.2611002604166666,0.4036458333333333,0.34765625,0.46162109374999993,1.0,1.0,1.0,0.0,0.0,0.0
16,512,procrustes_partial,3,256,35.765625,0.16206588535388836,0.15078037094589195,0.1733736125050552,0.21223958333333334,0.17317708333333334,0.24739583333333334,0.4296875,0.3717122395833333,0.4902669270833333,1.0,1.0,1.0,0.0,0.0,0.0
16,512,ridge_alpha0,3,256,35.765625,0.39351790197109154,0.38508271802416133,0.40316360793395434,0.9388020833333334,0.9198893229166667,0.95771484375,0.9856770833333334,0.9739583333333334,0.9947916666666666,1.0,1.0,1.0,0.0,0.0,0.0
16,512,ridge_cv,3,256,35.765625,0.3935179019472816,0.3853892237142218,0.402380749066015,0.9388020833333334,0.9205729166666666,0.9564127604166667,0.9856770833333334,0.9745768229166667,0.9954752604166667,1.0,1.0,1.0,0.0,0.0,0.0
16,1024,no_attack,3,256,71.0859375,-0.001051473019714665,-0.004842457035962849,0.0028518484820448794,0.0,0.0,0.0,0.0,0.0,0.0,1.0,1.0,1.0,0.0,0.0,0.0
16,1024,ols_pinv,3,256,71.0859375,0.5491494293451441,0.540298766808025,0.5579488264268786,0.9986979166666666,0.9947916666666666,1.0,1.0,1.0,1.0,1.0,1.0,1.0,0.0,0.0,0.0
16,1024,oracle_true_residual,3,256,71.0859375,1.0000000079849027,1.0000000029034442,1.0000000128907047,1.0,1.0,1.0,1.0,1.0,1.0,1.0,1.0,1.0,0.0,0.0,0.0
16,1024,polar_ols,3,256,71.0859375,0.3102981083438431,0.3011787439690419,0.31891871065186694,0.7877604166666666,0.7513020833333334,0.8255208333333334,0.88671875,0.8541666666666666,0.9140625,1.0,1.0,1.0,0.0,0.0,0.0
16,1024,procrustes_partial,3,256,71.0859375,0.30895548714304893,0.2987732958058125,0.3193738851294927,0.76171875,0.7135416666666666,0.8072916666666666,0.875,0.8502604166666666,0.90302734375,1.0,1.0,1.0,0.0,0.0,0.0
16,1024,ridge_alpha0,3,256,71.0859375,0.5491494293451441,0.5401092607013054,0.5597552326048248,0.9986979166666666,0.9947916666666666,1.0,1.0,1.0,1.0,1.0,1.0,1.0,0.0,0.0,0.0
16,1024,ridge_cv,3,256,71.0859375,0.5491494297914854,0.5392799345182488,0.5589386555956531,0.9986979166666666,0.9941080729166667,1.0,1.0,1.0,1.0,1.0,1.0,1.0,0.0,0.0,0.0
16,2048,no_attack,3,256,142.93880208333334,-0.001051473019714665,-0.005393925040323722,0.0029535627967241904,0.0,0.0,0.0,0.0,0.0,0.0,1.0,1.0,1.0,0.0,0.0,0.0
16,2048,ols_pinv,3,256,142.93880208333334,0.75244276091096,0.7433578126931784,0.7616618410465247,1.0,1.0,1.0,1.0,1.0,1.0,1.0,1.0,1.0,0.0,0.0,0.0
16,2048,oracle_true_residual,3,256,142.93880208333334,1.0000000079849027,1.0000000023320457,1.0000000130410627,1.0,1.0,1.0,1.0,1.0,1.0,1.0,1.0,1.0,0.0,0.0,0.0
16,2048,polar_ols,3,256,142.93880208333334,0.577712000907645,0.5617065133485006,0.5943292648813889,0.98828125,0.98046875,0.9954752604166667,0.99609375,0.9895833333333334,1.0,1.0,1.0,1.0,0.0,0.0,0.0
16,2048,procrustes_partial,3,256,142.93880208333334,0.5766610624355151,0.5616803522835258,0.5921228470936594,0.9830729166666666,0.9700520833333334,0.9908854166666666,0.99609375,0.9908854166666666,1.0,1.0,1.0,1.0,0.0,0.0,0.0
16,2048,ridge_alpha0,3,256,142.93880208333334,0.75244276091096,0.7438726452632674,0.7620266711399052,1.0,1.0,1.0,1.0,1.0,1.0,1.0,1.0,1.0,0.0,0.0,0.0
16,2048,ridge_cv,3,256,142.93880208333334,0.7524427615237658,0.7435969236423879,0.7610542644881119,1.0,1.0,1.0,1.0,1.0,1.0,1.0,1.0,1.0,0.0,0.0,0.0
16,4096,no_attack,3,256,285.0924479166667,-0.001051473019714665,-0.005044108345191168,0.0031295681410298598,0.0,0.0,0.0,0.0,0.0,0.0,1.0,1.0,1.0,0.5052083333333334,0.4420247395833333,0.56708984375
16,4096,ols_pinv,3,256,285.0924479166667,0.9543153305955095,0.9476700673265341,0.9603792070729634,1.0,1.0,1.0,1.0,1.0,1.0,1.0,1.0,1.0,0.5052083333333334,0.4381184895833333,0.56708984375
16,4096,oracle_true_residual,3,256,285.0924479166667,1.0000000079849027,1.0000000030007232,1.0000000130053521,1.0,1.0,1.0,1.0,1.0,1.0,1.0,1.0,1.0,0.5052083333333334,0.44264322916666665,0.56640625
16,4096,polar_ols,3,256,285.0924479166667,0.9164600399037095,0.9052749262088637,0.9267678719454302,1.0,1.0,1.0,1.0,1.0,1.0,1.0,1.0,1.0,0.5052083333333334,0.4459309895833333,0.5658528645833333
16,4096,procrustes_partial,3,256,285.0924479166667,0.9165353776217383,0.9054717404601564,0.9269939500159753,1.0,1.0,1.0,1.0,1.0,1.0,1.0,1.0,1.0,0.5052083333333334,0.4453125,0.56708984375
16,4096,ridge_alpha0,3,256,285.0924479166667,0.9543153305955095,0.9480739931767546,0.960516599257887,1.0,1.0,1.0,1.0,1.0,1.0,1.0,1.0,1.0,0.5052083333333334,0.453125,0.5657877604166667
16,4096,ridge_cv,3,256,285.0924479166667,0.9543153099830501,0.9486012118163718,0.9603235352369079,1.0,1.0,1.0,1.0,1.0,1.0,1.0,1.0,1.0,0.5052083333333334,0.4498372395833333,0.55927734375
16,8192,no_attack,3,256,572.9674479166666,-0.001051473019714665,-0.005121967013844363,0.0024570648209038684,0.0,0.0,0.0,0.0,0.0,0.0,1.0,1.0,1.0,0.96875,0.9453125,0.9869791666666666
16,8192,ols_pinv,3,256,572.9674479166666,0.9981349543591946,0.9971063419206202,0.998965953875773,1.0,1.0,1.0,1.0,1.0,1.0,1.0,1.0,1.0,0.96875,0.9466145833333334,0.9869791666666666
16,8192,oracle_true_residual,3,256,572.9674479166666,1.0000000079849027,1.0000000023276168,1.0000000133511693,1.0,1.0,1.0,1.0,1.0,1.0,1.0,1.0,1.0,0.96875,0.94462890625,0.98828125
16,8192,polar_ols,3,256,572.9674479166666,0.9965538605407337,0.9942875590169711,0.9980744862156049,1.0,1.0,1.0,1.0,1.0,1.0,1.0,1.0,1.0,0.96875,0.9433268229166667,0.9869791666666666
16,8192,procrustes_partial,3,256,572.9674479166666,0.9966403814099752,0.9948204938900206,0.9982895158382106,1.0,1.0,1.0,1.0,1.0,1.0,1.0,1.0,1.0,0.96875,0.9433268229166667,0.9863606770833333
16,8192,ridge_alpha0,3,256,572.9674479166666,0.9981349543591946,0.9970632355342844,0.9990686816555706,1.0,1.0,1.0,1.0,1.0,1.0,1.0,1.0,1.0,0.96875,0.9420247395833333,0.9869791666666666
16,8192,ridge_cv,3,256,572.9674479166666,0.9981349546489756,0.9970787086123428,0.9990668037492885,1.0,1.0,1.0,1.0,1.0,1.0,1.0,1.0,1.0,0.96875,0.9440104166666666,0.9869791666666666
16,16384,no_attack,3,256,1149.8255208333333,-0.001051473019714665,-0.005310739906545617,0.0030310713758195254,0.0,0.0,0.0,0.0,0.0,0.0,1.0,1.0,1.0,1.0,1.0,1.0
16,16384,ols_pinv,3,256,1149.8255208333333,1.000000006308875,1.0000000017039838,1.0000000111937244,1.0,1.0,1.0,1.0,1.0,1.0,1.0,1.0,1.0,1.0,1.0,1.0
16,16384,oracle_true_residual,3,256,1149.8255208333333,1.0000000079849027,1.000000002648182,1.0000000128252504,1.0,1.0,1.0,1.0,1.0,1.0,1.0,1.0,1.0,1.0,1.0,1.0
16,16384,polar_ols,3,256,1149.8255208333333,1.000000005403969,1.0000000009999794,1.0000000095412724,1.0,1.0,1.0,1.0,1.0,1.0,1.0,1.0,1.0,1.0,1.0,1.0
16,16384,procrustes_partial,3,256,1149.8255208333333,1.0000000054851974,1.0000000006317498,1.000000010182436,1.0,1.0,1.0,1.0,1.0,1.0,1.0,1.0,1.0,1.0,1.0,1.0
16,16384,ridge_alpha0,3,256,1149.8255208333333,1.000000006308875,1.0000000024293858,1.0000000109180203,1.0,1.0,1.0,1.0,1.0,1.0,1.0,1.0,1.0,1.0,1.0,1.0
16,16384,ridge_cv,3,256,1149.8255208333333,1.000000006308875,1.0000000017662165,1.0000000111210607,1.0,1.0,1.0,1.0,1.0,1.0,1.0,1.0,1.0,1.0,1.0,1.0
16,32768,no_attack,3,256,2296.0221354166665,-0.001051473019714665,-0.005128011546041806,0.0029389868874519116,0.0,0.0,0.0,0.0,0.0,0.0,1.0,1.0,1.0,1.0,1.0,1.0
16,32768,ols_pinv,3,256,2296.0221354166665,1.0000000060778402,1.0000000015484434,1.000000010895972,1.0,1.0,1.0,1.0,1.0,1.0,1.0,1.0,1.0,1.0,1.0,1.0
16,32768,oracle_true_residual,3,256,2296.0221354166665,1.0000000079849027,1.0000000027972862,1.0000000127550632,1.0,1.0,1.0,1.0,1.0,1.0,1.0,1.0,1.0,1.0,1.0,1.0
16,32768,polar_ols,3,256,2296.0221354166665,1.0000000024874989,0.9999999977760314,1.000000007674785,1.0,1.0,1.0,1.0,1.0,1.0,1.0,1.0,1.0,1.0,1.0,1.0
16,32768,procrustes_partial,3,256,2296.0221354166665,1.0000000058323446,1.000000001386841,1.0000000101929916,1.0,1.0,1.0,1.0,1.0,1.0,1.0,1.0,1.0,1.0,1.0,1.0
16,32768,ridge_alpha0,3,256,2296.0221354166665,1.0000000060778402,1.000000001476698,1.0000000107120346,1.0,1.0,1.0,1.0,1.0,1.0,1.0,1.0,1.0,1.0,1.0,1.0
16,32768,ridge_cv,3,256,2296.0221354166665,1.0000000060778402,1.0000000016849155,1.000000010475869,1.0,1.0,1.0,1.0,1.0,1.0,1.0,1.0,1.0,1.0,1.0,1.0
16,65536,no_attack,3,256,4590.8203125,-0.001051473019714665,-0.00544928090131441,0.0029397763797386262,0.0,0.0,0.0,0.0,0.0,0.0,1.0,1.0,1.0,1.0,1.0,1.0
16,65536,ols_pinv,3,256,4590.8203125,1.0000000036208438,0.9999999986670087,1.0000000088935561,1.0,1.0,1.0,1.0,1.0,1.0,1.0,1.0,1.0,1.0,1.0,1.0
16,65536,oracle_true_residual,3,256,4590.8203125,1.0000000079849027,1.0000000021311952,1.0000000133170899,1.0,1.0,1.0,1.0,1.0,1.0,1.0,1.0,1.0,1.0,1.0,1.0
16,65536,polar_ols,3,256,4590.8203125,1.000000004585858,0.9999999997574032,1.000000009131784,1.0,1.0,1.0,1.0,1.0,1.0,1.0,1.0,1.0,1.0,1.0,1.0
16,65536,procrustes_partial,3,256,4590.8203125,1.0000000064690233,1.0000000010799293,1.0000000108495941,1.0,1.0,1.0,1.0,1.0,1.0,1.0,1.0,1.0,1.0,1.0,1.0
16,65536,ridge_alpha0,3,256,4590.8203125,1.0000000036208438,0.9999999978636384,1.0000000087596297,1.0,1.0,1.0,1.0,1.0,1.0,1.0,1.0,1.0,1.0,1.0,1.0
16,65536,ridge_cv,3,256,4590.8203125,1.0000000036208438,0.9999999979897124,1.000000008812581,1.0,1.0,1.0,1.0,1.0,1.0,1.0,1.0,1.0,1.0,1.0,1.0
16,90000,no_attack,3,256,6305.37109375,-0.001051473019714665,-0.005254521278747432,0.00255383933709129,0.0,0.0,0.0,0.0,0.0,0.0,1.0,1.0,1.0,1.0,1.0,1.0
16,90000,ols_pinv,3,256,6305.37109375,1.0000000043976733,1.0000000000941591,1.00000000892904,1.0,1.0,1.0,1.0,1.0,1.0,1.0,1.0,1.0,1.0,1.0,1.0
16,90000,oracle_true_residual,3,256,6305.37109375,1.0000000079849027,1.0000000023464901,1.0000000132185325,1.0,1.0,1.0,1.0,1.0,1.0,1.0,1.0,1.0,1.0,1.0,1.0
16,90000,polar_ols,3,256,6305.37109375,1.0000000067392423,1.000000001874585,1.000000011447896,1.0,1.0,1.0,1.0,1.0,1.0,1.0,1.0,1.0,1.0,1.0,1.0
16,90000,procrustes_partial,3,256,6305.37109375,1.0000000096131758,1.0000000047953856,1.0000000138169651,1.0,1.0,1.0,1.0,1.0,1.0,1.0,1.0,1.0,1.0,1.0,1.0
16,90000,ridge_alpha0,3,256,6305.37109375,1.0000000043976733,1.0000000002889022,1.000000008506378,1.0,1.0,1.0,1.0,1.0,1.0,1.0,1.0,1.0,1.0,1.0,1.0
16,90000,ridge_cv,3,256,6305.37109375,1.0000000043976733,1.0000000001035332,1.0000000084454825,1.0,1.0,1.0,1.0,1.0,1.0,1.0,1.0,1.0,1.0,1.0,1.0
64,32,no_attack,3,256,0.5247395833333334,-0.0013159304403564873,-0.0056710711681661335,0.0031624866915701626,0.0,0.0,0.0,0.0,0.0,0.0,0.3997395833333333,0.32936197916666665,0.4596354166666667,0.0,0.0,0.0
64,32,ols_pinv,3,256,0.5247395833333334,0.027387472253251083,0.021595978250441655,0.03235978736584568,0.0013020833333333333,0.0,0.005208333333333333,0.009114583333333334,0.0026041666666666665,0.016308593749999968,0.3997395833333333,0.33134765625,0.4622395833333333,0.0,0.0,0.0
64,32,oracle_true_residual,3,256,0.5247395833333334,1.0000000079849027,1.000000003106325,1.0000000133630773,1.0,1.0,1.0,1.0,1.0,1.0,0.3997395833333333,0.3346354166666667,0.4583333333333333,0.0,0.0,0.0
64,32,polar_ols,3,256,0.5247395833333334,6.549512604780577e-05,-0.004478055572076014,0.004701878369470184,0.0,0.0,0.0,0.0,0.0,0.0,0.3997395833333333,0.3326497395833333,0.4596354166666667,0.0,0.0,0.0
64,32,procrustes_partial,3,256,0.5247395833333334,0.0015969687599023622,-0.002750160982331755,0.005909156046137122,0.0,0.0,0.0,0.0013020833333333333,0.0,0.005891927083333304,0.3997395833333333,0.33203125,0.4609375,0.0,0.0,0.0
64,32,ridge_alpha0,3,256,0.5247395833333334,0.027387472253251083,0.02193416069166387,0.03259212688523795,0.0013020833333333333,0.0,0.005208333333333333,0.009114583333333334,0.0026041666666666665,0.016927083333333332,0.3997395833333333,0.3333333333333333,0.4583333333333333,0.0,0.0,0.0
64,32,ridge_cv,3,256,0.5247395833333334,0.027387472299243293,0.021827648371136536,0.03283670921432129,0.0013020833333333333,0.0,0.006510416666666667,0.009114583333333334,0.00390625,0.016927083333333332,0.3997395833333333,0.33203125,0.4661458333333333,0.0,0.0,0.0
64,64,no_attack,3,256,1.08984375,-0.0013159304403564873,-0.005407952136899765,0.002853467877368704,0.0,0.0,0.0,0.0,0.0,0.0,0.69140625,0.6191080729166667,0.75068359375,0.0,0.0,0.0
64,64,ols_pinv,3,256,1.08984375,0.0531411353481084,0.04663617127382627,0.0589164270285032,0.0026041666666666665,0.0,0.010416666666666666,0.020833333333333332,0.010416666666666666,0.03125,0.69140625,0.6183593749999999,0.75390625,0.0,0.0,0.0
64,64,oracle_true_residual,3,256,1.08984375,1.0000000079849027,1.0000000027324296,1.000000013444444,1.0,1.0,1.0,1.0,1.0,1.0,0.69140625,0.62109375,0.7447916666666666,0.0,0.0,0.0
64,64,polar_ols,3,256,1.08984375,0.002423575184471187,-0.0032678477353564146,0.008515561754550592,0.0,0.0,0.0,0.0,0.0,0.0,0.69140625,0.62890625,0.7513020833333334,0.0,0.0,0.0
64,64,procrustes_partial,3,256,1.08984375,0.00543753165676301,0.0006523590416166236,0.010627616179774745,0.0013020833333333333,0.0,0.005208333333333333,0.00390625,0.0,0.010416666666666666,0.69140625,0.6256184895833333,0.7519856770833333,0.0,0.0,0.0
64,64,ridge_alpha0,3,256,1.08984375,0.0531411353481084,0.047247334254058096,0.059388410842149596,0.0026041666666666665,0.0,0.010416666666666666,0.020833333333333332,0.01171875,0.03125,0.69140625,0.6262369791666667,0.7513020833333334,0.0,0.0,0.0
64,64,ridge_cv,3,256,1.08984375,0.053141135109915645,0.047137056683509426,0.059033017246096144,0.0026041666666666665,0.0,0.009114583333333334,0.020833333333333332,0.01171875,0.03125,0.69140625,0.6302083333333334,0.7513020833333334,0.0,0.0,0.0
64,128,no_attack,3,256,2.1197916666666665,-0.0013159304403564873,-0.0053781803161798,0.002907524600378837,0.0,0.0,0.0,0.0,0.0,0.0,0.8489583333333334,0.80400390625,0.8847981770833333,0.0,0.0,0.0
64,128,ols_pinv,3,256,2.1197916666666665,0.08877595566958081,0.08150380099987764,0.09710419108747287,0.014322916666666666,0.005208333333333333,0.026041666666666668,0.078125,0.057291666666666664,0.1015625,0.8489583333333334,0.8111979166666666,0.8880208333333334,0.0,0.0,0.0
64,128,oracle_true_residual,3,256,2.1197916666666665,1.0000000079849027,1.000000002512141,1.0000000131559539,1.0,1.0,1.0,1.0,1.0,1.0,0.8489583333333334,0.8046875,0.8847981770833333,0.0,0.0,0.0
64,128,polar_ols,3,256,2.1197916666666665,0.008711934640285987,-0.00010110830330930667,0.017011081369958853,0.0013020833333333333,0.0,0.005208333333333333,0.0026041666666666665,0.0,0.007194010416666638,0.8489583333333334,0.8059244791666667,0.88671875,0.0,0.0,0.0
64,128,procrustes_partial,3,256,2.1197916666666665,0.013157167897285335,0.007878586747187655,0.018735446251834823,0.0,0.0,0.0,0.005208333333333333,0.0,0.012402343749999972,0.8489583333333334,0.8033854166666666,0.8841145833333334,0.0,0.0,0.0
64,128,ridge_alpha0,3,256,2.1197916666666665,0.08877595566958081,0.08117165579394699,0.09630650372893614,0.014322916666666666,0.005208333333333333,0.024739583333333332,0.078125,0.055989583333333336,0.0996419270833333,0.8489583333333334,0.8066080729166667,0.8828125,0.0,0.0,0.0
64,128,ridge_cv,3,256,2.1197916666666665,0.08877595590220216,0.0815481023829234,0.0970357179012299,0.014322916666666666,0.005208333333333333,0.026041666666666668,0.078125,0.05530598958333333,0.10094401041666663,0.8489583333333334,0.8059895833333334,0.8847981770833333,0.0,0.0,0.0
64,256,no_attack,3,256,4.302083333333333,-0.0013159304403564873,-0.005618560803491747,0.0031652772379726912,0.0,0.0,0.0,0.0,0.0,0.0,0.9752604166666666,0.9583333333333334,0.9895833333333334,0.0,0.0,0.0
64,256,ols_pinv,3,256,4.302083333333333,0.13716909406838493,0.12939776730044736,0.14491106361762393,0.06640625,0.049479166666666664,0.08723958333333333,0.19010416666666666,0.15625,0.22203776041666665,0.9752604166666666,0.9583333333333334,0.9902669270833333,0.0,0.0,0.0
64,256,oracle_true_residual,3,256,4.302083333333333,1.0000000079849027,1.0000000032243095,1.0000000135071205,1.0,1.0,1.0,1.0,1.0,1.0,0.9752604166666666,0.9557291666666666,0.9895833333333334,0.0,0.0,0.0
64,256,polar_ols,3,256,4.302083333333333,0.0224797696911873,0.01593706711271354,0.0286808656721323,0.0026041666666666665,0.0,0.009114583333333334,0.010416666666666666,0.0013020833333333333,0.022135416666666668,0.9752604166666666,0.95703125,0.9895833333333334,0.0,0.0,0.0
64,256,procrustes_partial,3,256,4.302083333333333,0.023077097292359277,0.01714012174324035,0.02888620145069711,0.0013020833333333333,0.0,0.005891927083333304,0.01171875,0.0032226562500000016,0.0234375,0.9752604166666666,0.9596354166666666,0.9895833333333334,0.0,0.0,0.0
64,256,ridge_alpha0,3,256,4.302083333333333,0.13716909406838493,0.1292809926410876,0.1445794514146741,0.06640625,0.04879557291666667,0.08854166666666667,0.19010416666666666,0.15885416666666666,0.2246419270833333,0.9752604166666666,0.9589518229166667,0.9895833333333334,0.0,0.0,0.0
64,256,ridge_cv,3,256,4.302083333333333,0.13716909414046394,0.12961358792629993,0.1441939009278472,0.06640625,0.049479166666666664,0.08463541666666667,0.19010416666666666,0.15426432291666667,0.2265625,0.9752604166666666,0.9557291666666666,0.9895833333333334,0.0,0.0,0.0
64,512,no_attack,3,256,8.58203125,-0.0013159304403564873,-0.005656517204365223,0.0029648276771120745,0.0,0.0,0.0,0.0,0.0,0.0,0.9947916666666666,0.9817708333333334,1.0,0.0,0.0,0.0
64,512,ols_pinv,3,256,8.58203125,0.20267933992158796,0.1972543894776051,0.2083352547768159,0.2421875,0.21614583333333334,0.2760416666666667,0.4765625,0.43681640625,0.5169270833333334,0.9947916666666666,0.9830729166666666,1.0,0.0,0.0,0.0
64,512,oracle_true_residual,3,256,8.58203125,1.0000000079849027,1.0000000028784959,1.0000000134316307,1.0,1.0,1.0,1.0,1.0,1.0,0.9947916666666666,0.9830729166666666,1.0,0.0,0.0,0.0
64,512,polar_ols,3,256,8.58203125,0.045190857112663664,0.039008262640426235,0.05025496320529323,0.009114583333333334,0.0,0.018229166666666668,0.020833333333333332,0.010416666666666666,0.033854166666666664,0.9947916666666666,0.9830729166666666,1.0,0.0,0.0,0.0
64,512,procrustes_partial,3,256,8.58203125,0.04603908001371974,0.04097118703863931,0.05123857174138979,0.0078125,0.0026041666666666665,0.014322916666666666,0.029947916666666668,0.018229166666666668,0.041666666666666664,0.9947916666666666,0.984375,1.0,0.0,0.0,0.0
64,512,ridge_alpha0,3,256,8.58203125,0.20267933992158796,0.19688213923333156,0.20834723881917372,0.2421875,0.21155598958333333,0.27802734374999993,0.4765625,0.4381184895833333,0.5137044270833333,0.9947916666666666,0.984375,1.0,0.0,0.0,0.0
64,512,ridge_cv,3,256,8.58203125,0.2026793392809152,0.1969294328800681,0.20784983800473925,0.2421875,0.20963541666666666,0.27734375,0.4765625,0.4303059895833333,0.51630859375,0.9947916666666666,0.9830729166666666,1.0,0.0,0.0,0.0
64,1024,no_attack,3,256,17.272135416666668,-0.0013159304403564873,-0.005759652009059975,0.0028672723358339914,0.0,0.0,0.0,0.0,0.0,0.0,1.0,1.0,1.0,0.0,0.0,0.0
64,1024,ols_pinv,3,256,17.272135416666668,0.29252007611731573,0.28678965873821405,0.29854375083818857,0.64453125,0.5885416666666666,0.69990234375,0.8723958333333334,0.83203125,0.91015625,1.0,1.0,1.0,0.0,0.0,0.0
64,1024,oracle_true_residual,3,256,17.272135416666668,1.0000000079849027,1.000000002794107,1.0000000131504156,1.0,1.0,1.0,1.0,1.0,1.0,1.0,1.0,1.0,0.0,0.0,0.0
64,1024,polar_ols,3,256,17.272135416666668,0.09677799100907884,0.09084038063498136,0.10260404983026276,0.048177083333333336,0.03447265625,0.06380208333333333,0.13802083333333334,0.10540364583333334,0.1738606770833333,1.0,1.0,1.0,0.0,0.0,0.0
64,1024,procrustes_partial,3,256,17.272135416666668,0.09096404803418674,0.0847202240710949,0.09659412119870667,0.0390625,0.024739583333333332,0.052083333333333336,0.11979166666666667,0.09505208333333333,0.1465169270833333,1.0,1.0,1.0,0.0,0.0,0.0
64,1024,ridge_alpha0,3,256,17.272135416666668,0.29252007611731573,0.2873086165146418,0.2983796047666531,0.64453125,0.5839518229166667,0.6927083333333334,0.8723958333333334,0.83134765625,0.90693359375,1.0,1.0,1.0,0.0,0.0,0.0
64,1024,ridge_cv,3,256,17.272135416666668,0.2925200754434546,0.28607525097431363,0.29855475175154034,0.64453125,0.5872395833333334,0.6901041666666666,0.8723958333333334,0.8307291666666666,0.90625,1.0,1.0,1.0,0.0,0.0,0.0
64,2048,no_attack,3,256,34.77734375,-0.0013159304403564873,-0.005975625266024225,0.0034052824869662073,0.0,0.0,0.0,0.0,0.0,0.0,1.0,1.0,1.0,0.0,0.0,0.0
64,2048,ols_pinv,3,256,34.77734375,0.4122125971813994,0.40577422219560705,0.41825876825577235,0.953125,0.9322916666666666,0.9700520833333334,0.99609375,0.9908854166666666,1.0,1.0,1.0,1.0,0.0,0.0,0.0
64,2048,oracle_true_residual,3,256,34.77734375,1.0000000079849027,1.0000000031683338,1.0000000132337237,1.0,1.0,1.0,1.0,1.0,1.0,1.0,1.0,1.0,0.0,0.0,0.0
64,2048,polar_ols,3,256,34.77734375,0.1787456032294951,0.17247799868557182,0.18528569568018752,0.2838541666666667,0.24869791666666666,0.3216145833333333,0.4479166666666667,0.40817057291666664,0.4830729166666667,1.0,1.0,1.0,0.0,0.0,0.0
64,2048,procrustes_partial,3,256,34.77734375,0.1762614192822254,0.1696448084477525,0.18376379459373188,0.28125,0.23958333333333334,0.3229166666666667,0.4466145833333333,0.4010416666666667,0.4980794270833333,1.0,1.0,1.0,0.0,0.0,0.0
64,2048,ridge_alpha0,3,256,34.77734375,0.4122125971813994,0.4060168322914637,0.41797110216143535,0.953125,0.93291015625,0.9720377604166667,0.99609375,0.9908854166666666,1.0,1.0,1.0,1.0,0.0,0.0,0.0
64,2048,ridge_cv,3,256,34.77734375,0.41221259683600603,0.40625592725343174,0.41912422694321555,0.953125,0.93359375,0.9700520833333334,0.99609375,0.9908854166666666,1.0,1.0,1.0,1.0,0.0,0.0,0.0
64,4096,no_attack,3,256,69.06640625,-0.0013159304403564873,-0.005707401531016307,0.0027756363886602287,0.0,0.0,0.0,0.0,0.0,0.0,1.0,1.0,1.0,0.0,0.0,0.0
64,4096,ols_pinv,3,256,69.06640625,0.5655599887136472,0.5579129634772503,0.5734769996843703,0.99609375,0.9895833333333334,1.0,1.0,1.0,1.0,1.0,1.0,1.0,0.0,0.0,0.0
64,4096,oracle_true_residual,3,256,69.06640625,1.0000000079849027,1.0000000028351337,1.0000000128849063,1.0,1.0,1.0,1.0,1.0,1.0,1.0,1.0,1.0,0.0,0.0,0.0
64,4096,polar_ols,3,256,69.06640625,0.32666971066736555,0.3182040516479971,0.3352881515531742,0.79296875,0.7591145833333334,0.8262044270833333,0.9127604166666666,0.890625,0.9329752604166667,1.0,1.0,1.0,0.0,0.0,0.0
64,4096,procrustes_partial,3,256,69.06640625,0.3262031960765763,0.31642954364862425,0.3353178931923655,0.7942708333333334,0.7636393229166667,0.8275065104166667,0.9049479166666666,0.88212890625,0.9277669270833333,1.0,1.0,1.0,0.0,0.0,0.0
64,4096,ridge_alpha0,3,256,69.06640625,0.5655599887136472,0.5575779069851604,0.5736248441354644,0.99609375,0.9895833333333334,1.0,1.0,1.0,1.0,1.0,1.0,1.0,0.0,0.0,0.0
64,4096,ridge_cv,3,256,69.06640625,0.5655599870854111,0.5573035818585453,0.5727882169134138,0.99609375,0.9895833333333334,1.0,1.0,1.0,1.0,1.0,1.0,1.0,0.0,0.0,0.0
64,8192,no_attack,3,256,137.5,-0.0013159304403564873,-0.005542158734806935,0.0028190488884432723,0.0,0.0,0.0,0.0,0.0,0.0,1.0,1.0,1.0,0.0,0.0,0.0
64,8192,ols_pinv,3,256,137.5,0.7604559854372651,0.7534951176738067,0.7668574123276749,1.0,1.0,1.0,1.0,1.0,1.0,1.0,1.0,1.0,0.0,0.0,0.0
64,8192,oracle_true_residual,3,256,137.5,1.0000000079849027,1.000000002740863,1.0000000130507574,1.0,1.0,1.0,1.0,1.0,1.0,1.0,1.0,1.0,0.0,0.0,0.0
64,8192,polar_ols,3,256,137.5,0.5850019566968901,0.5745349145251428,0.5953843596786502,0.9986979166666666,0.9947916666666666,1.0,1.0,1.0,1.0,1.0,1.0,1.0,0.0,0.0,0.0
64,8192,procrustes_partial,3,256,137.5,0.586143963540172,0.5758007834324874,0.5963822949761279,0.9986979166666666,0.9934895833333334,1.0,1.0,1.0,1.0,1.0,1.0,1.0,0.0,0.0,0.0
64,8192,ridge_alpha0,3,256,137.5,0.7604559854372651,0.7532877814558137,0.7673724405295382,1.0,1.0,1.0,1.0,1.0,1.0,1.0,1.0,1.0,0.0,0.0,0.0
64,8192,ridge_cv,3,256,137.5,0.7604559873161875,0.7539809062334475,0.76751770674044,1.0,1.0,1.0,1.0,1.0,1.0,1.0,1.0,1.0,0.0,0.0,0.0
64,16384,no_attack,3,256,275.75390625,-0.0013159304403564873,-0.005464709357810691,0.003113270672716477,0.0,0.0,0.0,0.0,0.0,0.0,1.0,1.0,1.0,0.3893229166666667,0.34375,0.4388020833333333
64,16384,ols_pinv,3,256,275.75390625,0.9508902268185837,0.9466201375712194,0.955079235148433,1.0,1.0,1.0,1.0,1.0,1.0,1.0,1.0,1.0,0.3893229166666667,0.34306640625,0.43427734374999993
64,16384,oracle_true_residual,3,256,275.75390625,1.0000000079849027,1.000000002541729,1.0000000133899747,1.0,1.0,1.0,1.0,1.0,1.0,1.0,1.0,1.0,0.3893229166666667,0.3450520833333333,0.4368815104166666
64,16384,polar_ols,3,256,275.75390625,0.9082634713263059,0.9008684764803419,0.9155834570111053,1.0,1.0,1.0,1.0,1.0,1.0,1.0,1.0,1.0,0.3893229166666667,0.3424479166666667,0.4375
64,16384,procrustes_partial,3,256,275.75390625,0.9081030512228278,0.9002676732917808,0.9151943008416178,1.0,1.0,1.0,1.0,1.0,1.0,1.0,1.0,1.0,0.3893229166666667,0.3411458333333333,0.4361979166666667
64,16384,ridge_alpha0,3,256,275.75390625,0.9508902268185837,0.9464046845738018,0.9548840805946229,1.0,1.0,1.0,1.0,1.0,1.0,1.0,1.0,1.0,0.3893229166666667,0.3443684895833333,0.43427734374999993
64,16384,ridge_cv,3,256,275.75390625,0.9508899558103218,0.9463536291571143,0.9551311880204734,1.0,1.0,1.0,1.0,1.0,1.0,1.0,1.0,1.0,0.3893229166666667,0.34306640625,0.4375
64,32768,no_attack,3,256,551.9322916666666,-0.0013159304403564873,-0.005700820204173368,0.0028157153884306486,0.0,0.0,0.0,0.0,0.0,0.0,1.0,1.0,1.0,0.9856770833333334,0.9765625,0.9934895833333334
64,32768,ols_pinv,3,256,551.9322916666666,0.999209881953906,0.998689825163542,0.9996989135474648,1.0,1.0,1.0,1.0,1.0,1.0,1.0,1.0,1.0,0.9856770833333334,0.9752604166666666,0.9934895833333334
64,32768,oracle_true_residual,3,256,551.9322916666666,1.0000000079849027,1.0000000037621348,1.00000001293759,1.0,1.0,1.0,1.0,1.0,1.0,1.0,1.0,1.0,0.9856770833333334,0.9778645833333334,0.9934895833333334
64,32768,polar_ols,3,256,551.9322916666666,0.9984548041760778,0.9972532572902995,0.9993157216921068,1.0,1.0,1.0,1.0,1.0,1.0,1.0,1.0,1.0,0.9856770833333334,0.97587890625,0.9934895833333334
64,32768,procrustes_partial,3,256,551.9322916666666,0.9985293398730738,0.9974626648111362,0.9994552679236925,1.0,1.0,1.0,1.0,1.0,1.0,1.0,1.0,1.0,0.9856770833333334,0.9765625,0.9921875
64,32768,ridge_alpha0,3,256,551.9322916666666,0.999209881953906,0.9985460001187986,0.9996831110518958,1.0,1.0,1.0,1.0,1.0,1.0,1.0,1.0,1.0,0.9856770833333334,0.9765625,0.9941731770833333
64,32768,ridge_cv,3,256,551.9322916666666,0.9992098818802401,0.9984759362816248,0.9996691907124643,1.0,1.0,1.0,1.0,1.0,1.0,1.0,1.0,1.0,0.9856770833333334,0.9771809895833333,0.9934895833333334
64,65536,no_attack,3,256,1105.7747395833333,-0.0013159304403564873,-0.005636468405825432,0.0036723165566399673,0.0,0.0,0.0,0.0,0.0,0.0,1.0,1.0,1.0,1.0,1.0,1.0
64,65536,ols_pinv,3,256,1105.7747395833333,1.0000000059262482,1.0000000015013562,1.0000000104280888,1.0,1.0,1.0,1.0,1.0,1.0,1.0,1.0,1.0,1.0,1.0,1.0
64,65536,oracle_true_residual,3,256,1105.7747395833333,1.0000000079849027,1.0000000025989355,1.0000000137374767,1.0,1.0,1.0,1.0,1.0,1.0,1.0,1.0,1.0,1.0,1.0,1.0
64,65536,polar_ols,3,256,1105.7747395833333,1.000000004161304,1.0000000001504765,1.000000008683936,1.0,1.0,1.0,1.0,1.0,1.0,1.0,1.0,1.0,1.0,1.0,1.0
64,65536,procrustes_partial,3,256,1105.7747395833333,1.0000000085040084,1.0000000038320098,1.0000000133175468,1.0,1.0,1.0,1.0,1.0,1.0,1.0,1.0,1.0,1.0,1.0,1.0
64,65536,ridge_alpha0,3,256,1105.7747395833333,1.0000000059262482,1.000000001201048,1.0000000108461335,1.0,1.0,1.0,1.0,1.0,1.0,1.0,1.0,1.0,1.0,1.0,1.0
64,65536,ridge_cv,3,256,1105.7747395833333,1.0000000059262482,1.0000000007341696,1.000000010392225,1.0,1.0,1.0,1.0,1.0,1.0,1.0,1.0,1.0,1.0,1.0,1.0
64,90000,no_attack,3,256,1518.62890625,-0.0013159304403564873,-0.00589126923698273,0.0033063561068901134,0.0,0.0,0.0,0.0,0.0,0.0,1.0,1.0,1.0,1.0,1.0,1.0
64,90000,ols_pinv,3,256,1518.62890625,1.0000000056504998,1.0000000016569064,1.0000000101393398,1.0,1.0,1.0,1.0,1.0,1.0,1.0,1.0,1.0,1.0,1.0,1.0
64,90000,oracle_true_residual,3,256,1518.62890625,1.0000000079849027,1.0000000025537417,1.000000013255223,1.0,1.0,1.0,1.0,1.0,1.0,1.0,1.0,1.0,1.0,1.0,1.0
64,90000,polar_ols,3,256,1518.62890625,1.0000000053825557,1.0000000011802235,1.0000000101181141,1.0,1.0,1.0,1.0,1.0,1.0,1.0,1.0,1.0,1.0,1.0,1.0
64,90000,procrustes_partial,3,256,1518.62890625,1.0000000048054956,1.0000000003119218,1.0000000088111163,1.0,1.0,1.0,1.0,1.0,1.0,1.0,1.0,1.0,1.0,1.0,1.0
64,90000,ridge_alpha0,3,256,1518.62890625,1.0000000056504998,1.0000000011178556,1.0000000098909558,1.0,1.0,1.0,1.0,1.0,1.0,1.0,1.0,1.0,1.0,1.0,1.0
64,90000,ridge_cv,3,256,1518.62890625,1.0000000056504998,1.0000000011024666,1.0000000099664053,1.0,1.0,1.0,1.0,1.0,1.0,1.0,1.0,1.0,1.0,1.0,1.0
256,32,no_attack,3,256,0.125,0.003669110179365305,-0.00042193212259330587,0.007689755080326819,0.0,0.0,0.0,0.00390625,0.0,0.009114583333333334,0.11979166666666667,0.09505208333333333,0.14453125,0.0,0.0,0.0
256,32,ols_pinv,3,256,0.125,0.011905662511046586,0.007172673132168085,0.016529512788370792,0.0026041666666666665,0.0,0.0078125,0.0078125,0.0013020833333333333,0.016927083333333332,0.11979166666666667,0.09635416666666667,0.14453125,0.0,0.0,0.0
256,32,oracle_true_residual,3,256,0.125,1.0000000079849027,1.0000000024358735,1.0000000129395012,1.0,1.0,1.0,1.0,1.0,1.0,0.11979166666666667,0.09436848958333334,0.14453125,0.0,0.0,0.0
256,32,polar_ols,3,256,0.125,0.004267104770870893,0.0006719572719947963,0.008360976316663193,0.0,0.0,0.0,0.005208333333333333,0.0,0.01171875,0.11979166666666667,0.09895833333333333,0.140625,0.0,0.0,0.0
256,32,procrustes_partial,3,256,0.125,0.004389095610910791,0.0002591843043226163,0.008494765311592276,0.0,0.0,0.0,0.00390625,0.0,0.009114583333333334,0.11979166666666667,0.09567057291666667,0.14130859375,0.0,0.0,0.0
256,32,ridge_alpha0,3,256,0.125,0.011905662511046586,0.0072499931309914275,0.01584830128897148,0.0026041666666666665,0.0,0.0078125,0.0078125,0.0013020833333333333,0.015625,0.11979166666666667,0.09505208333333333,0.14720052083333326,0.0,0.0,0.0
256,32,ridge_cv,3,256,0.125,0.011905662511046586,0.007242166428962078,0.0161584067569241,0.0026041666666666665,0.0,0.0078125,0.0078125,0.0013020833333333333,0.015625,0.11979166666666667,0.09505208333333333,0.14192708333333334,0.0,0.0,0.0
256,64,no_attack,3,256,0.2565104166666667,0.003669110179365305,-0.0004522023644286971,0.008252191615889507,0.0,0.0,0.0,0.00390625,0.0,0.009114583333333334,0.23307291666666666,0.20113932291666667,0.26630859374999993,0.0,0.0,0.0
256,64,ols_pinv,3,256,0.2565104166666667,0.019002791766255155,0.01402899569500331,0.023869920424439015,0.00390625,0.0,0.010416666666666666,0.010416666666666666,0.00390625,0.01953125,0.23307291666666666,0.19921875,0.2676106770833333,0.0,0.0,0.0
256,64,oracle_true_residual,3,256,0.2565104166666667,1.0000000079849027,1.0000000028110685,1.0000000128211601,1.0,1.0,1.0,1.0,1.0,1.0,0.23307291666666666,0.20113932291666667,0.2682291666666667,0.0,0.0,0.0
256,64,polar_ols,3,256,0.2565104166666667,0.004210101819757635,-0.00038205982366797727,0.008629019199343061,0.0,0.0,0.0,0.006510416666666667,0.0013020833333333333,0.015625,0.23307291666666666,0.20374348958333333,0.2676106770833333,0.0,0.0,0.0
256,64,procrustes_partial,3,256,0.2565104166666667,0.005144010067691961,0.0010599215580317416,0.009467817727759656,0.0,0.0,0.0,0.00390625,0.0,0.009114583333333334,0.23307291666666666,0.20052083333333334,0.265625,0.0,0.0,0.0
256,64,ridge_alpha0,3,256,0.2565104166666667,0.019002791766255155,0.014292157613155939,0.023456669429365466,0.00390625,0.0,0.010416666666666666,0.010416666666666666,0.0032226562500000016,0.018229166666666668,0.23307291666666666,0.20052083333333334,0.265625,0.0,0.0,0.0
256,64,ridge_cv,3,256,0.2565104166666667,0.019002791766255155,0.014191353183236312,0.023223736336273677,0.00390625,0.0,0.011100260416666636,0.010416666666666666,0.00390625,0.018229166666666668,0.23307291666666666,0.20244140624999998,0.26953125,0.0,0.0,0.0
256,128,no_attack,3,256,0.53515625,0.003669110179365305,-0.00023994356140815196,0.007791702690332524,0.0,0.0,0.0,0.00390625,0.0,0.009114583333333334,0.3932291666666667,0.35478515625,0.4329752604166666,0.0,0.0,0.0
256,128,ols_pinv,3,256,0.53515625,0.03378988060646376,0.0288054137923343,0.03957671743295148,0.009114583333333334,0.0,0.01953125,0.020833333333333332,0.009114583333333334,0.033854166666666664,0.3932291666666667,0.35087890625,0.4368815104166666,0.0,0.0,0.0
256,128,oracle_true_residual,3,256,0.53515625,1.0000000079849027,1.0000000025903708,1.0000000125385893,1.0,1.0,1.0,1.0,1.0,1.0,0.3932291666666667,0.35348307291666664,0.4329752604166666,0.0,0.0,0.0
256,128,polar_ols,3,256,0.53515625,0.005363625524634542,0.0008827723175185516,0.009671133469196413,0.0,0.0,0.0,0.005208333333333333,0.0,0.01171875,0.3932291666666667,0.3541666666666667,0.4355794270833333,0.0,0.0,0.0
256,128,procrustes_partial,3,256,0.53515625,0.007316063095572439,0.002477382104887974,0.012796523175286073,0.0,0.0,0.0,0.00390625,0.0,0.009114583333333334,0.3932291666666667,0.3541666666666667,0.4283854166666667,0.0,0.0,0.0
256,128,ridge_alpha0,3,256,0.53515625,0.03378988060646376,0.028737484806410335,0.03895886383812271,0.009114583333333334,0.0,0.01953125,0.020833333333333332,0.0078125,0.033854166666666664,0.3932291666666667,0.3528645833333333,0.4329752604166666,0.0,0.0,0.0
256,128,ridge_cv,3,256,0.53515625,0.03378988063221424,0.029084483145112208,0.038840540408470785,0.009114583333333334,0.0,0.01953125,0.020833333333333332,0.009114583333333334,0.035839843749999975,0.3932291666666667,0.3515625,0.43359375,0.0,0.0,0.0
256,256,no_attack,3,256,1.0481770833333333,0.003669110179365305,-0.0005525474440250405,0.007487922841033345,0.0,0.0,0.0,0.00390625,0.0,0.009114583333333334,0.6276041666666666,0.5885416666666666,0.6653645833333334,0.0,0.0,0.0
256,256,ols_pinv,3,256,1.0481770833333333,0.059617484299129296,0.0544426370899226,0.06588854377852327,0.01171875,0.0026041666666666665,0.022135416666666668,0.0390625,0.016927083333333332,0.06901041666666667,0.6276041666666666,0.5911458333333334,0.66796875,0.0,0.0,0.0
256,256,oracle_true_residual,3,256,1.0481770833333333,1.0000000079849027,1.0000000030349694,1.0000000127857265,1.0,1.0,1.0,1.0,1.0,1.0,0.6276041666666666,0.58916015625,0.66865234375,0.0,0.0,0.0
256,256,polar_ols,3,256,1.0481770833333333,0.010857918303623192,0.006898817351247295,0.015434132070046899,0.0,0.0,0.0,0.005208333333333333,0.0013020833333333333,0.01171875,0.6276041666666666,0.5904622395833333,0.6699544270833333,0.0,0.0,0.0
256,256,procrustes_partial,3,256,1.0481770833333333,0.011581490972792154,0.004904803230179428,0.01667481662319903,0.0013020833333333333,0.0,0.005208333333333333,0.005208333333333333,0.0013020833333333333,0.01171875,0.6276041666666666,0.5872395833333334,0.6692708333333334,0.0,0.0,0.0
256,256,ridge_alpha0,3,256,1.0481770833333333,0.059617484299129296,0.05495446378907715,0.06537865665624694,0.01171875,0.0026041666666666665,0.02281901041666664,0.0390625,0.015625,0.06640625,0.6276041666666666,0.5885416666666666,0.6666666666666666,0.0,0.0,0.0
256,256,ridge_cv,3,256,1.0481770833333333,0.059617484461649856,0.05369249891834357,0.06620643568178314,0.01171875,0.00390625,0.022135416666666668,0.0390625,0.01494140625,0.0703125,0.6276041666666666,0.5885416666666666,0.6673502604166667,0.0,0.0,0.0
256,512,no_attack,3,256,2.1770833333333335,0.003669110179365305,-0.0005273661751381731,0.008119234516014791,0.0,0.0,0.0,0.00390625,0.0,0.009114583333333334,0.8671875,0.82421875,0.9075520833333334,0.0,0.0,0.0
256,512,ols_pinv,3,256,2.1770833333333335,0.10348074221194813,0.09754257775868475,0.10962866480156942,0.03125,0.01953125,0.045572916666666664,0.109375,0.07483723958333334,0.15172526041666665,0.8671875,0.828125,0.9036458333333334,0.0,0.0,0.0
256,512,oracle_true_residual,3,256,2.1770833333333335,1.0000000079849027,1.0000000026040727,1.000000013323768,1.0,1.0,1.0,1.0,1.0,1.0,0.8671875,0.8287434895833333,0.90302734375,0.0,0.0,0.0
256,512,polar_ols,3,256,2.1770833333333335,0.0162937947640432,0.010702319548688236,0.02194679947398627,0.0013020833333333333,0.0,0.005208333333333333,0.0078125,0.0026041666666666665,0.014322916666666666,0.8671875,0.8287434895833333,0.9075520833333334,0.0,0.0,0.0
256,512,procrustes_partial,3,256,2.1770833333333335,0.018980837594799103,0.013989707356191441,0.02368027955395298,0.00390625,0.0,0.010416666666666666,0.01171875,0.00390625,0.020214843749999968,0.8671875,0.82744140625,0.90625,0.0,0.0,0.0
256,512,ridge_alpha0,3,256,2.1770833333333335,0.10348074221194813,0.09653328627660011,0.1098556377282077,0.03125,0.018229166666666668,0.045572916666666664,0.109375,0.07161458333333333,0.14521484375,0.8671875,0.83203125,0.90625,0.0,0.0,0.0
256,512,ridge_cv,3,256,2.1770833333333335,0.10348074261140279,0.09681767352395307,0.10998773662979722,0.03125,0.018229166666666668,0.045572916666666664,0.109375,0.07682291666666667,0.14713541666666666,0.8671875,0.82998046875,0.9050130208333332,0.0,0.0,0.0
256,1024,no_attack,3,256,4.377604166666667,0.003669110179365305,-0.0004292824587159068,0.007987752857003703,0.0,0.0,0.0,0.00390625,0.0,0.008496093749999972,0.9765625,0.96416015625,0.9869791666666666,0.0,0.0,0.0
256,1024,ols_pinv,3,256,4.377604166666667,0.1603692535254925,0.15340954825446204,0.1670287192848181,0.09375,0.06442057291666667,0.1171875,0.2747395833333333,0.23889973958333333,0.3125,0.9765625,0.96484375,0.9869791666666666,0.0,0.0,0.0
256,1024,oracle_true_residual,3,256,4.377604166666667,1.0000000079849027,1.0000000026890006,1.0000000132748363,1.0,1.0,1.0,1.0,1.0,1.0,0.9765625,0.96484375,0.9869791666666666,0.0,0.0,0.0
256,1024,polar_ols,3,256,4.377604166666667,0.03137766143067188,0.02630872431274549,0.03733325738514962,0.006510416666666667,0.0,0.016927083333333332,0.016927083333333332,0.0078125,0.028027343749999968,0.9765625,0.9635416666666666,0.98828125,0.0,0.0,0.0
256,1024,procrustes_partial,3,256,4.377604166666667,0.036659120004756345,0.031542910271607126,0.04170838222553686,0.005208333333333333,0.0013020833333333333,0.012402343749999972,0.018229166666666668,0.006510416666666667,0.032552083333333336,0.9765625,0.9661458333333334,0.9869791666666666,0.0,0.0,0.0
256,1024,ridge_alpha0,3,256,4.377604166666667,0.1603692535254925,0.15367023989706793,0.1665079733866592,0.09375,0.06832682291666667,0.11588541666666667,0.2747395833333333,0.23828125,0.3079752604166666,0.9765625,0.9635416666666666,0.9856770833333334,0.0,0.0,0.0
256,1024,ridge_cv,3,256,4.377604166666667,0.16036925296690005,0.15429653350743,0.16713996971593426,0.09375,0.0703125,0.11979166666666667,0.2747395833333333,0.23629557291666667,0.3111979166666667,0.9765625,0.96416015625,0.9869791666666666,0.0,0.0,0.0
256,2048,no_attack,3,256,8.618489583333334,0.003669110179365305,-7.394341409439698e-05,0.007333639155628259,0.0,0.0,0.0,0.00390625,0.0,0.009114583333333334,1.0,1.0,1.0,0.0,0.0,0.0
256,2048,ols_pinv,3,256,8.618489583333334,0.23116005358203728,0.2239098495261711,0.23726004037798906,0.296875,0.26171875,0.3333333333333333,0.5924479166666666,0.5559895833333334,0.6308919270833333,1.0,1.0,1.0,0.0,0.0,0.0
256,2048,oracle_true_residual,3,256,8.618489583333334,1.0000000079849027,1.0000000024352929,1.000000013343009,1.0,1.0,1.0,1.0,1.0,1.0,1.0,1.0,1.0,0.0,0.0,0.0
256,2048,polar_ols,3,256,8.618489583333334,0.059286426138234476,0.05244304248378857,0.06639755268709398,0.014322916666666666,0.005208333333333333,0.026041666666666668,0.045572916666666664,0.03125,0.061197916666666664,1.0,1.0,1.0,0.0,0.0,0.0
256,2048,procrustes_partial,3,256,8.618489583333334,0.06695521612716658,0.061836536376039246,0.07193570144889104,0.018229166666666668,0.008430989583333336,0.028645833333333332,0.044270833333333336,0.030566406250000004,0.05859375,1.0,1.0,1.0,0.0,0.0,0.0
256,2048,ridge_alpha0,3,256,8.618489583333334,0.23116005358203728,0.22411492300630428,0.23779865692591665,0.296875,0.25973307291666664,0.33203125,0.5924479166666666,0.5513997395833333,0.6328125,1.0,1.0,1.0,0.0,0.0,0.0
256,2048,ridge_cv,3,256,8.618489583333334,0.23116005279516205,0.22466179577808898,0.23745770117052736,0.296875,0.26363932291666664,0.3314127604166666,0.5924479166666666,0.5553059895833333,0.6302083333333334,1.0,1.0,1.0,0.0,0.0,0.0
256,4096,no_attack,3,256,16.930989583333332,0.003669110179365305,-0.00044118168067882615,0.007719280749967315,0.0,0.0,0.0,0.00390625,0.0,0.009114583333333334,1.0,1.0,1.0,0.0,0.0,0.0
256,4096,ols_pinv,3,256,16.930989583333332,0.32405410606220014,0.31685088006095696,0.33206617042979714,0.6875,0.6510416666666666,0.7220377604166667,0.90234375,0.8723958333333334,0.9290690104166667,1.0,1.0,1.0,0.0,0.0,0.0
256,4096,oracle_true_residual,3,256,16.930989583333332,1.0000000079849027,1.000000002871887,1.0000000126677715,1.0,1.0,1.0,1.0,1.0,1.0,1.0,1.0,1.0,0.0,0.0,0.0
256,4096,polar_ols,3,256,16.930989583333332,0.11521211329903087,0.10884418726759669,0.12209024403012057,0.08984375,0.0703125,0.11067708333333333,0.20052083333333334,0.171875,0.23046875,1.0,1.0,1.0,0.0,0.0,0.0
256,4096,procrustes_partial,3,256,16.930989583333332,0.11349661676894642,0.10248252345637598,0.12468275134145058,0.09375,0.07421875,0.1171875,0.19140625,0.16276041666666666,0.22005208333333334,1.0,1.0,1.0,0.0,0.0,0.0
256,4096,ridge_alpha0,3,256,16.930989583333332,0.32405410606220014,0.31681765918620286,0.3316471884639926,0.6875,0.6575520833333334,0.71875,0.90234375,0.8717122395833333,0.9283854166666666,1.0,1.0,1.0,0.0,0.0,0.0
256,4096,ridge_cv,3,256,16.930989583333332,0.32405410723771993,0.3169451517424949,0.3320089965811588,0.6875,0.6549479166666666,0.7200520833333334,0.90234375,0.8730143229166667,0.9277669270833333,1.0,1.0,1.0,0.0,0.0,0.0
256,8192,no_attack,3,256,33.670572916666664,0.003669110179365305,-0.0006712344140164441,0.008143651463792242,0.0,0.0,0.0,0.00390625,0.0,0.0078125,1.0,1.0,1.0,0.0,0.0,0.0
256,8192,ols_pinv,3,256,33.670572916666664,0.44252709948394103,0.43509745897636226,0.44980853644613156,0.9609375,0.9440104166666666,0.9759440104166667,0.9973958333333334,0.9921875,1.0,1.0,1.0,1.0,0.0,0.0,0.0
256,8192,oracle_true_residual,3,256,33.670572916666664,1.0000000079849027,1.0000000027332665,1.0000000134962015,1.0,1.0,1.0,1.0,1.0,1.0,1.0,1.0,1.0,0.0,0.0,0.0
256,8192,polar_ols,3,256,33.670572916666664,0.20608141020742565,0.19768283809056159,0.2162971793925633,0.3802083333333333,0.33717447916666665,0.4244791666666667,0.5651041666666666,0.51884765625,0.6146484374999999,1.0,1.0,1.0,0.0,0.0,0.0
256,8192,procrustes_partial,3,256,33.670572916666664,0.20634671489098835,0.1965043363595666,0.21771780309481178,0.3723958333333333,0.32421875,0.4231770833333333,0.5638020833333334,0.5208333333333334,0.6048502604166667,1.0,1.0,1.0,0.0,0.0,0.0
256,8192,ridge_alpha0,3,256,33.670572916666664,0.44252709948394103,0.4344626242037143,0.4496664151901219,0.9609375,0.9440104166666666,0.9765625,0.9973958333333334,0.9908854166666666,1.0,1.0,1.0,1.0,0.0,0.0,0.0
256,8192,ridge_cv,3,256,33.670572916666664,0.44252709899375847,0.43454672150327533,0.44985692017819173,0.9609375,0.9453125,0.9752604166666666,0.9973958333333334,0.9902018229166667,1.0,1.0,1.0,1.0,0.0,0.0,0.0
256,16384,no_attack,3,256,67.1328125,0.003669110179365305,-0.000614981407362903,0.007316677644789987,0.0,0.0,0.0,0.00390625,0.0,0.0078125,1.0,1.0,1.0,0.0,0.0,0.0
256,16384,ols_pinv,3,256,67.1328125,0.5882909279464451,0.5794010641913426,0.5962457913750607,0.9986979166666666,0.9941080729166667,1.0,1.0,1.0,1.0,1.0,1.0,1.0,0.0,0.0,0.0
256,16384,oracle_true_residual,3,256,67.1328125,1.0000000079849027,1.0000000027326026,1.0000000136006624,1.0,1.0,1.0,1.0,1.0,1.0,1.0,1.0,1.0,0.0,0.0,0.0
256,16384,polar_ols,3,256,67.1328125,0.3531232577938031,0.3429176397554629,0.3632752521024464,0.8567708333333334,0.8216145833333334,0.8919270833333334,0.93359375,0.90947265625,0.9583333333333334,1.0,1.0,1.0,0.0,0.0,0.0
256,16384,procrustes_partial,3,256,67.1328125,0.3547968597511457,0.3454861105334733,0.3665876183153534,0.8424479166666666,0.8020182291666667,0.8815104166666666,0.9192708333333334,0.88994140625,0.94599609375,1.0,1.0,1.0,0.0,0.0,0.0
256,16384,ridge_alpha0,3,256,67.1328125,0.5882909279464451,0.5810293605002974,0.5967461538785295,0.9986979166666666,0.9947916666666666,1.0,1.0,1.0,1.0,1.0,1.0,1.0,0.0,0.0,0.0
256,16384,ridge_cv,3,256,67.1328125,0.58829092841846,0.5799955885375597,0.5958994355297168,0.9986979166666666,0.9947916666666666,1.0,1.0,1.0,1.0,1.0,1.0,1.0,0.0,0.0,0.0
256,32768,no_attack,3,256,134.28385416666666,0.003669110179365305,-0.0005848440332061729,0.007640944501733229,0.0,0.0,0.0,0.00390625,0.0,0.0078125,1.0,1.0,1.0,0.0,0.0,0.0
256,32768,ols_pinv,3,256,134.28385416666666,0.7720597694971776,0.7665713075178375,0.7779841643368236,1.0,1.0,1.0,1.0,1.0,1.0,1.0,1.0,1.0,0.0,0.0,0.0
256,32768,oracle_true_residual,3,256,134.28385416666666,1.0000000079849027,1.0000000028780744,1.0000000135462055,1.0,1.0,1.0,1.0,1.0,1.0,1.0,1.0,1.0,0.0,0.0,0.0
256,32768,polar_ols,3,256,134.28385416666666,0.6026667637598515,0.592612865750852,0.6121152661141813,0.9921875,0.984375,0.9986979166666666,0.9947916666666666,0.98828125,1.0,1.0,1.0,1.0,0.0,0.0,0.0
256,32768,procrustes_partial,3,256,134.28385416666666,0.6048236131855464,0.5956309107196387,0.6140482847841009,0.99609375,0.98828125,1.0,1.0,1.0,1.0,1.0,1.0,1.0,0.0,0.0,0.0
256,32768,ridge_alpha0,3,256,134.28385416666666,0.7720597694971776,0.7657310626383068,0.7782756237786697,1.0,1.0,1.0,1.0,1.0,1.0,1.0,1.0,1.0,0.0,0.0,0.0
256,32768,ridge_cv,3,256,134.28385416666666,0.7720597667494024,0.7654689730618031,0.7784879346157101,1.0,1.0,1.0,1.0,1.0,1.0,1.0,1.0,1.0,0.0,0.0,0.0
256,65536,no_attack,3,256,268.8828125,0.003669110179365305,-0.0003245832641282575,0.007950998786030021,0.0,0.0,0.0,0.00390625,0.0,0.009114583333333334,1.0,1.0,1.0,0.3515625,0.3190104166666667,0.3841145833333333
256,65536,ols_pinv,3,256,268.8828125,0.9542366853784018,0.9500077284067755,0.958327317645916,1.0,1.0,1.0,1.0,1.0,1.0,1.0,1.0,1.0,0.3515625,0.3190104166666667,0.3854166666666667
256,65536,oracle_true_residual,3,256,268.8828125,1.0000000079849027,1.0000000025733342,1.0000000130517954,1.0,1.0,1.0,1.0,1.0,1.0,1.0,1.0,1.0,0.3515625,0.3216145833333333,0.3815104166666667
256,65536,polar_ols,3,256,268.8828125,0.9133052982204498,0.9059386378859251,0.9213526360396481,1.0,1.0,1.0,1.0,1.0,1.0,1.0,1.0,1.0,0.3515625,0.31640625,0.38671875
256,65536,procrustes_partial,3,256,268.8828125,0.9148047461385569,0.9075727690716152,0.9224961409546859,1.0,1.0,1.0,1.0,1.0,1.0,1.0,1.0,1.0,0.3515625,0.3177083333333333,0.3861002604166666
256,65536,ridge_alpha0,3,256,268.8828125,0.9542366853784018,0.9500420441813925,0.9584514582768418,1.0,1.0,1.0,1.0,1.0,1.0,1.0,1.0,1.0,0.3515625,0.31962890625,0.3861002604166666
256,65536,ridge_cv,3,256,268.8828125,0.9542350333063666,0.9495418649516837,0.9587029696235384,1.0,1.0,1.0,1.0,1.0,1.0,1.0,1.0,1.0,0.3515625,0.31962890625,0.3821940104166666
256,90000,no_attack,3,256,369.3125,0.003669110179365305,-0.0005434574858154659,0.007293850599837661,0.0,0.0,0.0,0.00390625,0.0,0.0078125,1.0,1.0,1.0,0.8046875,0.7760416666666666,0.8307291666666666
256,90000,ols_pinv,3,256,369.3125,0.9896609856204353,0.9874459863464055,0.9916643866460279,1.0,1.0,1.0,1.0,1.0,1.0,1.0,1.0,1.0,0.8046875,0.77734375,0.8307291666666666
256,90000,oracle_true_residual,3,256,369.3125,1.0000000079849027,1.0000000031112481,1.0000000128760484,1.0,1.0,1.0,1.0,1.0,1.0,1.0,1.0,1.0,0.8046875,0.7786458333333334,0.83271484375
256,90000,polar_ols,3,256,369.3125,0.9807066870431701,0.9765728748209849,0.9843451778523963,1.0,1.0,1.0,1.0,1.0,1.0,1.0,1.0,1.0,0.8046875,0.77734375,0.83271484375
256,90000,procrustes_partial,3,256,369.3125,0.9802155795822896,0.975930722747803,0.98409294515604,1.0,1.0,1.0,1.0,1.0,1.0,1.0,1.0,1.0,0.8046875,0.7734375,0.8307291666666666
256,90000,ridge_alpha0,3,256,369.3125,0.9896609856204353,0.9869330058182104,0.9915834830215923,1.0,1.0,1.0,1.0,1.0,1.0,1.0,1.0,1.0,0.8046875,0.7799479166666666,0.8314127604166667
256,90000,ridge_cv,3,256,369.3125,0.9896608335981885,0.9874447147832363,0.9917374782298575,1.0,1.0,1.0,1.0,1.0,1.0,1.0,1.0,1.0,0.8046875,0.77734375,0.8320963541666666
