run_id,geometry_id,method,m,n,n_pii,token_f1_mean,token_f1_ci_low,token_f1_ci_high,bleu_mean,bleu_ci_low,bleu_ci_high,exact_match_mean,exact_match_ci_low,exact_match_ci_high,normalized_exact_match_mean,normalized_exact_match_ci_low,normalized_exact_match_ci_high,pii_recall_mean,pii_recall_ci_low,pii_recall_ci_high,pii_identifier_recall_mean,pii_identifier_recall_ci_low,pii_identifier_recall_ci_high,pii_name_recall_mean,pii_name_recall_ci_low,pii_name_recall_ci_high,pii_email_recall_mean,pii_email_recall_ci_low,pii_email_recall_ci_high,pii_phone_recall_mean,pii_phone_recall_ci_low,pii_phone_recall_ci_high,pii_card_recall_mean,pii_card_recall_ci_low,pii_card_recall_ci_high,geometry_cosine_mean,geometry_cosine_ci_low,geometry_cosine_ci_high,recovered_text_embedding_cosine_mean,recovered_text_embedding_cosine_ci_low,recovered_text_embedding_cosine_ci_high
p192_c16_cs17_ks101_largest,p192_c16_cs17,ols_m16,16,12,0,0.3233500482428074,0.24755776450965622,0.41220613440360787,0.05635850953176976,0.02990367279948766,0.09376405624496548,0.0,0.0,0.0,0.0,0.0,0.0,nan,nan,nan,nan,nan,nan,nan,nan,nan,nan,nan,nan,nan,nan,nan,nan,nan,nan,0.894836018482844,0.8744827987005314,0.9124252080917358,0.7419346769650778,0.6806299703816573,0.8136336959898471
p192_c16_cs17_ks101_largest,p192_c16_cs17,ols_m32,32,12,0,0.3311176544406767,0.2557588219673384,0.40690626959123694,0.0481057541262663,0.0314613530740095,0.06846484532732437,0.0,0.0,0.0,0.0,0.0,0.0,nan,nan,nan,nan,nan,nan,nan,nan,nan,nan,nan,nan,nan,nan,nan,nan,nan,nan,0.9014164706071218,0.8827556040138007,0.9188069939613343,0.7017811785141627,0.6441558976968129,0.757456678400437
p192_c16_cs17_ks101_largest,p192_c16_cs17,ols_m64,64,12,0,0.36704923699615216,0.3031383908476031,0.43527133821597175,0.05074635468088625,0.03139910508529268,0.07219716577627379,0.0,0.0,0.0,0.0,0.0,0.0,nan,nan,nan,nan,nan,nan,nan,nan,nan,nan,nan,nan,nan,nan,nan,nan,nan,nan,0.9155486971139908,0.8993061828116576,0.9304133998850981,0.7685357083876928,0.729473273580273,0.8059998748203118
p192_c16_cs17_ks101_largest,p192_c16_cs17,ols_m8,8,12,0,0.34300406885657225,0.28077144114853086,0.41529969178983794,0.05005107782815091,0.030299737988226237,0.07397343706101348,0.0,0.0,0.0,0.0,0.0,0.0,nan,nan,nan,nan,nan,nan,nan,nan,nan,nan,nan,nan,nan,nan,nan,nan,nan,nan,0.8914691756169001,0.8720718059688807,0.9088904753327369,0.7482518156369528,0.6934642230470975,0.803463677689433
p192_c16_cs17_ks101_largest,p192_c16_cs17,oracle_residual,,12,0,0.6694715126217484,0.5863695532413508,0.7574078357850135,0.20697538160228027,0.11358427558910138,0.313361230693184,0.0,0.0,0.0,0.0,0.0,0.0,nan,nan,nan,nan,nan,nan,nan,nan,nan,nan,nan,nan,nan,nan,nan,nan,nan,nan,0.9999999552965164,0.9999999205271403,0.9999999950329462,0.9057780702908834,0.872800778845946,0.9378948998947939
p192_c16_cs17_ks101_largest,p192_c16_cs17,prefix_only,,12,0,0.33022537999092466,0.2526060596076804,0.4086217251032895,0.0423015913855348,0.028924070286993682,0.05945329585557908,0.0,0.0,0.0,0.0,0.0,0.0,nan,nan,nan,nan,nan,nan,nan,nan,nan,nan,nan,nan,nan,nan,nan,nan,nan,nan,0.8875142286221186,0.8667971583704154,0.906352271636327,0.7435980786879858,0.6988135763754447,0.788919751221935
p192_c16_cs17_ks101_largest,p192_c16_cs17,procrustes_m32,32,12,0,0.1829253400748091,0.13955920694407536,0.24253565257887066,0.028577954482213144,0.01851260485079963,0.045704933499278226,0.0,0.0,0.0,0.0,0.0,0.0,nan,nan,nan,nan,nan,nan,nan,nan,nan,nan,nan,nan,nan,nan,nan,nan,nan,nan,0.8198592662811279,0.7887073960155249,0.8490058173735936,0.5651978005965551,0.4923215567444762,0.6432288887600103
p192_c16_cs17_ks101_largest,p192_c16_cs17,procrustes_m64,64,12,0,0.1817954895357832,0.11909152539127395,0.2495839251500749,0.020802845655356516,0.013983434913867948,0.02745612021536374,0.0,0.0,0.0,0.0,0.0,0.0,nan,nan,nan,nan,nan,nan,nan,nan,nan,nan,nan,nan,nan,nan,nan,nan,nan,nan,0.8378148029247919,0.8085352754841248,0.863848997404178,0.6129949018359184,0.5234357461333276,0.6954374965280294
p192_c16_cs17_ks101_largest,p192_c16_cs17,raw,,12,0,0.6694715126217484,0.5819258970855609,0.7593471409438308,0.20697538160228027,0.11239996359440917,0.31740298713181453,0.0,0.0,0.0,0.0,0.0,0.0,nan,nan,nan,nan,nan,nan,nan,nan,nan,nan,nan,nan,nan,nan,nan,nan,nan,nan,0.9999999701976776,0.9999999354283015,1.0000000049670537,0.9057780702908834,0.8708715341985226,0.9396183143059412
p192_c16_cs17_ks101_largest,p192_c16_cs17,unknown_key,,12,0,0.14747307336441465,0.09133837337519428,0.20483906057706994,0.01568623476894152,0.01024102288059545,0.02093211382007724,0.0,0.0,0.0,0.0,0.0,0.0,nan,nan,nan,nan,nan,nan,nan,nan,nan,nan,nan,nan,nan,nan,nan,nan,nan,nan,0.787229319413503,0.7508562379827102,0.8190681072572867,0.5456813996036848,0.45561755051215486,0.6239561759556331
p192_c16_cs17_ks101_largest_pii,p192_c16_cs17,ols_m16,16,12,12,0.4204234036180563,0.38208256235939264,0.4591839164592787,0.11735121063792807,0.07641601592998408,0.16434022714338015,0.0,0.0,0.0,0.0,0.0,0.0,0.3870967741935484,0.35294117647058826,0.42857142857142855,0.0,0.0,0.0,1.0,1.0,1.0,0.0,0.0,0.0,0.0,0.0,0.0,nan,nan,nan,0.9893564979235331,0.987688026825587,0.9907852745304505,0.9124821424484253,0.8961583465337752,0.926760933175683
p192_c16_cs17_ks101_largest_pii,p192_c16_cs17,ols_m32,32,12,12,0.42116464356344413,0.38624172063845974,0.45175846455587837,0.07952866083335185,0.05601510116776643,0.10808280123109758,0.0,0.0,0.0,0.0,0.0,0.0,0.3225806451612903,0.25,0.3870967741935484,0.0,0.0,0.0,0.8333333333333334,0.5833333333333334,1.0,0.0,0.0,0.0,0.0,0.0,0.0,nan,nan,nan,0.99318727850914,0.9922041478256385,0.994224717716376,0.9138904164234797,0.8932594175140063,0.931969819466273
p192_c16_cs17_ks101_largest_pii,p192_c16_cs17,ols_m64,64,12,12,0.3501599983484041,0.2681024601405036,0.4196535350049842,0.09045954200129092,0.05959780131249983,0.12367811915042456,0.0,0.0,0.0,0.0,0.0,0.0,0.3225806451612903,0.23333333333333334,0.4074074074074074,0.0,0.0,0.0,0.8333333333333334,0.5833333333333334,1.0,0.0,0.0,0.0,0.0,0.0,0.0,nan,nan,nan,0.9965932418902715,0.996000188589096,0.9971683084964753,0.8742959375182787,0.7944121570636828,0.9237104448179404
p192_c16_cs17_ks101_largest_pii,p192_c16_cs17,ols_m8,8,12,12,0.4091382771817555,0.35235762124349085,0.46518346508563907,0.06596841196299148,0.05116682902886157,0.08251543745709128,0.0,0.0,0.0,0.0,0.0,0.0,0.25806451612903225,0.15151515151515152,0.35714285714285715,0.0,0.0,0.0,0.6666666666666666,0.4166666666666667,0.9166666666666666,0.0,0.0,0.0,0.0,0.0,0.0,nan,nan,nan,0.9870994687080383,0.9853452843924363,0.988820327197512,0.9068235208590826,0.8801784710337718,0.9315155083934465
p192_c16_cs17_ks101_largest_pii,p192_c16_cs17,oracle_residual,,12,12,0.37267806267806264,0.305627442002442,0.42888808336725004,0.09485479856336491,0.06275884891466867,0.1306117662343575,0.0,0.0,0.0,0.0,0.0,0.0,0.2903225806451613,0.1875,0.39285714285714285,0.0,0.0,0.0,0.75,0.5,1.0,0.0,0.0,0.0,0.0,0.0,0.0,nan,nan,nan,1.000000034769376,0.9999999900658926,1.0000000794728596,0.9098409364620844,0.8870588595668475,0.9338911933203539
p192_c16_cs17_ks101_largest_pii,p192_c16_cs17,prefix_only,,12,12,0.3729904827805877,0.30519580342612584,0.42756252620026985,0.0883526822182893,0.05948488114023658,0.12483784707874138,0.0,0.0,0.0,0.0,0.0,0.0,0.25806451612903225,0.15151515151515152,0.35714285714285715,0.0,0.0,0.0,0.6666666666666666,0.4166666666666667,0.9166666666666666,0.0,0.0,0.0,0.0,0.0,0.0,nan,nan,nan,0.9846079548199972,0.9832240624974171,0.9859044522047044,0.8919046769539515,0.8665952791770299,0.9157721105962991
p192_c16_cs17_ks101_largest_pii,p192_c16_cs17,procrustes_m32,32,12,12,0.25476197367395925,0.21417928615962892,0.290745964686037,0.039972547530802836,0.034843762404670214,0.0445578321608071,0.0,0.0,0.0,0.0,0.0,0.0,0.1935483870967742,0.09090909090909091,0.3,0.0,0.0,0.0,0.5,0.25,0.75,0.0,0.0,0.0,0.0,0.0,0.0,nan,nan,nan,0.9862792193889618,0.9841983195394277,0.9884368455658357,0.8481704791386923,0.8074693460017442,0.8851369426896174
p192_c16_cs17_ks101_largest_pii,p192_c16_cs17,procrustes_m64,64,12,12,0.2891446208112875,0.23674360670194003,0.34461386684303347,0.049304771148530845,0.038881867222831386,0.05974810200572077,0.0,0.0,0.0,0.0,0.0,0.0,0.1935483870967742,0.09090909090909091,0.30303030303030304,0.0,0.0,0.0,0.5,0.25,0.75,0.0,0.0,0.0,0.0,0.0,0.0,nan,nan,nan,0.9932239800691605,0.9920401097585757,0.9943604212254287,0.858875056107839,0.8224300511181354,0.8928473877410094
p192_c16_cs17_ks101_largest_pii,p192_c16_cs17,raw,,12,12,0.37267806267806264,0.30120828245828246,0.42872536799620137,0.09485479856336491,0.06173607443980295,0.13083077030554663,0.0,0.0,0.0,0.0,0.0,0.0,0.2903225806451613,0.18181818181818182,0.38724078341013746,0.0,0.0,0.0,0.75,0.5,1.0,0.0,0.0,0.0,0.0,0.0,0.0,nan,nan,nan,1.0000000099341075,0.9999999849746625,1.00000003973643,0.9098409364620844,0.8861408747732639,0.9338819872587919
p192_c16_cs17_ks101_largest_pii,p192_c16_cs17,unknown_key,,12,12,0.23684448429282012,0.17218353028188574,0.30161199822752965,0.04368882970763253,0.02876426919440747,0.059579429936817356,0.0,0.0,0.0,0.0,0.0,0.0,0.12903225806451613,0.03330645161290323,0.23333333333333334,0.0,0.0,0.0,0.3333333333333333,0.08333333333333333,0.5833333333333334,0.0,0.0,0.0,0.0,0.0,0.0,nan,nan,nan,0.97043310602506,0.9681465371201435,0.9726196675250928,0.7582102864980698,0.6833023084948461,0.8219403116653363
p192_c16_cs17_ks103_largest,p192_c16_cs17,ols_m16,16,12,0,0.3233500482428074,0.24968711786112696,0.40849024470732165,0.05635850953176976,0.029913625339782944,0.09480492315641255,0.0,0.0,0.0,0.0,0.0,0.0,nan,nan,nan,nan,nan,nan,nan,nan,nan,nan,nan,nan,nan,nan,nan,nan,nan,nan,0.8948360234498978,0.8752903717259566,0.9132077821840843,0.7419346769650778,0.67357114503781,0.8053723090638716
p192_c16_cs17_ks103_largest,p192_c16_cs17,ols_m32,32,12,0,0.3456284128538742,0.27162039171448865,0.41956875768868346,0.049387691459932735,0.03316506857738019,0.06972212434641069,0.0,0.0,0.0,0.0,0.0,0.0,nan,nan,nan,nan,nan,nan,nan,nan,nan,nan,nan,nan,nan,nan,nan,nan,nan,nan,0.9014164557059606,0.8828584682196379,0.9184963542968035,0.7220971981684366,0.670436762397488,0.77094780827562
p192_c16_cs17_ks103_largest,p192_c16_cs17,ols_m64,64,12,0,0.37813079727984006,0.315714332560908,0.4400129824665465,0.047353041888941516,0.027980474568078416,0.0708179126532122,0.0,0.0,0.0,0.0,0.0,0.0,nan,nan,nan,nan,nan,nan,nan,nan,nan,nan,nan,nan,nan,nan,nan,nan,nan,nan,0.9155486822128296,0.8990832015872001,0.930338241532445,0.7765824844439825,0.7434687702606122,0.8116147451102732
p192_c16_cs17_ks103_largest,p192_c16_cs17,ols_m8,8,12,0,0.34300406885657225,0.2786405891213965,0.419989027120185,0.05005107782815091,0.030393843990611694,0.07464895253730958,0.0,0.0,0.0,0.0,0.0,0.0,nan,nan,nan,nan,nan,nan,nan,nan,nan,nan,nan,nan,nan,nan,nan,nan,nan,nan,0.8914691607157389,0.8720045595119397,0.9102251915882031,0.7482518156369528,0.6967282341172297,0.8002043668180704
p192_c16_cs17_ks103_largest,p192_c16_cs17,oracle_residual,,12,0,0.6694715126217484,0.5821701290272208,0.7587541448938763,0.20697538160228027,0.11015339397470061,0.3169116657711165,0.0,0.0,0.0,0.0,0.0,0.0,nan,nan,nan,nan,nan,nan,nan,nan,nan,nan,nan,nan,nan,nan,nan,nan,nan,nan,0.9999999552965164,0.9999999155600866,0.9999999950329462,0.9057780702908834,0.8723954953253269,0.9392870556563139
p192_c16_cs17_ks103_largest,p192_c16_cs17,prefix_only,,12,0,0.33022537999092466,0.2566452114466256,0.40336400715467385,0.0423015913855348,0.029320065095113767,0.05987066605593388,0.0,0.0,0.0,0.0,0.0,0.0,nan,nan,nan,nan,nan,nan,nan,nan,nan,nan,nan,nan,nan,nan,nan,nan,nan,nan,0.8875142286221186,0.8673383558789889,0.9071832039703925,0.7435980786879858,0.6988073840737343,0.787537166600426
p192_c16_cs17_ks103_largest,p192_c16_cs17,procrustes_m32,32,12,0,0.179312858696165,0.13076156791853102,0.22727719758169151,0.021807432967226228,0.017449695206169732,0.02685120208839503,0.0,0.0,0.0,0.0,0.0,0.0,nan,nan,nan,nan,nan,nan,nan,nan,nan,nan,nan,nan,nan,nan,nan,nan,nan,nan,0.8145720014969507,0.7817275853206713,0.8445455783357223,0.5843119571606318,0.5137166157364845,0.6504773840308189
p192_c16_cs17_ks103_largest,p192_c16_cs17,procrustes_m64,64,12,0,0.20114767271850076,0.15479708029420491,0.25444881230173366,0.02271777380635359,0.01636303531352673,0.028521761631835358,0.0,0.0,0.0,0.0,0.0,0.0,nan,nan,nan,nan,nan,nan,nan,nan,nan,nan,nan,nan,nan,nan,nan,nan,nan,nan,0.8396195570627848,0.8100683140257995,0.866572044044733,0.5935328975319862,0.5091882046932975,0.6733854052921137
p192_c16_cs17_ks103_largest,p192_c16_cs17,raw,,12,0,0.6694715126217484,0.5825737796473605,0.7660363409701388,0.20697538160228027,0.11322089096134309,0.31311308059805987,0.0,0.0,0.0,0.0,0.0,0.0,nan,nan,nan,nan,nan,nan,nan,nan,nan,nan,nan,nan,nan,nan,nan,nan,nan,nan,0.9999999701976776,0.9999999354283015,1.0000000049670537,0.9057780702908834,0.8708920507381359,0.9389466388771931
p192_c16_cs17_ks103_largest,p192_c16_cs17,unknown_key,,12,0,0.15682732386900838,0.10794611322894851,0.21196634062192238,0.024796364996091187,0.018301350338850664,0.03129489648424295,0.0,0.0,0.0,0.0,0.0,0.0,nan,nan,nan,nan,nan,nan,nan,nan,nan,nan,nan,nan,nan,nan,nan,nan,nan,nan,0.7902983129024506,0.7571472148100535,0.8227949182192484,0.5460307399431864,0.49217308883865674,0.6104207017769416
p192_c16_cs17_ks103_largest_pii,p192_c16_cs17,ols_m16,16,12,12,0.3985216942163469,0.3353648208270897,0.4537193888325197,0.10147693160474636,0.06375756367949659,0.1478304577301747,0.0,0.0,0.0,0.0,0.0,0.0,0.3548387096774194,0.2903225806451613,0.41379310344827586,0.0,0.0,0.0,0.9166666666666666,0.75,1.0,0.0,0.0,0.0,0.0,0.0,0.0,nan,nan,nan,0.9893564780553182,0.9876556552946567,0.9907730148484309,0.9055680831273397,0.888301133736968,0.9216444607824087
p192_c16_cs17_ks103_largest_pii,p192_c16_cs17,ols_m32,32,12,12,0.42116464356344413,0.3900315928726723,0.45206678284789226,0.07952866083335185,0.055785753047534255,0.10834594146242768,0.0,0.0,0.0,0.0,0.0,0.0,0.3225806451612903,0.2413793103448276,0.3870967741935484,0.0,0.0,0.0,0.8333333333333334,0.5833333333333334,1.0,0.0,0.0,0.0,0.0,0.0,0.0,nan,nan,nan,0.9931872536738714,0.9921779322127502,0.9942199962834517,0.9138904164234797,0.8935209829360247,0.9311870546390613
p192_c16_cs17_ks103_largest_pii,p192_c16_cs17,ols_m64,64,12,12,0.3451094932978991,0.2639209739535826,0.4126245202060419,0.0912859546937922,0.06202975001731793,0.12453407768798788,0.0,0.0,0.0,0.0,0.0,0.0,0.3225806451612903,0.22580645161290322,0.4,0.0,0.0,0.0,0.8333333333333334,0.5833333333333334,1.0,0.0,0.0,0.0,0.0,0.0,0.0,nan,nan,nan,0.9965932468573252,0.996008238568902,0.997178067266941,0.870877909163634,0.7933868203312159,0.9227491042266289
p192_c16_cs17_ks103_largest_pii,p192_c16_cs17,ols_m8,8,12,12,0.38207610022827415,0.33435521845304456,0.4317730596697988,0.06848389457845577,0.05352895677018286,0.08443205103421264,0.0,0.0,0.0,0.0,0.0,0.0,0.25806451612903225,0.15613162878787878,0.36363636363636365,0.0,0.0,0.0,0.6666666666666666,0.4166666666666667,0.9166666666666666,0.0,0.0,0.0,0.0,0.0,0.0,nan,nan,nan,0.9870994538068771,0.9853807860364516,0.9888790948937337,0.8966012348731359,0.870732244104147,0.9195965453982353
p192_c16_cs17_ks103_largest_pii,p192_c16_cs17,oracle_residual,,12,12,0.37267806267806264,0.3070227496269163,0.42755947293447294,0.09485479856336491,0.06343034430001268,0.13072465820907211,0.0,0.0,0.0,0.0,0.0,0.0,0.2903225806451613,0.1875,0.38724078341013746,0.0,0.0,0.0,0.75,0.5,1.0,0.0,0.0,0.0,0.0,0.0,0.0,nan,nan,nan,1.000000034769376,0.9999999950329462,1.0000000794728596,0.9098409364620844,0.8845668017864227,0.9332534424960612
p192_c16_cs17_ks103_largest_pii,p192_c16_cs17,prefix_only,,12,12,0.3729904827805877,0.31207403109342763,0.4281849142965146,0.0883526822182893,0.06044780830421618,0.12113234479025413,0.0,0.0,0.0,0.0,0.0,0.0,0.25806451612903225,0.15151515151515152,0.36666666666666664,0.0,0.0,0.0,0.6666666666666666,0.4166666666666667,0.9166666666666666,0.0,0.0,0.0,0.0,0.0,0.0,nan,nan,nan,0.9846079548199972,0.9832404121756554,0.985919430355231,0.8919046769539515,0.8651270817965269,0.9167268133411806
p192_c16_cs17_ks103_largest_pii,p192_c16_cs17,procrustes_m32,32,12,12,0.2564024428567157,0.20020825965222516,0.311502279614161,0.049349019431748686,0.035983947074177916,0.06514685876104793,0.0,0.0,0.0,0.0,0.0,0.0,0.1935483870967742,0.09375,0.30303030303030304,0.0,0.0,0.0,0.5,0.25,0.75,0.0,0.0,0.0,0.0,0.0,0.0,nan,nan,nan,0.9865462879339854,0.9845635073880354,0.9886565066874027,0.8487301568190256,0.8211711766819159,0.8752790636072556
p192_c16_cs17_ks103_largest_pii,p192_c16_cs17,procrustes_m64,64,12,12,0.3612286041750745,0.30338726826045664,0.41497950214707463,0.05771869922756309,0.035935720009515885,0.0884049779919934,0.0,0.0,0.0,0.0,0.0,0.0,0.2903225806451613,0.19339717741935483,0.39285714285714285,0.0,0.0,0.0,0.75,0.5,1.0,0.0,0.0,0.0,0.0,0.0,0.0,nan,nan,nan,0.9932541499535242,0.9921124887963136,0.9943280164152384,0.8485299895207087,0.7759124342352153,0.9001753655572733
p192_c16_cs17_ks103_largest_pii,p192_c16_cs17,raw,,12,12,0.37267806267806264,0.3001576702618369,0.4296614774114775,0.09485479856336491,0.06350803324454894,0.13272871315849116,0.0,0.0,0.0,0.0,0.0,0.0,0.2903225806451613,0.1875,0.39285714285714285,0.0,0.0,0.0,0.75,0.5,1.0,0.0,0.0,0.0,0.0,0.0,0.0,nan,nan,nan,1.0000000099341075,0.9999999850988388,1.0000000447034836,0.9098409364620844,0.8859061410029729,0.933829421425859
p192_c16_cs17_ks103_largest_pii,p192_c16_cs17,unknown_key,,12,12,0.19397911270906223,0.15970618409433274,0.2299047627757667,0.033824211573047415,0.02778840509094227,0.040967500325726436,0.0,0.0,0.0,0.0,0.0,0.0,0.0967741935483871,0.02939075630252101,0.19370967741935396,0.0,0.0,0.0,0.25,0.0,0.5,0.0,0.0,0.0,0.0,0.0,0.0,nan,nan,nan,0.9696794003248215,0.9673715321967999,0.972047340621551,0.7911138435204824,0.7607876899341742,0.8229417402297259
p384_c32_cs29_ks107_largest,p384_c32_cs29,ols_m16,16,12,0,0.5616468674449886,0.5029996992749689,0.6241790166912302,0.09881065523581385,0.05557649911517725,0.15316777179721097,0.0,0.0,0.0,0.0,0.0,0.0,nan,nan,nan,nan,nan,nan,nan,nan,nan,nan,nan,nan,nan,nan,nan,nan,nan,nan,0.9864800224701563,0.9853468795617422,0.987688850487272,0.8825767536958059,0.8536636989563704,0.9069705256571372
p384_c32_cs29_ks107_largest,p384_c32_cs29,ols_m32,32,12,0,0.5195727241681579,0.4634199446128572,0.5768958128324706,0.08735763115840235,0.05367737998439728,0.13069345325407025,0.0,0.0,0.0,0.0,0.0,0.0,nan,nan,nan,nan,nan,nan,nan,nan,nan,nan,nan,nan,nan,nan,nan,nan,nan,nan,0.9875211517016093,0.9864829222361247,0.9885038087765375,0.8957497278849283,0.8732859315971533,0.9128339249640702
p384_c32_cs29_ks107_largest,p384_c32_cs29,ols_m64,64,12,0,0.5190405346584651,0.44802633157658783,0.5978076487928056,0.10810661111956232,0.06386016854954957,0.15920374818079486,0.0,0.0,0.0,0.0,0.0,0.0,nan,nan,nan,nan,nan,nan,nan,nan,nan,nan,nan,nan,nan,nan,nan,nan,nan,nan,0.9894847720861435,0.9885608185082675,0.9904304987440506,0.8869513869285583,0.8658174812793731,0.9077662044515212
p384_c32_cs29_ks107_largest,p384_c32_cs29,ols_m8,8,12,0,0.556995826932291,0.5058771926247121,0.6163483776439337,0.11400391398335262,0.06872162208892352,0.17374531906587568,0.0,0.0,0.0,0.0,0.0,0.0,nan,nan,nan,nan,nan,nan,nan,nan,nan,nan,nan,nan,nan,nan,nan,nan,nan,nan,0.9858560462792715,0.9846738699823618,0.9871248758087555,0.8857771803935369,0.8550868187099695,0.9150945036361614
p384_c32_cs29_ks107_largest,p384_c32_cs29,oracle_residual,,12,0,0.6604511242178676,0.5875189553223025,0.7258018753550464,0.21366584151360102,0.14561676185628047,0.2802712192756131,0.0,0.0,0.0,0.0,0.0,0.0,nan,nan,nan,nan,nan,nan,nan,nan,nan,nan,nan,nan,nan,nan,nan,nan,nan,nan,1.0,0.9999999552965164,1.0000000447034836,0.9048321098089218,0.8607106957584619,0.94161542194585
p384_c32_cs29_ks107_largest,p384_c32_cs29,prefix_only,,12,0,0.5359485788989528,0.47148450659033253,0.6077387162318831,0.09404648833169355,0.06068661068711929,0.13153442727362955,0.0,0.0,0.0,0.0,0.0,0.0,nan,nan,nan,nan,nan,nan,nan,nan,nan,nan,nan,nan,nan,nan,nan,nan,nan,nan,0.9852872043848038,0.9839894176771243,0.9866316385567189,0.8785700251658758,0.8504638593643903,0.9056389504422744
p384_c32_cs29_ks107_largest,p384_c32_cs29,procrustes_m32,32,12,0,0.36534258016870796,0.2911109044414965,0.4409076449302013,0.05614213631257561,0.02945376545634921,0.09146470267178144,0.0,0.0,0.0,0.0,0.0,0.0,nan,nan,nan,nan,nan,nan,nan,nan,nan,nan,nan,nan,nan,nan,nan,nan,nan,nan,0.9747877071301142,0.9725180814663569,0.9771417102466027,0.7678633729616801,0.7040661721179883,0.8178682507326206
p384_c32_cs29_ks107_largest,p384_c32_cs29,procrustes_m64,64,12,0,0.3719227986546882,0.3037549766699019,0.43156981585885457,0.04485380874054953,0.033050552049469904,0.06173006609031205,0.0,0.0,0.0,0.0,0.0,0.0,nan,nan,nan,nan,nan,nan,nan,nan,nan,nan,nan,nan,nan,nan,nan,nan,nan,nan,0.9793940236171087,0.9775113504379987,0.9810070971647898,0.808036724726359,0.7725214298814536,0.8385554492473603
p384_c32_cs29_ks107_largest,p384_c32_cs29,raw,,12,0,0.6604511242178676,0.5884139790341149,0.7293819136888188,0.21366584151360102,0.14878127927277332,0.28353388998503426,0.0,0.0,0.0,0.0,0.0,0.0,nan,nan,nan,nan,nan,nan,nan,nan,nan,nan,nan,nan,nan,nan,nan,nan,nan,nan,0.9999999701976776,0.9999999354283015,1.0000000049670537,0.9048321098089218,0.8609680486222108,0.9415154322981834
p384_c32_cs29_ks107_largest,p384_c32_cs29,unknown_key,,12,0,0.3377112555168806,0.23311603554061439,0.4394327775243212,0.04906807066823152,0.02703248222067471,0.07689858375595787,0.0,0.0,0.0,0.0,0.0,0.0,nan,nan,nan,nan,nan,nan,nan,nan,nan,nan,nan,nan,nan,nan,nan,nan,nan,nan,0.9706582874059677,0.9678011137992144,0.9736035338292519,0.7169283150384823,0.5782805491083612,0.8313374911745388
p384_c32_cs29_ks107_largest_pii,p384_c32_cs29,ols_m16,16,12,12,0.41022518904097854,0.33749704924704926,0.4891831394726132,0.14345696139488998,0.09040695334521269,0.211119598924188,0.0,0.0,0.0,0.0,0.0,0.0,0.29411764705882354,0.20588235294117646,0.36687499999999884,0.0,0.0,0.0,0.8333333333333334,0.5833333333333334,1.0,0.0,0.0,0.0,0.0,0.0,0.0,nan,nan,nan,0.9979502360026041,0.9975018016994,0.9983441238602003,0.928804745276769,0.9051710519939661,0.950839330876867
p384_c32_cs29_ks107_largest_pii,p384_c32_cs29,ols_m32,32,12,12,0.4160384379349897,0.35924221587799177,0.47644937174894075,0.08741281314182331,0.05652641627692556,0.12201892211536688,0.0,0.0,0.0,0.0,0.0,0.0,0.3235294117647059,0.2571428571428571,0.375,0.0,0.0,0.0,0.9166666666666666,0.75,1.0,0.0,0.0,0.0,0.0,0.0,0.0,nan,nan,nan,0.9983040591080984,0.9978594226141771,0.9986547311147054,0.924423098564148,0.9037020232528448,0.944323440020283
p384_c32_cs29_ks107_largest_pii,p384_c32_cs29,ols_m64,64,12,12,0.47002336789942994,0.3893294960680019,0.5628454598781936,0.10159306718500143,0.06791634429633103,0.13976696477636036,0.0,0.0,0.0,0.0,0.0,0.0,0.29411764705882354,0.2,0.36666666666666664,0.0,0.0,0.0,0.8333333333333334,0.5833333333333334,1.0,0.0,0.0,0.0,0.0,0.0,0.0,nan,nan,nan,0.9989163627227148,0.9986696422100068,0.9991517604639133,0.9237509866555532,0.9014804900934299,0.9442888867110014
p384_c32_cs29_ks107_largest_pii,p384_c32_cs29,ols_m8,8,12,12,0.40465307275071744,0.349419764835964,0.4702764743435718,0.10525253293740833,0.06532835585598004,0.15446183216715148,0.0,0.0,0.0,0.0,0.0,0.0,0.2647058823529412,0.17647058823529413,0.34285714285714286,0.0,0.0,0.0,0.75,0.5,1.0,0.0,0.0,0.0,0.0,0.0,0.0,nan,nan,nan,0.997712622086207,0.9971929101894299,0.9981498315930367,0.8998809854189554,0.870837598045667,0.9267607533683379
p384_c32_cs29_ks107_largest_pii,p384_c32_cs29,oracle_residual,,12,12,0.45101079077372175,0.39267591876248487,0.5253854545305695,0.13092305408175273,0.08768175116496263,0.17345513866596857,0.0,0.0,0.0,0.0,0.0,0.0,0.29411764705882354,0.21875,0.35294117647058826,0.0,0.0,0.0,0.8333333333333334,0.5833333333333334,1.0,0.0,0.0,0.0,0.0,0.0,0.0,nan,nan,nan,0.9999999950329462,0.9999999503294627,1.0000000447034836,0.9466553429762522,0.9297604616731405,0.960572346796592
p384_c32_cs29_ks107_largest_pii,p384_c32_cs29,prefix_only,,12,12,0.43325458284551305,0.3703290767874101,0.49353430726589914,0.11804376429391351,0.08686745779061433,0.1514905999192044,0.0,0.0,0.0,0.0,0.0,0.0,0.3235294117647059,0.25,0.375,0.0,0.0,0.0,0.9166666666666666,0.75,1.0,0.0,0.0,0.0,0.0,0.0,0.0,nan,nan,nan,0.997172549366951,0.9967150325576465,0.9974884858975808,0.9257088601589203,0.9084216648091873,0.9438934193303188
p384_c32_cs29_ks107_largest_pii,p384_c32_cs29,procrustes_m32,32,12,12,0.4294616633863945,0.3586538230785543,0.5021888127304794,0.07666401803902845,0.05299301437164726,0.10479084593767454,0.0,0.0,0.0,0.0,0.0,0.0,0.29411764705882354,0.20588235294117646,0.36363636363636365,0.0,0.0,0.0,0.8333333333333334,0.5833333333333334,1.0,0.0,0.0,0.0,0.0,0.0,0.0,nan,nan,nan,0.9965747992197672,0.9957130014896393,0.9972950167953969,0.9156762758890787,0.8992614826808373,0.9301831616709629
p384_c32_cs29_ks107_largest_pii,p384_c32_cs29,procrustes_m64,64,12,12,0.37415518431260564,0.33398436476506815,0.4193994554400289,0.06841073909876969,0.050782565933579306,0.08570172462809358,0.0,0.0,0.0,0.0,0.0,0.0,0.2647058823529412,0.17647058823529413,0.34285714285714286,0.0,0.0,0.0,0.75,0.5,1.0,0.0,0.0,0.0,0.0,0.0,0.0,nan,nan,nan,0.9978265364964803,0.9973102138688167,0.9982697156568369,0.8748311499754587,0.8296363635609547,0.9108089338988066
p384_c32_cs29_ks107_largest_pii,p384_c32_cs29,raw,,12,12,0.45101079077372175,0.39472676991085753,0.5249495489078823,0.13092305408175273,0.08865494327976273,0.17467628434092677,0.0,0.0,0.0,0.0,0.0,0.0,0.29411764705882354,0.21875,0.35294117647058826,0.0,0.0,0.0,0.8333333333333334,0.5833333333333334,1.0,0.0,0.0,0.0,0.0,0.0,0.0,nan,nan,nan,0.9999999850988388,0.9999999552965164,1.0000000150253376,0.9466553429762522,0.9308114625513554,0.9612787965685129
p384_c32_cs29_ks107_largest_pii,p384_c32_cs29,unknown_key,,12,12,0.386685242978728,0.33163419898793073,0.4498302305022735,0.06226082731536603,0.04404834514491466,0.0862982916050427,0.0,0.0,0.0,0.0,0.0,0.0,0.23529411764705882,0.1388888888888889,0.3235294117647059,0.0,0.0,0.0,0.6666666666666666,0.4166666666666667,0.9166666666666666,0.0,0.0,0.0,0.0,0.0,0.0,nan,nan,nan,0.9944411069154739,0.9935448311269284,0.9950825115044911,0.8883175998926163,0.8666269140938918,0.9088417079299689
p384_c32_cs29_ks109_largest,p384_c32_cs29,ols_m16,16,12,0,0.5616468674449886,0.5020801055941575,0.6212095678119292,0.09881065523581385,0.055327745835612084,0.14902136480932002,0.0,0.0,0.0,0.0,0.0,0.0,nan,nan,nan,nan,nan,nan,nan,nan,nan,nan,nan,nan,nan,nan,nan,nan,nan,nan,0.9864800274372101,0.9852070804685353,0.9876352563500403,0.8825767536958059,0.8525574874132871,0.9084410687287648
p384_c32_cs29_ks109_largest,p384_c32_cs29,ols_m32,32,12,0,0.5195727241681579,0.46220755036655103,0.5770815573825956,0.08735763115840235,0.05309371696187773,0.1259910529240258,0.0,0.0,0.0,0.0,0.0,0.0,nan,nan,nan,nan,nan,nan,nan,nan,nan,nan,nan,nan,nan,nan,nan,nan,nan,nan,0.9875211268663406,0.9865785179038843,0.9884958274662495,0.8957497278849283,0.8744387312481801,0.9136494647711515
p384_c32_cs29_ks109_largest,p384_c32_cs29,ols_m64,64,12,0,0.5120960902140206,0.444987202759442,0.5874542099699672,0.10534782972692534,0.05948137586372985,0.15889511243233667,0.0,0.0,0.0,0.0,0.0,0.0,nan,nan,nan,nan,nan,nan,nan,nan,nan,nan,nan,nan,nan,nan,nan,nan,nan,nan,0.9894847720861435,0.9885206141819557,0.9903974670916795,0.8879676908254623,0.8660627095649639,0.9091037668287754
p384_c32_cs29_ks109_largest,p384_c32_cs29,ols_m8,8,12,0,0.556995826932291,0.5057766718476412,0.6105081965275394,0.11400391398335262,0.06675509833048131,0.17189351456968938,0.0,0.0,0.0,0.0,0.0,0.0,nan,nan,nan,nan,nan,nan,nan,nan,nan,nan,nan,nan,nan,nan,nan,nan,nan,nan,0.9858560413122177,0.9846602007746696,0.9869916380693515,0.8857771803935369,0.8539415717124939,0.9140747045477231
p384_c32_cs29_ks109_largest,p384_c32_cs29,oracle_residual,,12,0,0.6604511242178676,0.5896907247557136,0.7280077894141445,0.21366584151360102,0.14985497133890827,0.2858079076650671,0.0,0.0,0.0,0.0,0.0,0.0,nan,nan,nan,nan,nan,nan,nan,nan,nan,nan,nan,nan,nan,nan,nan,nan,nan,nan,1.0,0.9999999552965164,1.0000000447034836,0.9048321098089218,0.8621200739095608,0.9422045993308226
p384_c32_cs29_ks109_largest,p384_c32_cs29,prefix_only,,12,0,0.5359485788989528,0.4697620122841117,0.6063525343859707,0.09404648833169355,0.0598607391380096,0.13588958165194842,0.0,0.0,0.0,0.0,0.0,0.0,nan,nan,nan,nan,nan,nan,nan,nan,nan,nan,nan,nan,nan,nan,nan,nan,nan,nan,0.9852872043848038,0.9840070380518834,0.9865744127581517,0.8785700251658758,0.8477943369497856,0.9035267181694507
p384_c32_cs29_ks109_largest,p384_c32_cs29,procrustes_m32,32,12,0,0.4059267114607672,0.35220656690374186,0.46411803610333013,0.051655195692018596,0.032423551211837494,0.08068797748568518,0.0,0.0,0.0,0.0,0.0,0.0,nan,nan,nan,nan,nan,nan,nan,nan,nan,nan,nan,nan,nan,nan,nan,nan,nan,nan,0.975378006696701,0.973670522371928,0.977137931312124,0.8003710011641184,0.7699102143446604,0.8315620270868143
p384_c32_cs29_ks109_largest,p384_c32_cs29,procrustes_m64,64,12,0,0.44776141700439975,0.3758737822614426,0.5343464592815445,0.07934064260176547,0.041417059235182234,0.13109851792676727,0.0,0.0,0.0,0.0,0.0,0.0,nan,nan,nan,nan,nan,nan,nan,nan,nan,nan,nan,nan,nan,nan,nan,nan,nan,nan,0.9791730393966039,0.9774182209124168,0.9807290863245726,0.8151699105898539,0.7680007714778185,0.8584240665038426
p384_c32_cs29_ks109_largest,p384_c32_cs29,raw,,12,0,0.6604511242178676,0.5911819883829265,0.7305358677933074,0.21366584151360102,0.1483452558408345,0.2826000992239266,0.0,0.0,0.0,0.0,0.0,0.0,nan,nan,nan,nan,nan,nan,nan,nan,nan,nan,nan,nan,nan,nan,nan,nan,nan,nan,0.9999999701976776,0.9999999354283015,1.0000000049670537,0.9048321098089218,0.8627814662953217,0.9415172502398491
p384_c32_cs29_ks109_largest,p384_c32_cs29,unknown_key,,12,0,0.32426379749767864,0.26381469334937874,0.3876305425382882,0.04509912555842154,0.02835378364965011,0.0712308904761069,0.0,0.0,0.0,0.0,0.0,0.0,nan,nan,nan,nan,nan,nan,nan,nan,nan,nan,nan,nan,nan,nan,nan,nan,nan,nan,0.9707441379626592,0.9679542162766059,0.9734259847551584,0.7641323904196421,0.7103806832184394,0.8158340589453774
p384_c32_cs29_ks109_largest_pii,p384_c32_cs29,ols_m16,16,12,12,0.41022518904097854,0.3377701973951974,0.4842611215538847,0.14345696139488998,0.08817837741714084,0.21044554365361734,0.0,0.0,0.0,0.0,0.0,0.0,0.29411764705882354,0.2,0.375,0.0,0.0,0.0,0.8333333333333334,0.5833333333333334,1.0,0.0,0.0,0.0,0.0,0.0,0.0,nan,nan,nan,0.9979502260684967,0.9975335213045279,0.9983242560178041,0.928804745276769,0.9059163955350716,0.9504706040024757
p384_c32_cs29_ks109_largest_pii,p384_c32_cs29,ols_m32,32,12,12,0.4160384379349897,0.36131606101433683,0.4779564074176144,0.08741281314182331,0.05632206891420074,0.12386509075214631,0.0,0.0,0.0,0.0,0.0,0.0,0.3235294117647059,0.2571428571428571,0.375,0.0,0.0,0.0,0.9166666666666666,0.75,1.0,0.0,0.0,0.0,0.0,0.0,0.0,nan,nan,nan,0.998304064075152,0.9978910926729441,0.9986613309631744,0.924423098564148,0.9027958026776711,0.9441716446230809
p384_c32_cs29_ks109_largest_pii,p384_c32_cs29,ols_m64,64,12,12,0.47002336789942994,0.38080705870748355,0.5642926427783999,0.10159306718500143,0.06842562663829639,0.139479982972431,0.0,0.0,0.0,0.0,0.0,0.0,0.29411764705882354,0.2,0.3637121212121208,0.0,0.0,0.0,0.8333333333333334,0.5833333333333334,1.0,0.0,0.0,0.0,0.0,0.0,0.0,nan,nan,nan,0.9989163676897684,0.9986757618685563,0.9991386091957489,0.9237509866555532,0.9031619634479284,0.9429658652593692
p384_c32_cs29_ks109_largest_pii,p384_c32_cs29,ols_m8,8,12,12,0.40465307275071744,0.34896123798699724,0.4711255280873092,0.10525253293740833,0.06644835251358636,0.15243799467875369,0.0,0.0,0.0,0.0,0.0,0.0,0.2647058823529412,0.17647058823529413,0.34285714285714286,0.0,0.0,0.0,0.75,0.5,1.0,0.0,0.0,0.0,0.0,0.0,0.0,nan,nan,nan,0.9977126270532608,0.9972271833568811,0.9981261130422354,0.8998809854189554,0.8683481030166149,0.9282246313989162
p384_c32_cs29_ks109_largest_pii,p384_c32_cs29,oracle_residual,,12,12,0.45101079077372175,0.39321681886786053,0.5338051848109319,0.13092305408175273,0.08739451378304038,0.17644307994510336,0.0,0.0,0.0,0.0,0.0,0.0,0.29411764705882354,0.21875,0.35294117647058826,0.0,0.0,0.0,0.8333333333333334,0.5833333333333334,1.0,0.0,0.0,0.0,0.0,0.0,0.0,nan,nan,nan,0.9999999950329462,0.9999999503294627,1.00000003973643,0.9466553429762522,0.931129065901041,0.9611811514943838
p384_c32_cs29_ks109_largest_pii,p384_c32_cs29,prefix_only,,12,12,0.43325458284551305,0.3652891322614324,0.49471146829725604,0.11804376429391351,0.08713708812138947,0.15114304877678733,0.0,0.0,0.0,0.0,0.0,0.0,0.3235294117647059,0.2571428571428571,0.375,0.0,0.0,0.0,0.9166666666666666,0.75,1.0,0.0,0.0,0.0,0.0,0.0,0.0,nan,nan,nan,0.997172549366951,0.9966862568010886,0.9974790714681149,0.9257088601589203,0.908843216424187,0.9421751908957958
p384_c32_cs29_ks109_largest_pii,p384_c32_cs29,procrustes_m32,32,12,12,0.42099686180145945,0.3588127076733399,0.4968851756481067,0.09105757173659379,0.05903439701496559,0.1309141826635898,0.0,0.0,0.0,0.0,0.0,0.0,0.29411764705882354,0.21212121212121213,0.35294117647058826,0.0,0.0,0.0,0.8333333333333334,0.5833333333333334,1.0,0.0,0.0,0.0,0.0,0.0,0.0,nan,nan,nan,0.9966956128676733,0.9958545863628387,0.9973868396133184,0.9260493665933609,0.9149205274879932,0.937579570710659
p384_c32_cs29_ks109_largest_pii,p384_c32_cs29,procrustes_m64,64,12,12,0.32300531330367227,0.27495371296243637,0.37447558366217776,0.06128151348403999,0.047038240742220835,0.07667469141436782,0.0,0.0,0.0,0.0,0.0,0.0,0.2647058823529412,0.17647058823529413,0.34285714285714286,0.0,0.0,0.0,0.75,0.5,1.0,0.0,0.0,0.0,0.0,0.0,0.0,nan,nan,nan,0.9977921346823374,0.9973102912306785,0.9982857217391332,0.8674814850091934,0.8392789782335361,0.8932621835420529
p384_c32_cs29_ks109_largest_pii,p384_c32_cs29,raw,,12,12,0.45101079077372175,0.3919859277124004,0.528226896294425,0.13092305408175273,0.08865690626267511,0.17543423854119586,0.0,0.0,0.0,0.0,0.0,0.0,0.29411764705882354,0.21875,0.35294117647058826,0.0,0.0,0.0,0.8333333333333334,0.5833333333333334,1.0,0.0,0.0,0.0,0.0,0.0,0.0,nan,nan,nan,0.9999999850988388,0.9999999552965164,1.0000000149011612,0.9466553429762522,0.9298599398384492,0.9610796553393205
p384_c32_cs29_ks109_largest_pii,p384_c32_cs29,unknown_key,,12,12,0.37320367035678736,0.30934896439796206,0.43282281786828497,0.07118361682275687,0.05659853232856639,0.08753558055303602,0.0,0.0,0.0,0.0,0.0,0.0,0.20588235294117646,0.11428571428571428,0.29411764705882354,0.0,0.0,0.0,0.5833333333333334,0.3333333333333333,0.8333333333333334,0.0,0.0,0.0,0.0,0.0,0.0,nan,nan,nan,0.994423379500707,0.993480333685875,0.9950139585882425,0.900102694829305,0.8740840401500463,0.9234479164083799
