encoder,scheme,n,condition,view,linkage_method,runs,top1_mean,top1_std,top1_min,top1_max,top5_mean,top5_std,top5_min,top5_max,top10_mean,top10_std,top10_min,top10_max,mrr_mean,mrr_std,mrr_min,mrr_max,median_rank_mean,median_rank_std,median_rank_min,median_rank_max,mean_rank_mean,mean_rank_std,mean_rank_min,mean_rank_max,auc_mean,auc_std,auc_min,auc_max
e5-small,cell_C64,10000,clean,full_server,combined_prefix_invariants_nn,3,0.9996666666666667,0.0005773502691896263,0.999,1.0,1.0,0.0,1.0,1.0,1.0,0.0,1.0,1.0,0.9998333333333335,0.0002886751345947811,0.9995,1.0,1.0,0.0,1.0,1.0,1.0003333333333333,0.0005773502691895622,1.0,1.001,1.0,0.0,1.0,1.0
e5-small,cell_C64,10000,clean,full_server,public_prefix_nn,3,0.9993333333333334,0.0005773502691896263,0.999,1.0,1.0,0.0,1.0,1.0,1.0,0.0,1.0,1.0,0.9996666666666667,0.0002886751345947811,0.9995,1.0,1.0,0.0,1.0,1.0,1.0006666666666666,0.0005773502691895622,1.0,1.001,1.0,0.0,1.0,1.0
e5-small,cell_C64,10000,clean,residual,cell_label_chance_control,3,0.00643867978898863,2.7057081021491872e-05,0.006419951465720389,0.006469700890943899,0.03219339894494314,0.0001352854051074591,0.03209975732860194,0.03234850445471949,0.06438679788988629,0.0002705708102149182,0.06419951465720387,0.06469700890943898,0.0358818477630578,8.37705544687271e-05,0.03581064545921767,0.03597415146996343,82.33333333333333,1.1547005383792517,81.0,83.0,85.873,0.15616657773032114,85.751,86.049,0.5,0.0,0.5,0.5
e5-small,cell_C64,10000,clean,residual,combined_invariants_nn,3,0.9996666666666667,0.0005773502691896263,0.999,1.0,1.0,0.0,1.0,1.0,1.0,0.0,1.0,1.0,0.9998333333333335,0.0002886751345947811,0.9995,1.0,1.0,0.0,1.0,1.0,1.0003333333333333,0.0005773502691895622,1.0,1.001,1.0,0.0,1.0,1.0
e5-small,cell_C64,10000,clean,residual,gram_signature_nn,3,0.9993333333333334,0.0005773502691896263,0.999,1.0,1.0,0.0,1.0,1.0,1.0,0.0,1.0,1.0,0.9996666666666667,0.0002886751345947811,0.9995,1.0,1.0,0.0,1.0,1.0,1.0006666666666666,0.0005773502691895622,1.0,1.001,1.0,0.0,1.0,1.0
e5-small,cell_C64,10000,clean,residual,known_anchor_ip_0.01,3,0.8101778128918782,0.011828127123644396,0.7975708502024291,0.8210313447927199,0.8219796984099044,0.0073958218734927,0.8137651821862348,0.8281092012133469,0.8297336832007686,0.008703039530670429,0.819838056680162,0.8361981799797775,0.8191837241032508,0.010085663156447225,0.808392518318165,0.8283718208432859,1.0,0.0,1.0,1.0,13.012400576380672,0.7652262106178505,12.381193124368048,13.863498483316482,0.8936809194546321,0.004588395103102424,0.8890358389745775,0.8982104463558189
e5-small,cell_C64,10000,clean,residual,known_anchor_ip_0.1,3,0.9996316758747698,0.0006379560985520839,0.9988950276243094,1.0,1.0,0.0,1.0,1.0,1.0,0.0,1.0,1.0,0.9998158379373848,0.00031897804927604194,0.9994475138121547,1.0,1.0,0.0,1.0,1.0,1.0003683241252304,0.0006379560985520839,1.0,1.0011049723756906,1.0,0.0,1.0,1.0
e5-small,cell_C64,10000,clean,residual,nn_graph_signature_nn,3,0.9993333333333334,0.0005773502691896263,0.999,1.0,1.0,0.0,1.0,1.0,1.0,0.0,1.0,1.0,0.9996666666666667,0.0002886751345947811,0.9995,1.0,1.0,0.0,1.0,1.0,1.0006666666666666,0.0005773502691895622,1.0,1.001,0.9999788000000001,3.671947712049051e-05,0.9999364,1.0
e5-small,cell_C64,10000,clean,residual,raw_cross_key_cosine_control,3,0.005666666666666667,0.002309401076758503,0.003,0.007,0.034333333333333334,0.006350852961085883,0.027,0.038,0.06833333333333334,0.00808290376865476,0.059,0.073,0.03670754334889196,0.003054343978894142,0.03345363183707734,0.039512659554978756,77.33333333333333,3.055050463303893,74.0,80.0,85.82666666666667,2.4211415351716448,83.153,87.871,0.50107755,0.013946106683587374,0.48828845,0.51594695
e5-small,cell_C64,10000,clean,residual,residual_norm_nn,3,0.8246666666666665,0.01171893055416464,0.816,0.838,1.0,0.0,1.0,1.0,1.0,0.0,1.0,1.0,0.9078166666666667,0.0062452871119838185,0.9028666666666667,0.9148333333333334,1.0,0.0,1.0,1.0,1.2046666666666666,0.013650396819628919,1.19,1.217,0.99872825,0.00023027722966022888,0.9984883,0.99894745
e5-small,cell_C64,10000,clean,residual,residual_norm_rank_assignment,3,0.9956666666666667,0.001527525231651948,0.994,0.997,,,,,,,,,,,,,,,,,,,,,,,,
e5-small,cell_C64,10000,fp16,full_server,combined_prefix_invariants_nn,3,0.9993333333333334,0.0005773502691896263,0.999,1.0,1.0,0.0,1.0,1.0,1.0,0.0,1.0,1.0,0.9996666666666667,0.0002886751345947811,0.9995,1.0,1.0,0.0,1.0,1.0,1.0006666666666666,0.0005773502691895622,1.0,1.001,1.0,0.0,1.0,1.0
e5-small,cell_C64,10000,fp16,full_server,public_prefix_nn,3,0.9993333333333334,0.0005773502691896263,0.999,1.0,1.0,0.0,1.0,1.0,1.0,0.0,1.0,1.0,0.9996666666666667,0.0002886751345947811,0.9995,1.0,1.0,0.0,1.0,1.0,1.0006666666666666,0.0005773502691895622,1.0,1.001,1.0,7.850462293418876e-17,0.9999999999999999,1.0
e5-small,cell_C64,10000,fp16,residual,cell_label_chance_control,3,0.00643867978898863,2.7057081021491872e-05,0.006419951465720389,0.006469700890943899,0.03219339894494314,0.0001352854051074591,0.03209975732860194,0.03234850445471949,0.06438679788988629,0.0002705708102149182,0.06419951465720387,0.06469700890943898,0.0358818477630578,8.37705544687271e-05,0.03581064545921767,0.03597415146996343,82.33333333333333,1.1547005383792517,81.0,83.0,85.873,0.15616657773032114,85.751,86.049,0.5,0.0,0.5,0.5
e5-small,cell_C64,10000,fp16,residual,combined_invariants_nn,3,0.9993333333333334,0.0005773502691896263,0.999,1.0,1.0,0.0,1.0,1.0,1.0,0.0,1.0,1.0,0.9996666666666667,0.0002886751345947811,0.9995,1.0,1.0,0.0,1.0,1.0,1.0006666666666666,0.0005773502691895622,1.0,1.001,1.0,0.0,1.0,1.0
e5-small,cell_C64,10000,fp16,residual,gram_signature_nn,3,0.9996666666666667,0.0005773502691896263,0.999,1.0,1.0,0.0,1.0,1.0,1.0,0.0,1.0,1.0,0.9998333333333335,0.0002886751345947811,0.9995,1.0,1.0,0.0,1.0,1.0,1.0003333333333333,0.0005773502691895622,1.0,1.001,1.0,7.850462293418876e-17,0.9999999999999999,1.0
e5-small,cell_C64,10000,fp16,residual,known_anchor_ip_0.01,3,0.802423828101014,0.011816375899074501,0.791497975708502,0.8149646107178968,0.8219796984099044,0.0073958218734927,0.8137651821862348,0.8281092012133469,0.8297336832007686,0.008703039530670429,0.819838056680162,0.8361981799797775,0.8153067317078188,0.009991433053533614,0.8053560810712015,0.8253384538058743,1.0,0.0,1.0,1.0,13.020154561171537,0.7680371951664928,12.38725985844287,13.874620829120323,0.8569354637457115,0.007835649878122871,0.8485676293661591,0.8640996359346134
e5-small,cell_C64,10000,fp16,residual,known_anchor_ip_0.1,3,0.9992554531509171,0.00064490532680751,0.9988713318284425,1.0,1.0,0.0,1.0,1.0,1.0,0.0,1.0,1.0,0.9996277265754586,0.0003224526634037715,0.9994356659142212,1.0,1.0,0.0,1.0,1.0,1.0007445468490828,0.000644905326807543,1.0,1.0011286681715577,1.0,0.0,1.0,1.0
e5-small,cell_C64,10000,fp16,residual,nn_graph_signature_nn,3,0.9996666666666667,0.0005773502691896263,0.999,1.0,1.0,0.0,1.0,1.0,1.0,0.0,1.0,1.0,0.9998333333333335,0.0002886751345947811,0.9995,1.0,1.0,0.0,1.0,1.0,1.0003333333333333,0.0005773502691895622,1.0,1.001,0.9999675333333333,5.6233916219084124e-05,0.9999026,1.0
e5-small,cell_C64,10000,fp16,residual,residual_norm_nn,3,0.8153333333333332,0.011503622617824887,0.804,0.827,0.9993333333333334,0.0005773502691896263,0.999,1.0,1.0,0.0,1.0,1.0,0.90155873015873,0.005829320939463538,0.8956761904761904,0.9073333333333332,1.0,0.0,1.0,1.0,1.2263333333333335,0.014047538337136999,1.213,1.241,0.9986184000000001,0.00032451852027275916,0.9982487,0.9988562000000001
e5-small,cell_C64,10000,fp16,residual,residual_norm_rank_assignment,3,0.3793333333333333,0.028884828774519936,0.346,0.397,,,,,,,,,,,,,,,,,,,,,,,,
e5-small,cell_C64,10000,int8,full_server,combined_prefix_invariants_nn,3,0.9996666666666667,0.0005773502691896263,0.999,1.0,1.0,0.0,1.0,1.0,1.0,0.0,1.0,1.0,0.9998333333333335,0.0002886751345947811,0.9995,1.0,1.0,0.0,1.0,1.0,1.0003333333333333,0.0005773502691895622,1.0,1.001,1.0,0.0,1.0,1.0
e5-small,cell_C64,10000,int8,full_server,public_prefix_nn,3,0.9993333333333334,0.0005773502691896263,0.999,1.0,1.0,0.0,1.0,1.0,1.0,0.0,1.0,1.0,0.9996666666666667,0.0002886751345947811,0.9995,1.0,1.0,0.0,1.0,1.0,1.0006666666666666,0.0005773502691895622,1.0,1.001,1.0,0.0,1.0,1.0
e5-small,cell_C64,10000,int8,residual,cell_label_chance_control,3,0.00643867978898863,2.7057081021491872e-05,0.006419951465720389,0.006469700890943899,0.03219339894494314,0.0001352854051074591,0.03209975732860194,0.03234850445471949,0.06438679788988629,0.0002705708102149182,0.06419951465720387,0.06469700890943898,0.0358818477630578,8.37705544687271e-05,0.03581064545921767,0.03597415146996343,82.33333333333333,1.1547005383792517,81.0,83.0,85.873,0.15616657773032114,85.751,86.049,0.5,0.0,0.5,0.5
e5-small,cell_C64,10000,int8,residual,combined_invariants_nn,3,0.9996666666666667,0.0005773502691896263,0.999,1.0,1.0,0.0,1.0,1.0,1.0,0.0,1.0,1.0,0.9998333333333335,0.0002886751345947811,0.9995,1.0,1.0,0.0,1.0,1.0,1.0003333333333333,0.0005773502691895622,1.0,1.001,1.0,7.850462293418876e-17,0.9999999999999999,1.0
e5-small,cell_C64,10000,int8,residual,gram_signature_nn,3,0.9996666666666667,0.0005773502691896263,0.999,1.0,1.0,0.0,1.0,1.0,1.0,0.0,1.0,1.0,0.9998333333333335,0.0002886751345947811,0.9995,1.0,1.0,0.0,1.0,1.0,1.0003333333333333,0.0005773502691895622,1.0,1.001,1.0,0.0,1.0,1.0
e5-small,cell_C64,10000,int8,residual,known_anchor_ip_0.01,3,0.6328408034943078,0.041761623622621036,0.5884732052578362,0.6713852376137512,0.8000648837618664,0.008922504549807761,0.7925101214574899,0.8099089989888777,0.8290596016368994,0.008376602594757298,0.819838056680162,0.8361981799797775,0.7053973292893695,0.026250062793325275,0.6791586601753357,0.7316587709452007,1.0,0.0,1.0,1.0,13.435518435584955,0.8501011383869805,12.740141557128412,14.383215369059656,0.8252793817939996,0.008814535045427768,0.8166072833516367,0.8342297629843343
e5-small,cell_C64,10000,int8,residual,known_anchor_ip_0.1,3,0.9988859040008803,1.2752948685217947e-05,0.9988713318284425,0.9988950276243094,1.0,0.0,1.0,1.0,1.0,0.0,1.0,1.0,0.999381360475434,0.00010448842337314537,0.9992609016999261,0.9994475138121547,1.0,0.0,1.0,1.0,1.0014836451491567,0.0006354697794653939,1.0011049723756906,1.0022172949002217,0.9999726320585117,4.740266515629931e-05,0.9999178961755351,1.0
e5-small,cell_C64,10000,int8,residual,nn_graph_signature_nn,3,0.9993333333333334,0.0005773502691896263,0.999,1.0,1.0,0.0,1.0,1.0,1.0,0.0,1.0,1.0,0.9996666666666667,0.0002886751345947811,0.9995,1.0,1.0,0.0,1.0,1.0,1.0006666666666666,0.0005773502691895622,1.0,1.001,0.9999907833333334,1.5963734943119535e-05,0.99997235,1.0
e5-small,cell_C64,10000,int8,residual,residual_norm_nn,3,0.4443333333333333,0.0025166114784235852,0.442,0.447,0.9503333333333334,0.006429100507328643,0.943,0.955,0.996,0.0010000000000000009,0.995,0.997,0.651046953046953,0.0011241059813230057,0.6498071428571429,0.6519996753246753,2.0,0.0,2.0,2.0,2.226,0.019078784028339,2.214,2.248,0.9928536,0.0007367416423007052,0.99200295,0.9932881
e5-small,cell_C64,10000,int8,residual,residual_norm_rank_assignment,3,0.021666666666666667,0.01011599393699568,0.01,0.028,,,,,,,,,,,,,,,,,,,,,,,,
e5-small,cell_C64,10000,noise_0.01,full_server,combined_prefix_invariants_nn,3,0.9993333333333334,0.0005773502691896263,0.999,1.0,1.0,0.0,1.0,1.0,1.0,0.0,1.0,1.0,0.9996666666666667,0.0002886751345947811,0.9995,1.0,1.0,0.0,1.0,1.0,1.0006666666666666,0.0005773502691895622,1.0,1.001,1.0,0.0,1.0,1.0
e5-small,cell_C64,10000,noise_0.01,full_server,public_prefix_nn,3,0.9996666666666667,0.0005773502691896263,0.999,1.0,1.0,0.0,1.0,1.0,1.0,0.0,1.0,1.0,0.9998333333333335,0.0002886751345947811,0.9995,1.0,1.0,0.0,1.0,1.0,1.0003333333333333,0.0005773502691895622,1.0,1.001,1.0,0.0,1.0,1.0
e5-small,cell_C64,10000,noise_0.01,residual,cell_label_chance_control,3,0.00643867978898863,2.7057081021491872e-05,0.006419951465720389,0.006469700890943899,0.03219339894494314,0.0001352854051074591,0.03209975732860194,0.03234850445471949,0.06438679788988629,0.0002705708102149182,0.06419951465720387,0.06469700890943898,0.0358818477630578,8.37705544687271e-05,0.03581064545921767,0.03597415146996343,82.33333333333333,1.1547005383792517,81.0,83.0,85.873,0.15616657773032114,85.751,86.049,0.5,0.0,0.5,0.5
e5-small,cell_C64,10000,noise_0.01,residual,combined_invariants_nn,3,0.9996666666666667,0.0005773502691896263,0.999,1.0,1.0,0.0,1.0,1.0,1.0,0.0,1.0,1.0,0.9998333333333335,0.0002886751345947811,0.9995,1.0,1.0,0.0,1.0,1.0,1.0003333333333333,0.0005773502691895622,1.0,1.001,1.0,7.850462293418876e-17,0.9999999999999999,1.0
e5-small,cell_C64,10000,noise_0.01,residual,gram_signature_nn,3,0.9993333333333334,0.0005773502691896263,0.999,1.0,1.0,0.0,1.0,1.0,1.0,0.0,1.0,1.0,0.9996666666666667,0.0002886751345947811,0.9995,1.0,1.0,0.0,1.0,1.0,1.0006666666666666,0.0005773502691895622,1.0,1.001,1.0,0.0,1.0,1.0
e5-small,cell_C64,10000,noise_0.01,residual,known_anchor_ip_0.01,3,0.6480059330093921,0.04523203916666225,0.6117290192113246,0.698685540950455,0.8088310143017182,0.0062658414125367065,0.8016194331983806,0.8129423660262892,0.8297336832007686,0.008703039530670429,0.819838056680162,0.8361981799797775,0.7174777747551456,0.03011025192573479,0.6951416407943121,0.7517207222508324,1.0,0.0,1.0,1.0,13.359334596895131,0.8317484911182457,12.655207280080889,14.277047522750253,0.8259522051716953,0.008896034358520785,0.8171424502942188,0.8349320789554667
e5-small,cell_C64,10000,noise_0.01,residual,known_anchor_ip_0.1,3,0.9992554531509171,0.00064490532680751,0.9988713318284425,1.0,1.0,0.0,1.0,1.0,1.0,0.0,1.0,1.0,0.9996277265754586,0.0003224526634037715,0.9994356659142212,1.0,1.0,0.0,1.0,1.0,1.0007445468490828,0.000644905326807543,1.0,1.0011286681715577,0.9999965585223278,5.960814181316657e-06,0.9999896755669835,1.0
e5-small,cell_C64,10000,noise_0.01,residual,nn_graph_signature_nn,3,0.9996666666666667,0.0005773502691896263,0.999,1.0,1.0,0.0,1.0,1.0,1.0,0.0,1.0,1.0,0.9998333333333335,0.0002886751345947811,0.9995,1.0,1.0,0.0,1.0,1.0,1.0003333333333333,0.0005773502691895622,1.0,1.001,0.9999764,4.087639905858305e-05,0.9999292000000001,1.0
e5-small,cell_C64,10000,noise_0.01,residual,residual_norm_nn,3,0.515,0.023259406699226035,0.49,0.536,0.9593333333333333,0.0032145502536643214,0.957,0.963,0.9986666666666667,0.0005773502691896263,0.998,0.999,0.6980126817626817,0.0171091720709717,0.6811082722832722,0.7153195165945165,1.3333333333333333,0.5773502691896257,1.0,2.0,2.0273333333333334,0.06863186820518102,1.95,2.081,0.9941611166666666,0.0007779809675263314,0.993461,0.9949986499999999
e5-small,cell_C64,10000,noise_0.01,residual,residual_norm_rank_assignment,3,0.021666666666666667,0.00404145188432738,0.018,0.026,,,,,,,,,,,,,,,,,,,,,,,,
e5-small,cell_C64,2000,clean,full_server,combined_prefix_invariants_nn,3,1.0,0.0,1.0,1.0,1.0,0.0,1.0,1.0,1.0,0.0,1.0,1.0,1.0,0.0,1.0,1.0,1.0,0.0,1.0,1.0,1.0,0.0,1.0,1.0,1.0,0.0,1.0,1.0
e5-small,cell_C64,2000,clean,full_server,public_prefix_nn,3,1.0,0.0,1.0,1.0,1.0,0.0,1.0,1.0,1.0,0.0,1.0,1.0,1.0,0.0,1.0,1.0,1.0,0.0,1.0,1.0,1.0,0.0,1.0,1.0,1.0,0.0,1.0,1.0
e5-small,cell_C64,2000,clean,residual,cell_label_chance_control,3,0.032153631734210666,0.0002413602156625587,0.031930141962286177,0.032409577851403894,0.16076815867105332,0.0012068010783127955,0.15965070981143087,0.16204788925701946,0.32153631734210664,0.002413602156625591,0.31930141962286174,0.3240957785140389,0.12765354886011646,0.0007862307060840216,0.1269129633887017,0.1284786037235746,17.25,0.4330127018922193,17.0,17.75,17.93283333333333,0.17302047085051456,17.749,18.0925,0.5,0.0,0.5,0.5
e5-small,cell_C64,2000,clean,residual,combined_invariants_nn,3,1.0,0.0,1.0,1.0,1.0,0.0,1.0,1.0,1.0,0.0,1.0,1.0,1.0,0.0,1.0,1.0,1.0,0.0,1.0,1.0,1.0,0.0,1.0,1.0,1.0,0.0,1.0,1.0
e5-small,cell_C64,2000,clean,residual,gram_signature_hungarian,3,1.0,0.0,1.0,1.0,,,,,,,,,,,,,,,,,,,,,,,,
e5-small,cell_C64,2000,clean,residual,gram_signature_nn,3,1.0,0.0,1.0,1.0,1.0,0.0,1.0,1.0,1.0,0.0,1.0,1.0,1.0,0.0,1.0,1.0,1.0,0.0,1.0,1.0,1.0,0.0,1.0,1.0,1.0,0.0,1.0,1.0
e5-small,cell_C64,2000,clean,residual,known_anchor_ip_0.01,3,0.30538875706473045,0.015603827825717157,0.28816986855409504,0.3185929648241206,0.4002533733717459,0.01752718811954364,0.38018200202224467,0.41253791708796766,0.5247166062872503,0.01091411281904778,0.512639029322548,0.5338725985844287,0.376471805994695,0.01500093607385753,0.35947773866339205,0.3878721721845878,9.333333333333334,0.5773502691896257,9.0,10.0,12.599136227141775,0.4373308958554627,12.22713567839196,13.080889787664308,0.6296600206258255,0.006395699828777804,0.6222829281857766,0.6336466551684301
e5-small,cell_C64,2000,clean,residual,known_anchor_ip_0.1,3,0.9444260641821112,0.02284045349266545,0.9187082405345212,0.9623477297895903,0.9551705511310836,0.020038437745148352,0.9320712694877505,0.9678848283499446,0.9655343909862997,0.02223700347822075,0.9398663697104677,0.9789590254706534,0.9509959133090772,0.02112177459344657,0.9269168427571365,0.9663937417515773,1.0,0.0,1.0,1.0,1.7585101765595887,0.43983609167877075,1.491111111111111,2.2661469933184857,0.9670524238410657,0.012908518343496512,0.952545870308183,0.9772721419557547
e5-small,cell_C64,2000,clean,residual,nn_graph_signature_nn,3,1.0,0.0,1.0,1.0,1.0,0.0,1.0,1.0,1.0,0.0,1.0,1.0,1.0,0.0,1.0,1.0,1.0,0.0,1.0,1.0,1.0,0.0,1.0,1.0,1.0,0.0,1.0,1.0
e5-small,cell_C64,2000,clean,residual,raw_cross_key_cosine_control,3,0.026,0.0034641016151377535,0.024,0.03,0.156,0.008544003745317538,0.147,0.164,0.32233333333333336,0.0032145502536643214,0.32,0.326,0.12382529461036391,0.004132677186846218,0.11915231959092333,0.12699933754000717,16.0,0.0,16.0,16.0,18.079666666666668,0.11580299362854621,17.969,18.2,0.5014563833333333,0.006515669588448536,0.49476030000000004,0.50777525
e5-small,cell_C64,2000,clean,residual,residual_norm_nn,3,0.96,0.0010000000000000009,0.959,0.961,1.0,0.0,1.0,1.0,1.0,0.0,1.0,1.0,0.9796111111111112,0.0006309898162000489,0.9791666666666667,0.9803333333333334,1.0,0.0,1.0,1.0,1.0423333333333333,0.002081665999466117,1.04,1.044,0.99886535,2.221637909287378e-05,0.998847,0.99889005
e5-small,cell_C64,2000,clean,residual,residual_norm_rank_assignment,3,0.9993333333333334,0.0011547005383792527,0.998,1.0,,,,,,,,,,,,,,,,,,,,,,,,
e5-small,cell_C64,2000,fp16,full_server,combined_prefix_invariants_nn,3,1.0,0.0,1.0,1.0,1.0,0.0,1.0,1.0,1.0,0.0,1.0,1.0,1.0,0.0,1.0,1.0,1.0,0.0,1.0,1.0,1.0,0.0,1.0,1.0,1.0,0.0,1.0,1.0
e5-small,cell_C64,2000,fp16,full_server,public_prefix_nn,3,1.0,0.0,1.0,1.0,1.0,0.0,1.0,1.0,1.0,0.0,1.0,1.0,1.0,0.0,1.0,1.0,1.0,0.0,1.0,1.0,1.0,0.0,1.0,1.0,1.0,0.0,1.0,1.0
e5-small,cell_C64,2000,fp16,residual,cell_label_chance_control,3,0.032153631734210666,0.0002413602156625587,0.031930141962286177,0.032409577851403894,0.16076815867105332,0.0012068010783127955,0.15965070981143087,0.16204788925701946,0.32153631734210664,0.002413602156625591,0.31930141962286174,0.3240957785140389,0.12765354886011646,0.0007862307060840216,0.1269129633887017,0.1284786037235746,17.25,0.4330127018922193,17.0,17.75,17.93283333333333,0.17302047085051456,17.749,18.0925,0.5,0.0,0.5,0.5
e5-small,cell_C64,2000,fp16,residual,combined_invariants_nn,3,1.0,0.0,1.0,1.0,1.0,0.0,1.0,1.0,1.0,0.0,1.0,1.0,1.0,0.0,1.0,1.0,1.0,0.0,1.0,1.0,1.0,0.0,1.0,1.0,1.0,0.0,1.0,1.0
e5-small,cell_C64,2000,fp16,residual,gram_signature_nn,3,1.0,0.0,1.0,1.0,1.0,0.0,1.0,1.0,1.0,0.0,1.0,1.0,1.0,0.0,1.0,1.0,1.0,0.0,1.0,1.0,1.0,0.0,1.0,1.0,1.0,0.0,1.0,1.0
e5-small,cell_C64,2000,fp16,residual,known_anchor_ip_0.01,3,0.30438373193910234,0.014376995083725025,0.28816986855409504,0.3155778894472362,0.4002533733717459,0.01752718811954364,0.38018200202224467,0.41253791708796766,0.5247166062872503,0.01091411281904778,0.512639029322548,0.5338725985844287,0.37596929343188085,0.014442962231689586,0.35947773866339205,0.38636463449614555,9.333333333333334,0.5773502691896257,9.0,10.0,12.600141252267404,0.43605014964052907,12.230150753768845,13.080889787664308,0.5805623918363426,0.0020611764873791475,0.5783019176564045,0.5823377187444762
e5-small,cell_C64,2000,fp16,residual,known_anchor_ip_0.1,3,0.94368449856304,0.023282511912796188,0.9175946547884187,0.9623477297895903,0.9551705511310836,0.020038437745148352,0.9320712694877505,0.9678848283499446,0.9655343909862997,0.02223700347822075,0.9398663697104677,0.9789590254706534,0.9506251304995416,0.021326429960684547,0.9263600498840853,0.9663937417515773,1.0,0.0,1.0,1.0,1.7592517421786598,0.44014132620680085,1.4922222222222221,2.267260579064588,0.9545785024042078,0.018024239761912274,0.9343895863611787,0.969052340604531
e5-small,cell_C64,2000,fp16,residual,nn_graph_signature_nn,3,1.0,0.0,1.0,1.0,1.0,0.0,1.0,1.0,1.0,0.0,1.0,1.0,1.0,0.0,1.0,1.0,1.0,0.0,1.0,1.0,1.0,0.0,1.0,1.0,1.0,0.0,1.0,1.0
e5-small,cell_C64,2000,fp16,residual,residual_norm_nn,3,0.9503333333333334,0.0035118845842842497,0.947,0.954,1.0,0.0,1.0,1.0,1.0,0.0,1.0,1.0,0.9746111111111112,0.0015030832509409634,0.9731666666666666,0.9761666666666666,1.0,0.0,1.0,1.0,1.053,0.0020000000000000018,1.051,1.055,0.99866645,0.0002654613954985419,0.9984169999999999,0.99894545
e5-small,cell_C64,2000,fp16,residual,residual_norm_rank_assignment,3,0.7766666666666667,0.0011547005383792527,0.776,0.778,,,,,,,,,,,,,,,,,,,,,,,,
e5-small,cell_C64,2000,int8,full_server,combined_prefix_invariants_nn,3,1.0,0.0,1.0,1.0,1.0,0.0,1.0,1.0,1.0,0.0,1.0,1.0,1.0,0.0,1.0,1.0,1.0,0.0,1.0,1.0,1.0,0.0,1.0,1.0,1.0,0.0,1.0,1.0
e5-small,cell_C64,2000,int8,full_server,public_prefix_nn,3,1.0,0.0,1.0,1.0,1.0,0.0,1.0,1.0,1.0,0.0,1.0,1.0,1.0,0.0,1.0,1.0,1.0,0.0,1.0,1.0,1.0,0.0,1.0,1.0,1.0,0.0,1.0,1.0
e5-small,cell_C64,2000,int8,residual,cell_label_chance_control,3,0.032153631734210666,0.0002413602156625587,0.031930141962286177,0.032409577851403894,0.16076815867105332,0.0012068010783127955,0.15965070981143087,0.16204788925701946,0.32153631734210664,0.002413602156625591,0.31930141962286174,0.3240957785140389,0.12765354886011646,0.0007862307060840216,0.1269129633887017,0.1284786037235746,17.25,0.4330127018922193,17.0,17.75,17.93283333333333,0.17302047085051456,17.749,18.0925,0.5,0.0,0.5,0.5
e5-small,cell_C64,2000,int8,residual,combined_invariants_nn,3,1.0,0.0,1.0,1.0,1.0,0.0,1.0,1.0,1.0,0.0,1.0,1.0,1.0,0.0,1.0,1.0,1.0,0.0,1.0,1.0,1.0,0.0,1.0,1.0,1.0,0.0,1.0,1.0
e5-small,cell_C64,2000,int8,residual,gram_signature_nn,3,1.0,0.0,1.0,1.0,1.0,0.0,1.0,1.0,1.0,0.0,1.0,1.0,1.0,0.0,1.0,1.0,1.0,0.0,1.0,1.0,1.0,0.0,1.0,1.0,1.0,0.0,1.0,1.0
e5-small,cell_C64,2000,int8,residual,known_anchor_ip_0.01,3,0.2512491679834969,0.009211115103926873,0.24064711830131447,0.25728643216080405,0.3995813242146018,0.016949747377003912,0.38018200202224467,0.4115267947421638,0.5247166062872503,0.01091411281904778,0.512639029322548,0.5338725985844287,0.3462610857428185,0.01149351593020811,0.33302003728152485,0.35366063832481276,9.333333333333334,0.5773502691896257,9.0,10.0,12.6768097311634,0.4247421183439319,12.317587939698493,13.145601617795753,0.5403907478392993,0.004258050965645142,0.535495966245485,0.5432404232216359
e5-small,cell_C64,2000,int8,residual,known_anchor_ip_0.1,3,0.9192765077117903,0.013010283815194652,0.9053452115812918,0.9311111111111111,0.9551705511310836,0.020038437745148352,0.9320712694877505,0.9678848283499446,0.9655343909862997,0.02223700347822075,0.9398663697104677,0.9789590254706534,0.9380515850144442,0.015532990149466307,0.9202353282805218,0.9487512294925919,1.0,0.0,1.0,1.0,1.785877033386745,0.4282068400843867,1.5144444444444445,2.279510022271715,0.9424114057654666,0.020926892934399872,0.918939886210882,0.9591221705916908
e5-small,cell_C64,2000,int8,residual,nn_graph_signature_nn,3,1.0,0.0,1.0,1.0,1.0,0.0,1.0,1.0,1.0,0.0,1.0,1.0,1.0,0.0,1.0,1.0,1.0,0.0,1.0,1.0,1.0,0.0,1.0,1.0,1.0,0.0,1.0,1.0
e5-small,cell_C64,2000,int8,residual,residual_norm_nn,3,0.807,0.01552417469625998,0.792,0.823,1.0,0.0,1.0,1.0,1.0,0.0,1.0,1.0,0.8967,0.009111637857402167,0.8874500000000001,0.9056666666666667,1.0,0.0,1.0,1.0,1.2376666666666667,0.025106440076867412,1.214,1.264,0.9924328666666667,0.0008185237814708024,0.9916071000000001,0.99324395
e5-small,cell_C64,2000,int8,residual,residual_norm_rank_assignment,3,0.08666666666666667,0.006110100926607784,0.08,0.092,,,,,,,,,,,,,,,,,,,,,,,,
e5-small,cell_C64,2000,noise_0.01,full_server,combined_prefix_invariants_nn,3,1.0,0.0,1.0,1.0,1.0,0.0,1.0,1.0,1.0,0.0,1.0,1.0,1.0,0.0,1.0,1.0,1.0,0.0,1.0,1.0,1.0,0.0,1.0,1.0,1.0,0.0,1.0,1.0
e5-small,cell_C64,2000,noise_0.01,full_server,public_prefix_nn,3,1.0,0.0,1.0,1.0,1.0,0.0,1.0,1.0,1.0,0.0,1.0,1.0,1.0,0.0,1.0,1.0,1.0,0.0,1.0,1.0,1.0,0.0,1.0,1.0,1.0,0.0,1.0,1.0
e5-small,cell_C64,2000,noise_0.01,residual,cell_label_chance_control,3,0.032153631734210666,0.0002413602156625587,0.031930141962286177,0.032409577851403894,0.16076815867105332,0.0012068010783127955,0.15965070981143087,0.16204788925701946,0.32153631734210664,0.002413602156625591,0.31930141962286174,0.3240957785140389,0.12765354886011646,0.0007862307060840216,0.1269129633887017,0.1284786037235746,17.25,0.4330127018922193,17.0,17.75,17.93283333333333,0.17302047085051456,17.749,18.0925,0.5,0.0,0.5,0.5
e5-small,cell_C64,2000,noise_0.01,residual,combined_invariants_nn,3,1.0,0.0,1.0,1.0,1.0,0.0,1.0,1.0,1.0,0.0,1.0,1.0,1.0,0.0,1.0,1.0,1.0,0.0,1.0,1.0,1.0,0.0,1.0,1.0,1.0,0.0,1.0,1.0
e5-small,cell_C64,2000,noise_0.01,residual,gram_signature_nn,3,1.0,0.0,1.0,1.0,1.0,0.0,1.0,1.0,1.0,0.0,1.0,1.0,1.0,0.0,1.0,1.0,1.0,0.0,1.0,1.0,1.0,0.0,1.0,1.0,1.0,0.0,1.0,1.0
e5-small,cell_C64,2000,noise_0.01,residual,known_anchor_ip_0.01,3,0.25395362386587467,0.005592935005792157,0.2487360970677452,0.25985844287158744,0.39991633258981124,0.01717911337014972,0.38018200202224467,0.4115267947421638,0.5247166062872503,0.01091411281904778,0.512639029322548,0.5338725985844287,0.3483512063669642,0.008891354741608529,0.33824416940151136,0.35496742826856204,9.333333333333334,0.5773502691896257,9.0,10.0,12.667374621675956,0.4176854855272802,12.316582914572864,13.129423660262892,0.5404083134002672,0.0026155111323853527,0.5375738788963738,0.5427285169566425
e5-small,cell_C64,2000,noise_0.01,residual,known_anchor_ip_0.1,3,0.921484789216182,0.014192298569456174,0.9064587973273942,0.9346622369878184,0.9551705511310836,0.020038437745148352,0.9320712694877505,0.9678848283499446,0.9655343909862997,0.02223700347822075,0.9398663697104677,0.9789590254706534,0.9391058219978778,0.01657416352213081,0.9204209259048722,0.9520341994850583,1.0,0.0,1.0,1.0,1.7844111423797546,0.42996328956508373,1.5222222222222221,2.2806236080178173,0.9427774562498272,0.02127492195577157,0.9190606693419179,0.9601818228643539
e5-small,cell_C64,2000,noise_0.01,residual,nn_graph_signature_nn,3,1.0,0.0,1.0,1.0,1.0,0.0,1.0,1.0,1.0,0.0,1.0,1.0,1.0,0.0,1.0,1.0,1.0,0.0,1.0,1.0,1.0,0.0,1.0,1.0,1.0,0.0,1.0,1.0
e5-small,cell_C64,2000,noise_0.01,residual,residual_norm_nn,3,0.8326666666666666,0.01365039681962886,0.817,0.842,1.0,0.0,1.0,1.0,1.0,0.0,1.0,1.0,0.9099666666666667,0.007244787398153616,0.9016166666666666,0.9145833333333334,1.0,0.0,1.0,1.0,1.2083333333333333,0.016165807537309534,1.199,1.227,0.9938094999999999,0.0007435328489717633,0.993151,0.9946158500000001
e5-small,cell_C64,2000,noise_0.01,residual,residual_norm_rank_assignment,3,0.09433333333333334,0.010503967504392482,0.084,0.105,,,,,,,,,,,,,,,,,,,,,,,,
e5-small,cell_C64,500,clean,full_server,combined_prefix_invariants_nn,3,1.0,0.0,1.0,1.0,1.0,0.0,1.0,1.0,1.0,0.0,1.0,1.0,1.0,0.0,1.0,1.0,1.0,0.0,1.0,1.0,1.0,0.0,1.0,1.0,1.0,0.0,1.0,1.0
e5-small,cell_C64,500,clean,full_server,public_prefix_nn,3,1.0,0.0,1.0,1.0,1.0,0.0,1.0,1.0,1.0,0.0,1.0,1.0,1.0,0.0,1.0,1.0,1.0,0.0,1.0,1.0,1.0,0.0,1.0,1.0,1.0,0.0,1.0,1.0
e5-small,cell_C64,500,clean,residual,cell_label_chance_control,3,0.12799999999999997,0.0,0.12799999999999997,0.12799999999999997,0.6059999999999999,0.0,0.6059999999999999,0.6059999999999999,0.918,0.0,0.918,0.918,0.3334187309422603,6.798699777552591e-17,0.3334187309422604,0.3334187309422604,5.0,0.0,5.0,5.0,5.242,0.0,5.242,5.242,0.5,0.0,0.5,0.5
e5-small,cell_C64,500,clean,residual,combined_invariants_nn,3,1.0,0.0,1.0,1.0,1.0,0.0,1.0,1.0,1.0,0.0,1.0,1.0,1.0,0.0,1.0,1.0,1.0,0.0,1.0,1.0,1.0,0.0,1.0,1.0,1.0,0.0,1.0,1.0
e5-small,cell_C64,500,clean,residual,gram_signature_hungarian,3,1.0,0.0,1.0,1.0,,,,,,,,,,,,,,,,,,,,,,,,
e5-small,cell_C64,500,clean,residual,gram_signature_nn,3,1.0,0.0,1.0,1.0,1.0,0.0,1.0,1.0,1.0,0.0,1.0,1.0,1.0,0.0,1.0,1.0,1.0,0.0,1.0,1.0,1.0,0.0,1.0,1.0,1.0,0.0,1.0,1.0
e5-small,cell_C64,500,clean,residual,known_anchor_ip_0.01,3,0.19865319865319864,0.013451167916119987,0.18383838383838383,0.2101010101010101,0.6417508417508417,0.014332522999187029,0.6262626262626263,0.6545454545454545,0.9265993265993266,0.008164549261267424,0.9171717171717172,0.9313131313131313,0.38851249485533507,0.012379394504965474,0.3748521733102838,0.3989890401075784,4.0,0.0,4.0,4.0,4.863973063973064,0.15319384311833023,4.743434343434344,5.036363636363636,0.5372676257524742,0.005141566320190991,0.5313784307723701,0.5408631772268137
e5-small,cell_C64,500,clean,residual,known_anchor_ip_0.1,3,0.6244444444444445,0.00801233616769776,0.6155555555555555,0.6311111111111111,0.8540740740740741,0.010501812502783578,0.8422222222222222,0.8622222222222222,0.9733333333333333,0.01602467233539555,0.96,0.9911111111111112,0.7196723056657697,0.004029592533103149,0.7166833660166994,0.7242550267452228,1.0,0.0,1.0,1.0,2.6548148148148147,0.13000158276972545,2.5244444444444443,2.7844444444444445,0.7644197530864197,0.0044826716781603045,0.759567901234568,0.7684074074074074
e5-small,cell_C64,500,clean,residual,nn_graph_signature_nn,3,1.0,0.0,1.0,1.0,1.0,0.0,1.0,1.0,1.0,0.0,1.0,1.0,1.0,0.0,1.0,1.0,1.0,0.0,1.0,1.0,1.0,0.0,1.0,1.0,1.0,0.0,1.0,1.0
e5-small,cell_C64,500,clean,residual,raw_cross_key_cosine_control,3,0.126,0.020784609690826537,0.102,0.138,0.614,0.010583005244258372,0.606,0.626,0.9053333333333334,0.011015141094572214,0.894,0.916,0.33083483036571276,0.013915261532374818,0.3168992262639322,0.3447296597193656,4.666666666666667,0.5773502691896258,4.0,5.0,5.3053333333333335,0.1671207148540637,5.142,5.476,0.5014582666666666,0.01091570020169723,0.49133119999999997,0.5130205999999999
e5-small,cell_C64,500,clean,residual,residual_norm_nn,3,0.9886666666666667,0.0011547005383792527,0.988,0.99,1.0,0.0,1.0,1.0,1.0,0.0,1.0,1.0,0.9943333333333332,0.0005773502691896263,0.994,0.995,1.0,0.0,1.0,1.0,1.0113333333333334,0.0011547005383792527,1.01,1.012,0.9986175999999999,0.000684936318207768,0.997898,0.9992616
e5-small,cell_C64,500,clean,residual,residual_norm_rank_assignment,3,1.0,0.0,1.0,1.0,,,,,,,,,,,,,,,,,,,,,,,,
e5-small,cell_C64,500,fp16,full_server,combined_prefix_invariants_nn,3,1.0,0.0,1.0,1.0,1.0,0.0,1.0,1.0,1.0,0.0,1.0,1.0,1.0,0.0,1.0,1.0,1.0,0.0,1.0,1.0,1.0,0.0,1.0,1.0,1.0,0.0,1.0,1.0
e5-small,cell_C64,500,fp16,full_server,public_prefix_nn,3,1.0,0.0,1.0,1.0,1.0,0.0,1.0,1.0,1.0,0.0,1.0,1.0,1.0,0.0,1.0,1.0,1.0,0.0,1.0,1.0,1.0,0.0,1.0,1.0,1.0,0.0,1.0,1.0
e5-small,cell_C64,500,fp16,residual,cell_label_chance_control,3,0.12799999999999997,0.0,0.12799999999999997,0.12799999999999997,0.6059999999999999,0.0,0.6059999999999999,0.6059999999999999,0.918,0.0,0.918,0.918,0.3334187309422603,6.798699777552591e-17,0.3334187309422604,0.3334187309422604,5.0,0.0,5.0,5.0,5.242,0.0,5.242,5.242,0.5,0.0,0.5,0.5
e5-small,cell_C64,500,fp16,residual,combined_invariants_nn,3,1.0,0.0,1.0,1.0,1.0,0.0,1.0,1.0,1.0,0.0,1.0,1.0,1.0,0.0,1.0,1.0,1.0,0.0,1.0,1.0,1.0,0.0,1.0,1.0,1.0,0.0,1.0,1.0
e5-small,cell_C64,500,fp16,residual,gram_signature_nn,3,1.0,0.0,1.0,1.0,1.0,0.0,1.0,1.0,1.0,0.0,1.0,1.0,1.0,0.0,1.0,1.0,1.0,0.0,1.0,1.0,1.0,0.0,1.0,1.0,1.0,0.0,1.0,1.0
e5-small,cell_C64,500,fp16,residual,known_anchor_ip_0.01,3,0.19865319865319864,0.013451167916119987,0.18383838383838383,0.2101010101010101,0.6417508417508417,0.014332522999187029,0.6262626262626263,0.6545454545454545,0.9265993265993266,0.008164549261267424,0.9171717171717172,0.9313131313131313,0.38851249485533507,0.012379394504965474,0.3748521733102838,0.3989890401075784,4.0,0.0,4.0,4.0,4.863973063973064,0.15319384311833023,4.743434343434344,5.036363636363636,0.5177736965615753,0.0021351246390011436,0.5153168044077134,0.5191796755433119
e5-small,cell_C64,500,fp16,residual,known_anchor_ip_0.1,3,0.6244444444444445,0.00801233616769776,0.6155555555555555,0.6311111111111111,0.8540740740740741,0.010501812502783578,0.8422222222222222,0.8622222222222222,0.9733333333333333,0.01602467233539555,0.96,0.9911111111111112,0.7196723056657697,0.004029592533103149,0.7166833660166994,0.7242550267452228,1.0,0.0,1.0,1.0,2.6548148148148147,0.13000158276972545,2.5244444444444443,2.7844444444444445,0.7040946502057613,0.005438553030558661,0.6978148148148149,0.7072592592592593
e5-small,cell_C64,500,fp16,residual,nn_graph_signature_nn,3,1.0,0.0,1.0,1.0,1.0,0.0,1.0,1.0,1.0,0.0,1.0,1.0,1.0,0.0,1.0,1.0,1.0,0.0,1.0,1.0,1.0,0.0,1.0,1.0,1.0,0.0,1.0,1.0
e5-small,cell_C64,500,fp16,residual,residual_norm_nn,3,0.9873333333333333,0.0011547005383792527,0.986,0.988,1.0,0.0,1.0,1.0,1.0,0.0,1.0,1.0,0.9936666666666666,0.0005773502691896263,0.993,0.994,1.0,0.0,1.0,1.0,1.0126666666666666,0.0011547005383792527,1.012,1.014,0.9980988666666666,8.453267612782945e-05,0.998004,0.9981662
e5-small,cell_C64,500,fp16,residual,residual_norm_rank_assignment,3,0.9499999999999998,0.007211102550927985,0.942,0.956,,,,,,,,,,,,,,,,,,,,,,,,
e5-small,cell_C64,500,int8,full_server,combined_prefix_invariants_nn,3,1.0,0.0,1.0,1.0,1.0,0.0,1.0,1.0,1.0,0.0,1.0,1.0,1.0,0.0,1.0,1.0,1.0,0.0,1.0,1.0,1.0,0.0,1.0,1.0,1.0,0.0,1.0,1.0
e5-small,cell_C64,500,int8,full_server,public_prefix_nn,3,1.0,0.0,1.0,1.0,1.0,0.0,1.0,1.0,1.0,0.0,1.0,1.0,1.0,0.0,1.0,1.0,1.0,0.0,1.0,1.0,1.0,0.0,1.0,1.0,1.0,0.0,1.0,1.0
e5-small,cell_C64,500,int8,residual,cell_label_chance_control,3,0.12799999999999997,0.0,0.12799999999999997,0.12799999999999997,0.6059999999999999,0.0,0.6059999999999999,0.6059999999999999,0.918,0.0,0.918,0.918,0.3334187309422603,6.798699777552591e-17,0.3334187309422604,0.3334187309422604,5.0,0.0,5.0,5.0,5.242,0.0,5.242,5.242,0.5,0.0,0.5,0.5
e5-small,cell_C64,500,int8,residual,combined_invariants_nn,3,1.0,0.0,1.0,1.0,1.0,0.0,1.0,1.0,1.0,0.0,1.0,1.0,1.0,0.0,1.0,1.0,1.0,0.0,1.0,1.0,1.0,0.0,1.0,1.0,1.0,0.0,1.0,1.0
e5-small,cell_C64,500,int8,residual,gram_signature_nn,3,1.0,0.0,1.0,1.0,1.0,0.0,1.0,1.0,1.0,0.0,1.0,1.0,1.0,0.0,1.0,1.0,1.0,0.0,1.0,1.0,1.0,0.0,1.0,1.0,0.9999973333333333,4.618802153521625e-06,0.999992,1.0
e5-small,cell_C64,500,int8,residual,known_anchor_ip_0.01,3,0.19326599326599325,0.008410771715014689,0.18383838383838383,0.2,0.6417508417508417,0.014332522999187029,0.6262626262626263,0.6545454545454545,0.9265993265993266,0.008164549261267424,0.9171717171717172,0.9313131313131313,0.38548219182503196,0.009449345171342336,0.3748521733102838,0.39292843404697236,4.0,0.0,4.0,4.0,4.871380471380472,0.1458514972581949,4.759595959595959,5.036363636363636,0.5031779070162908,0.0010171149288817917,0.5020663197632895,0.504062034486277
e5-small,cell_C64,500,int8,residual,known_anchor_ip_0.1,3,0.6022222222222222,0.013333333333333308,0.5888888888888889,0.6155555555555555,0.8540740740740741,0.010501812502783578,0.8422222222222222,0.8622222222222222,0.9733333333333333,0.01602467233539555,0.96,0.9911111111111112,0.7082525525793498,0.0072488071335092925,0.7027944771278104,0.716477248967445,1.0,0.0,1.0,1.0,2.679259259259259,0.12797247646470813,2.5555555555555554,2.811111111111111,0.6555097942386832,0.007057837922251282,0.6473965432098765,0.6602330864197531
e5-small,cell_C64,500,int8,residual,nn_graph_signature_nn,3,1.0,0.0,1.0,1.0,1.0,0.0,1.0,1.0,1.0,0.0,1.0,1.0,1.0,0.0,1.0,1.0,1.0,0.0,1.0,1.0,1.0,0.0,1.0,1.0,0.9999089333333333,5.68117358767515e-05,0.9998528000000001,0.9999664
e5-small,cell_C64,500,int8,residual,residual_norm_nn,3,0.9486666666666667,0.0050332229568471705,0.944,0.954,1.0,0.0,1.0,1.0,1.0,0.0,1.0,1.0,0.9740000000000001,0.0025166114784235852,0.9716666666666667,0.9766666666666667,1.0,0.0,1.0,1.0,1.0533333333333335,0.0050332229568471705,1.048,1.058,0.9929929333333334,0.0005946146427168948,0.9923426,0.9935088
e5-small,cell_C64,500,int8,residual,residual_norm_rank_assignment,3,0.25733333333333336,0.013316656236958798,0.246,0.272,,,,,,,,,,,,,,,,,,,,,,,,
e5-small,cell_C64,500,noise_0.01,full_server,combined_prefix_invariants_nn,3,1.0,0.0,1.0,1.0,1.0,0.0,1.0,1.0,1.0,0.0,1.0,1.0,1.0,0.0,1.0,1.0,1.0,0.0,1.0,1.0,1.0,0.0,1.0,1.0,1.0,0.0,1.0,1.0
e5-small,cell_C64,500,noise_0.01,full_server,public_prefix_nn,3,1.0,0.0,1.0,1.0,1.0,0.0,1.0,1.0,1.0,0.0,1.0,1.0,1.0,0.0,1.0,1.0,1.0,0.0,1.0,1.0,1.0,0.0,1.0,1.0,1.0,0.0,1.0,1.0
e5-small,cell_C64,500,noise_0.01,residual,cell_label_chance_control,3,0.12799999999999997,0.0,0.12799999999999997,0.12799999999999997,0.6059999999999999,0.0,0.6059999999999999,0.6059999999999999,0.918,0.0,0.918,0.918,0.3334187309422603,6.798699777552591e-17,0.3334187309422604,0.3334187309422604,5.0,0.0,5.0,5.0,5.242,0.0,5.242,5.242,0.5,0.0,0.5,0.5
e5-small,cell_C64,500,noise_0.01,residual,combined_invariants_nn,3,1.0,0.0,1.0,1.0,1.0,0.0,1.0,1.0,1.0,0.0,1.0,1.0,1.0,0.0,1.0,1.0,1.0,0.0,1.0,1.0,1.0,0.0,1.0,1.0,1.0,0.0,1.0,1.0
e5-small,cell_C64,500,noise_0.01,residual,gram_signature_nn,3,1.0,0.0,1.0,1.0,1.0,0.0,1.0,1.0,1.0,0.0,1.0,1.0,1.0,0.0,1.0,1.0,1.0,0.0,1.0,1.0,1.0,0.0,1.0,1.0,1.0,0.0,1.0,1.0
e5-small,cell_C64,500,noise_0.01,residual,known_anchor_ip_0.01,3,0.19124579124579122,0.009965419923871214,0.1797979797979798,0.19797979797979798,0.6417508417508417,0.014332522999187029,0.6262626262626263,0.6545454545454545,0.9265993265993266,0.008164549261267424,0.9171717171717172,0.9313131313131313,0.38469655770606453,0.010529216053531031,0.3728319712900818,0.39292843404697236,4.0,0.0,4.0,4.0,4.872053872053872,0.1493356144242531,4.7555555555555555,5.040404040404041,0.5037441077441077,0.0010506692218018364,0.5029845934088358,0.5049431690643812
e5-small,cell_C64,500,noise_0.01,residual,known_anchor_ip_0.1,3,0.6044444444444445,0.012372809695177796,0.5933333333333334,0.6177777777777778,0.8540740740740741,0.010501812502783578,0.8422222222222222,0.8622222222222222,0.9733333333333333,0.01602467233539555,0.96,0.9911111111111112,0.7095488488756462,0.006970105511765631,0.7052018845352178,0.7175883600785561,1.0,0.0,1.0,1.0,2.675555555555556,0.13012814197295414,2.548888888888889,2.8088888888888888,0.6557962962962963,0.007192092420509798,0.6474948148148149,0.6601476543209877
e5-small,cell_C64,500,noise_0.01,residual,nn_graph_signature_nn,3,1.0,0.0,1.0,1.0,1.0,0.0,1.0,1.0,1.0,0.0,1.0,1.0,1.0,0.0,1.0,1.0,1.0,0.0,1.0,1.0,1.0,0.0,1.0,1.0,0.9999723999999999,2.5199999999947487e-05,0.9999436,0.9999904
e5-small,cell_C64,500,noise_0.01,residual,residual_norm_nn,3,0.9586666666666667,0.011015141094572214,0.946,0.966,1.0,0.0,1.0,1.0,1.0,0.0,1.0,1.0,0.9792222222222221,0.0056992527125476105,0.9726666666666667,0.983,1.0,0.0,1.0,1.0,1.042,0.01216552506059645,1.034,1.056,0.9941215333333333,0.0015044912141097752,0.9926885999999999,0.9956886
e5-small,cell_C64,500,noise_0.01,residual,residual_norm_rank_assignment,3,0.28733333333333333,0.016041612554021274,0.272,0.304,,,,,,,,,,,,,,,,,,,,,,,,
e5-small,microkey_perdoc,10000,clean,full_server,combined_prefix_norm_nn,3,0.9993333333333334,0.0005773502691896263,0.999,1.0,1.0,0.0,1.0,1.0,1.0,0.0,1.0,1.0,0.9996666666666667,0.0002886751345947811,0.9995,1.0,1.0,0.0,1.0,1.0,1.0006666666666666,0.0005773502691895622,1.0,1.001,1.0,7.850462293418876e-17,0.9999999999999999,1.0
e5-small,microkey_perdoc,10000,clean,full_server,public_prefix_nn,3,0.9993333333333334,0.0005773502691896263,0.999,1.0,1.0,0.0,1.0,1.0,1.0,0.0,1.0,1.0,0.9996666666666667,0.0002886751345947811,0.9995,1.0,1.0,0.0,1.0,1.0,1.0006666666666666,0.0005773502691895622,1.0,1.001,1.0,0.0,1.0,1.0
e5-small,microkey_perdoc,10000,clean,residual,cell_label_chance_control,3,0.00010000000000000003,0.0,0.00010000000000000003,0.00010000000000000003,0.0005000000000000002,0.0,0.0005000000000000002,0.0005000000000000002,0.0010000000000000005,0.0,0.0010000000000000005,0.0010000000000000005,0.0009787606036044379,0.0,0.0009787606036044379,0.0009787606036044379,5000.5,0.0,5000.5,5000.5,5000.5,0.0,5000.5,5000.5,0.5,0.0,0.5,0.5
e5-small,microkey_perdoc,10000,clean,residual,raw_cross_key_cosine_control,3,0.0003333333333333333,0.0005773502691896258,0.0,0.001,0.0013333333333333333,0.0005773502691896258,0.001,0.002,0.0030000000000000005,5.311484201212962e-19,0.003,0.003,0.001556506796756716,0.00034627918853246195,0.001185646376837282,0.0018713827023327265,5079.5,92.11813068012181,4976.0,5152.5,5042.099666666666,18.08793151063266,5026.349,5061.854,0.4967184,0.0020799515306852614,0.4943271,0.49810760000000004
e5-small,microkey_perdoc,10000,clean,residual,residual_norm_nn,3,0.078,0.015874507866387545,0.06,0.09,0.31466666666666665,0.010598742063723106,0.305,0.326,0.5153333333333333,0.019655363983740775,0.503,0.538,0.21179645358240487,0.014129093045637493,0.19602107319417938,0.22328751726498294,10.0,0.0,10.0,10.0,12.269,0.5006086295700465,11.797,12.794,0.9989543333333333,0.000471201295449502,0.9984587,0.9993965499999999
e5-small,microkey_perdoc,10000,clean,residual,residual_norm_rank_assignment,3,0.9943333333333334,0.001527525231651948,0.993,0.996,,,,,,,,,,,,,,,,,,,,,,,,
e5-small,microkey_perdoc,10000,fp16,full_server,combined_prefix_norm_nn,3,0.9993333333333334,0.0005773502691896263,0.999,1.0,1.0,0.0,1.0,1.0,1.0,0.0,1.0,1.0,0.9996666666666667,0.0002886751345947811,0.9995,1.0,1.0,0.0,1.0,1.0,1.0006666666666666,0.0005773502691895622,1.0,1.001,1.0,0.0,1.0,1.0
e5-small,microkey_perdoc,10000,fp16,full_server,public_prefix_nn,3,0.9993333333333334,0.0005773502691896263,0.999,1.0,1.0,0.0,1.0,1.0,1.0,0.0,1.0,1.0,0.9996666666666667,0.0002886751345947811,0.9995,1.0,1.0,0.0,1.0,1.0,1.0006666666666666,0.0005773502691895622,1.0,1.001,1.0,0.0,1.0,1.0
e5-small,microkey_perdoc,10000,fp16,residual,cell_label_chance_control,3,0.00010000000000000003,0.0,0.00010000000000000003,0.00010000000000000003,0.0005000000000000002,0.0,0.0005000000000000002,0.0005000000000000002,0.0010000000000000005,0.0,0.0010000000000000005,0.0010000000000000005,0.0009787606036044379,0.0,0.0009787606036044379,0.0009787606036044379,5000.5,0.0,5000.5,5000.5,5000.5,0.0,5000.5,5000.5,0.5,0.0,0.5,0.5
e5-small,microkey_perdoc,10000,fp16,residual,residual_norm_nn,3,0.075,0.015716233645501707,0.057,0.086,0.2916666666666667,0.01497776129244063,0.275,0.304,0.49266666666666664,0.01817507450695413,0.478,0.513,0.20135944488554622,0.015748873833784226,0.1832346814424044,0.21170508014015965,10.666666666666666,0.5773502691896257,10.0,11.0,13.415333333333331,0.649392280007495,13.026,14.165,0.9988299166666667,0.00019208439768327804,0.9986301,0.9990132
e5-small,microkey_perdoc,10000,fp16,residual,residual_norm_rank_assignment,3,0.37399999999999994,0.024269322199023217,0.346,0.389,,,,,,,,,,,,,,,,,,,,,,,,
e5-small,microkey_perdoc,10000,int8,full_server,combined_prefix_norm_nn,3,1.0,0.0,1.0,1.0,1.0,0.0,1.0,1.0,1.0,0.0,1.0,1.0,1.0,0.0,1.0,1.0,1.0,0.0,1.0,1.0,1.0,0.0,1.0,1.0,1.0,0.0,1.0,1.0
e5-small,microkey_perdoc,10000,int8,full_server,public_prefix_nn,3,0.9993333333333334,0.0005773502691896263,0.999,1.0,1.0,0.0,1.0,1.0,1.0,0.0,1.0,1.0,0.9996666666666667,0.0002886751345947811,0.9995,1.0,1.0,0.0,1.0,1.0,1.0006666666666666,0.0005773502691895622,1.0,1.001,1.0,0.0,1.0,1.0
e5-small,microkey_perdoc,10000,int8,residual,cell_label_chance_control,3,0.00010000000000000003,0.0,0.00010000000000000003,0.00010000000000000003,0.0005000000000000002,0.0,0.0005000000000000002,0.0005000000000000002,0.0010000000000000005,0.0,0.0010000000000000005,0.0010000000000000005,0.0009787606036044379,0.0,0.0009787606036044379,0.0009787606036044379,5000.5,0.0,5000.5,5000.5,5000.5,0.0,5000.5,5000.5,0.5,0.0,0.5,0.5
e5-small,microkey_perdoc,10000,int8,residual,residual_norm_nn,3,0.023000000000000003,0.0043588989435406735,0.02,0.028,0.08433333333333333,0.013051181300301267,0.072,0.098,0.14100000000000001,0.012999999999999996,0.126,0.149,0.07074785802393259,0.006955414128291306,0.06434913461031025,0.07815079436467204,53.0,2.6457513110645907,50.0,55.0,70.83166666666666,0.8455674623194387,69.98,71.671,0.9929837333333333,0.00043238187211456814,0.9927058999999999,0.9934818999999999
e5-small,microkey_perdoc,10000,int8,residual,residual_norm_rank_assignment,3,0.02,0.004358898943540674,0.017,0.025,,,,,,,,,,,,,,,,,,,,,,,,
e5-small,microkey_perdoc,10000,noise_0.01,full_server,combined_prefix_norm_nn,3,0.9996666666666667,0.0005773502691896263,0.999,1.0,1.0,0.0,1.0,1.0,1.0,0.0,1.0,1.0,0.9998333333333335,0.0002886751345947811,0.9995,1.0,1.0,0.0,1.0,1.0,1.0003333333333333,0.0005773502691895622,1.0,1.001,1.0,0.0,1.0,1.0
e5-small,microkey_perdoc,10000,noise_0.01,full_server,public_prefix_nn,3,0.9996666666666667,0.0005773502691896263,0.999,1.0,1.0,0.0,1.0,1.0,1.0,0.0,1.0,1.0,0.9998333333333335,0.0002886751345947811,0.9995,1.0,1.0,0.0,1.0,1.0,1.0003333333333333,0.0005773502691895622,1.0,1.001,1.0,0.0,1.0,1.0
e5-small,microkey_perdoc,10000,noise_0.01,residual,cell_label_chance_control,3,0.00010000000000000003,0.0,0.00010000000000000003,0.00010000000000000003,0.0005000000000000002,0.0,0.0005000000000000002,0.0005000000000000002,0.0010000000000000005,0.0,0.0010000000000000005,0.0010000000000000005,0.0009787606036044379,0.0,0.0009787606036044379,0.0009787606036044379,5000.5,0.0,5000.5,5000.5,5000.5,0.0,5000.5,5000.5,0.5,0.0,0.5,0.5
e5-small,microkey_perdoc,10000,noise_0.01,residual,residual_norm_nn,3,0.02466666666666667,0.007234178138070236,0.02,0.033,0.10733333333333334,0.011590225767142475,0.094,0.115,0.17866666666666667,0.01903505538035898,0.159,0.197,0.08314778312402507,0.006917423830525682,0.07577990234924897,0.0895031467496212,40.0,2.6457513110645907,37.0,42.0,55.010333333333335,1.1107354920652046,53.877,56.097,0.9948407833333333,0.0007478707614510051,0.994286,0.9956913
e5-small,microkey_perdoc,10000,noise_0.01,residual,residual_norm_rank_assignment,3,0.023333333333333334,0.002886751345948129,0.02,0.025,,,,,,,,,,,,,,,,,,,,,,,,
e5-small,microkey_perdoc,2000,clean,full_server,combined_prefix_norm_nn,3,1.0,0.0,1.0,1.0,1.0,0.0,1.0,1.0,1.0,0.0,1.0,1.0,1.0,0.0,1.0,1.0,1.0,0.0,1.0,1.0,1.0,0.0,1.0,1.0,1.0,0.0,1.0,1.0
e5-small,microkey_perdoc,2000,clean,full_server,public_prefix_nn,3,1.0,0.0,1.0,1.0,1.0,0.0,1.0,1.0,1.0,0.0,1.0,1.0,1.0,0.0,1.0,1.0,1.0,0.0,1.0,1.0,1.0,0.0,1.0,1.0,1.0,0.0,1.0,1.0
e5-small,microkey_perdoc,2000,clean,residual,cell_label_chance_control,3,0.0005000000000000002,0.0,0.0005000000000000002,0.0005000000000000002,0.0025,0.0,0.0025,0.0025,0.005,0.0,0.005,0.005,0.00408918405180514,0.0,0.00408918405180514,0.00408918405180514,1000.5,0.0,1000.5,1000.5,1000.5,0.0,1000.5,1000.5,0.5,0.0,0.5,0.5
e5-small,microkey_perdoc,2000,clean,residual,raw_cross_key_cosine_control,3,0.0,0.0,0.0,0.0,0.0023333333333333335,0.0005773502691896258,0.002,0.003,0.004666666666666667,0.0011547005383792516,0.004,0.006,0.0033430801856780446,0.0003596869104027662,0.0030539361516057277,0.0037458603923313754,1038.5,47.96092159247985,986.5,1081.0,1017.0196666666667,29.711551984595747,983.781,1040.999,0.49397396666666665,0.010907523517890412,0.4849213,0.5060838999999999
e5-small,microkey_perdoc,2000,clean,residual,residual_norm_nn,3,0.2826666666666666,0.0032145502536642897,0.279,0.285,0.847,0.002645751311064593,0.844,0.849,0.991,0.002645751311064593,0.989,0.994,0.504871096033596,0.002434772573938218,0.5021694666444666,0.5068957181707182,2.6666666666666665,0.5773502691896258,2.0,3.0,3.199,0.04936598018878988,3.17,3.256,0.9989831833333334,0.00013924889885859874,0.9988585,0.99913345
e5-small,microkey_perdoc,2000,clean,residual,residual_norm_rank_assignment,3,0.9996666666666667,0.0005773502691896263,0.999,1.0,,,,,,,,,,,,,,,,,,,,,,,,
e5-small,microkey_perdoc,2000,fp16,full_server,combined_prefix_norm_nn,3,1.0,0.0,1.0,1.0,1.0,0.0,1.0,1.0,1.0,0.0,1.0,1.0,1.0,0.0,1.0,1.0,1.0,0.0,1.0,1.0,1.0,0.0,1.0,1.0,1.0,0.0,1.0,1.0
e5-small,microkey_perdoc,2000,fp16,full_server,public_prefix_nn,3,1.0,0.0,1.0,1.0,1.0,0.0,1.0,1.0,1.0,0.0,1.0,1.0,1.0,0.0,1.0,1.0,1.0,0.0,1.0,1.0,1.0,0.0,1.0,1.0,1.0,0.0,1.0,1.0
e5-small,microkey_perdoc,2000,fp16,residual,cell_label_chance_control,3,0.0005000000000000002,0.0,0.0005000000000000002,0.0005000000000000002,0.0025,0.0,0.0025,0.0025,0.005,0.0,0.005,0.005,0.00408918405180514,0.0,0.00408918405180514,0.00408918405180514,1000.5,0.0,1000.5,1000.5,1000.5,0.0,1000.5,1000.5,0.5,0.0,0.5,0.5
e5-small,microkey_perdoc,2000,fp16,residual,residual_norm_nn,3,0.26166666666666666,0.0035118845842842497,0.258,0.265,0.8186666666666667,0.009451631252505163,0.808,0.826,0.9819999999999999,0.0010000000000000009,0.981,0.983,0.48480424945424944,0.004511565904549002,0.48174988622488624,0.4899862054612054,3.0,0.0,3.0,3.0,3.419333333333333,0.03690979996333392,3.378,3.449,0.9988514500000001,5.9480522021944206e-05,0.99878565,0.9989014
e5-small,microkey_perdoc,2000,fp16,residual,residual_norm_rank_assignment,3,0.791,0.016643316977093252,0.772,0.803,,,,,,,,,,,,,,,,,,,,,,,,
e5-small,microkey_perdoc,2000,int8,full_server,combined_prefix_norm_nn,3,1.0,0.0,1.0,1.0,1.0,0.0,1.0,1.0,1.0,0.0,1.0,1.0,1.0,0.0,1.0,1.0,1.0,0.0,1.0,1.0,1.0,0.0,1.0,1.0,1.0,0.0,1.0,1.0
e5-small,microkey_perdoc,2000,int8,full_server,public_prefix_nn,3,1.0,0.0,1.0,1.0,1.0,0.0,1.0,1.0,1.0,0.0,1.0,1.0,1.0,0.0,1.0,1.0,1.0,0.0,1.0,1.0,1.0,0.0,1.0,1.0,1.0,0.0,1.0,1.0
e5-small,microkey_perdoc,2000,int8,residual,cell_label_chance_control,3,0.0005000000000000002,0.0,0.0005000000000000002,0.0005000000000000002,0.0025,0.0,0.0025,0.0025,0.005,0.0,0.005,0.005,0.00408918405180514,0.0,0.00408918405180514,0.00408918405180514,1000.5,0.0,1000.5,1000.5,1000.5,0.0,1000.5,1000.5,0.5,0.0,0.5,0.5
e5-small,microkey_perdoc,2000,int8,residual,residual_norm_nn,3,0.08133333333333333,0.004163331998932261,0.078,0.086,0.3176666666666667,0.011239810200058252,0.308,0.33,0.5266666666666667,0.019857828011475325,0.511,0.549,0.21417925937153734,0.0032608640968851215,0.21074571811419557,0.21723443594907177,9.666666666666666,0.5773502691896257,9.0,10.0,13.481333333333334,0.633610553363289,12.82,14.083,0.9942430666666667,0.000794186946400717,0.99336975,0.99492205
e5-small,microkey_perdoc,2000,int8,residual,residual_norm_rank_assignment,3,0.082,0.008660254037844387,0.077,0.092,,,,,,,,,,,,,,,,,,,,,,,,
e5-small,microkey_perdoc,2000,noise_0.01,full_server,combined_prefix_norm_nn,3,1.0,0.0,1.0,1.0,1.0,0.0,1.0,1.0,1.0,0.0,1.0,1.0,1.0,0.0,1.0,1.0,1.0,0.0,1.0,1.0,1.0,0.0,1.0,1.0,1.0,0.0,1.0,1.0
e5-small,microkey_perdoc,2000,noise_0.01,full_server,public_prefix_nn,3,1.0,0.0,1.0,1.0,1.0,0.0,1.0,1.0,1.0,0.0,1.0,1.0,1.0,0.0,1.0,1.0,1.0,0.0,1.0,1.0,1.0,0.0,1.0,1.0,1.0,0.0,1.0,1.0
e5-small,microkey_perdoc,2000,noise_0.01,residual,cell_label_chance_control,3,0.0005000000000000002,0.0,0.0005000000000000002,0.0005000000000000002,0.0025,0.0,0.0025,0.0025,0.005,0.0,0.005,0.005,0.00408918405180514,0.0,0.00408918405180514,0.00408918405180514,1000.5,0.0,1000.5,1000.5,1000.5,0.0,1000.5,1000.5,0.5,0.0,0.5,0.5
e5-small,microkey_perdoc,2000,noise_0.01,residual,residual_norm_nn,3,0.09066666666666667,0.013576941236277538,0.075,0.099,0.34366666666666673,0.011503622617824913,0.332,0.355,0.5693333333333332,0.0030550504633038962,0.566,0.572,0.22730948452800082,0.008958832113216006,0.21708522051585372,0.23378506506270522,9.0,0.0,9.0,9.0,11.816333333333333,0.17521510589367986,11.616,11.941,0.9949430666666667,0.0004156066118738817,0.99446425,0.9952103999999999
e5-small,microkey_perdoc,2000,noise_0.01,residual,residual_norm_rank_assignment,3,0.09700000000000002,0.009848857801796106,0.089,0.108,,,,,,,,,,,,,,,,,,,,,,,,
e5-small,microkey_perdoc,500,clean,full_server,combined_prefix_norm_nn,3,1.0,0.0,1.0,1.0,1.0,0.0,1.0,1.0,1.0,0.0,1.0,1.0,1.0,0.0,1.0,1.0,1.0,0.0,1.0,1.0,1.0,0.0,1.0,1.0,1.0,0.0,1.0,1.0
e5-small,microkey_perdoc,500,clean,full_server,public_prefix_nn,3,1.0,0.0,1.0,1.0,1.0,0.0,1.0,1.0,1.0,0.0,1.0,1.0,1.0,0.0,1.0,1.0,1.0,0.0,1.0,1.0,1.0,0.0,1.0,1.0,1.0,0.0,1.0,1.0
e5-small,microkey_perdoc,500,clean,residual,cell_label_chance_control,3,0.002000000000000001,0.0,0.002000000000000001,0.002000000000000001,0.01,0.0,0.01,0.01,0.02,0.0,0.02,0.02,0.013585646859981046,0.0,0.013585646859981046,0.013585646859981046,250.5,0.0,250.5,250.5,250.5,0.0,250.5,250.5,0.5,0.0,0.5,0.5
e5-small,microkey_perdoc,500,clean,residual,known_anchor_ip_0.01,3,0.00202020202020202,0.00202020202020202,0.0,0.00404040404040404,0.008754208754208756,0.0023327283603621247,0.006060606060606061,0.010101010101010102,0.01616161616161616,0.006060606060606061,0.010101010101010102,0.022222222222222223,0.013310225692068472,0.0017902049420297798,0.012084094441150623,0.015364570385268901,238.66666666666666,10.066445913694333,228.0,248.0,243.66734006734006,6.4016502353275415,238.6828282828283,250.8868686868687,0.5096894874672652,0.008500522733573832,0.49991633506785016,0.5153653708805224
e5-small,microkey_perdoc,500,clean,residual,known_anchor_ip_0.1,3,0.0014814814814814814,0.0012830005981991684,0.0,0.0022222222222222222,0.009629629629629629,0.0055924699520524075,0.0044444444444444444,0.015555555555555555,0.024444444444444446,0.01018350154434631,0.015555555555555555,0.035555555555555556,0.01426830252782535,0.0027891248641937535,0.011612123624144622,0.017173653128554796,221.16666666666666,7.421814692737439,213.0,227.5,223.32296296296295,1.9653546575723124,221.44666666666666,225.36666666666667,0.5568977777777778,0.0041667206800339845,0.5520987654320988,0.5595950617283951
e5-small,microkey_perdoc,500,clean,residual,raw_cross_key_cosine_control,3,0.0006666666666666666,0.0011547005383792516,0.0,0.002,0.012666666666666666,0.007571877794400364,0.004,0.018,0.021333333333333333,0.013316656236958786,0.006,0.03,0.013484167915083023,0.003043727894184134,0.009997842551278911,0.015612598149611398,248.5,13.45362404707371,237.5,263.5,249.2586666666667,6.028144103563988,243.776,255.714,0.5000141333333333,0.008623006970502403,0.4901722,0.5062422
e5-small,microkey_perdoc,500,clean,residual,residual_norm_nn,3,0.622,0.0020000000000000018,0.62,0.624,0.9979999999999999,0.0020000000000000018,0.996,1.0,1.0,0.0,1.0,1.0,0.7843460317460318,0.0009793136257740642,0.7835333333333333,0.7854333333333334,1.0,0.0,1.0,1.0,1.572,0.013114877048604014,1.558,1.584,0.9985819333333333,0.0006313886389010481,0.9981291999999999,0.9993032
e5-small,microkey_perdoc,500,clean,residual,residual_norm_rank_assignment,3,1.0,0.0,1.0,1.0,,,,,,,,,,,,,,,,,,,,,,,,
e5-small,microkey_perdoc,500,fp16,full_server,combined_prefix_norm_nn,3,1.0,0.0,1.0,1.0,1.0,0.0,1.0,1.0,1.0,0.0,1.0,1.0,1.0,0.0,1.0,1.0,1.0,0.0,1.0,1.0,1.0,0.0,1.0,1.0,1.0,0.0,1.0,1.0
e5-small,microkey_perdoc,500,fp16,full_server,public_prefix_nn,3,1.0,0.0,1.0,1.0,1.0,0.0,1.0,1.0,1.0,0.0,1.0,1.0,1.0,0.0,1.0,1.0,1.0,0.0,1.0,1.0,1.0,0.0,1.0,1.0,1.0,0.0,1.0,1.0
e5-small,microkey_perdoc,500,fp16,residual,cell_label_chance_control,3,0.002000000000000001,0.0,0.002000000000000001,0.002000000000000001,0.01,0.0,0.01,0.01,0.02,0.0,0.02,0.02,0.013585646859981046,0.0,0.013585646859981046,0.013585646859981046,250.5,0.0,250.5,250.5,250.5,0.0,250.5,250.5,0.5,0.0,0.5,0.5
e5-small,microkey_perdoc,500,fp16,residual,known_anchor_ip_0.01,3,0.00202020202020202,0.00202020202020202,0.0,0.00404040404040404,0.008754208754208756,0.0023327283603621247,0.006060606060606061,0.010101010101010102,0.01616161616161616,0.006060606060606061,0.010101010101010102,0.022222222222222223,0.013347369998596072,0.0017687341565829405,0.012092551908298986,0.015370305534664994,238.33333333333334,10.016652800877813,228.0,248.0,243.6653198653199,6.412336446373743,238.6727272727273,250.8969696969697,0.5096931605618474,0.008497727396814972,0.49992408937863486,0.515374757677788
e5-small,microkey_perdoc,500,fp16,residual,known_anchor_ip_0.1,3,0.0014814814814814814,0.0012830005981991684,0.0,0.0022222222222222222,0.009629629629629629,0.0055924699520524075,0.0044444444444444444,0.015555555555555555,0.024444444444444446,0.01018350154434631,0.015555555555555555,0.035555555555555556,0.014266700071624195,0.002788845909823666,0.011611784623359264,0.01717252070734048,221.16666666666666,7.421814692737439,213.0,227.5,223.32148148148147,1.9687262703514623,221.44222222222223,225.36888888888888,0.556897366255144,0.004174469258286111,0.5520896296296296,0.559601975308642
e5-small,microkey_perdoc,500,fp16,residual,residual_norm_nn,3,0.5953333333333334,0.01700980109623078,0.578,0.612,0.9946666666666667,0.0030550504633038962,0.992,0.998,1.0,0.0,1.0,1.0,0.7658904761904762,0.00727734502183958,0.7584857142857143,0.7730333333333334,1.0,0.0,1.0,1.0,1.641333333333333,0.007571877794400371,1.636,1.65,0.9982180666666666,0.0007318481354306325,0.9974628,0.9989239999999999
e5-small,microkey_perdoc,500,fp16,residual,residual_norm_rank_assignment,3,0.9466666666666667,0.0050332229568471705,0.942,0.952,,,,,,,,,,,,,,,,,,,,,,,,
e5-small,microkey_perdoc,500,int8,full_server,combined_prefix_norm_nn,3,1.0,0.0,1.0,1.0,1.0,0.0,1.0,1.0,1.0,0.0,1.0,1.0,1.0,0.0,1.0,1.0,1.0,0.0,1.0,1.0,1.0,0.0,1.0,1.0,1.0,0.0,1.0,1.0
e5-small,microkey_perdoc,500,int8,full_server,public_prefix_nn,3,1.0,0.0,1.0,1.0,1.0,0.0,1.0,1.0,1.0,0.0,1.0,1.0,1.0,0.0,1.0,1.0,1.0,0.0,1.0,1.0,1.0,0.0,1.0,1.0,1.0,0.0,1.0,1.0
e5-small,microkey_perdoc,500,int8,residual,cell_label_chance_control,3,0.002000000000000001,0.0,0.002000000000000001,0.002000000000000001,0.01,0.0,0.01,0.01,0.02,0.0,0.02,0.02,0.013585646859981046,0.0,0.013585646859981046,0.013585646859981046,250.5,0.0,250.5,250.5,250.5,0.0,250.5,250.5,0.5,0.0,0.5,0.5
e5-small,microkey_perdoc,500,int8,residual,known_anchor_ip_0.01,3,0.00202020202020202,0.00202020202020202,0.0,0.00404040404040404,0.008080808080808083,0.0020202020202020206,0.006060606060606061,0.010101010101010102,0.015488215488215488,0.007094716331887367,0.00808080808080808,0.022222222222222223,0.013312486216467016,0.0019872325539626256,0.011951114324305918,0.015592888747431933,239.33333333333334,11.060440015358038,229.0,251.0,243.75824915824919,6.405251879589831,238.7919191919192,250.9878787878788,0.5097264904941673,0.008414429839202923,0.5000387715539231,0.5152135496377921
e5-small,microkey_perdoc,500,int8,residual,known_anchor_ip_0.1,3,0.0014814814814814814,0.0012830005981991684,0.0,0.0022222222222222222,0.01037037037037037,0.004625924443258073,0.006666666666666667,0.015555555555555555,0.025185185185185185,0.010020555006273099,0.015555555555555555,0.035555555555555556,0.014242027382657335,0.002776918597060977,0.011601933324275823,0.017138051701302823,221.16666666666666,6.291528696058958,214.5,227.0,223.4325925925926,1.739326296897208,221.77333333333334,225.2422222222222,0.5567331687242799,0.004046733138990801,0.5520725925925927,0.5593555555555556
e5-small,microkey_perdoc,500,int8,residual,residual_norm_nn,3,0.24266666666666667,0.0070237691685684995,0.236,0.25,0.7326666666666667,0.020428737928059434,0.718,0.756,0.9313333333333333,0.006110100926607732,0.926,0.938,0.442090143517963,0.008258288119669792,0.4331550279497951,0.4494425071889468,3.0,0.0,3.0,3.0,4.349333333333334,0.12662279942148352,4.206,4.446,0.9930339333333332,0.0011662415244422227,0.9916879999999999,0.9937451999999999
e5-small,microkey_perdoc,500,int8,residual,residual_norm_rank_assignment,3,0.25533333333333336,0.025324559884296778,0.228,0.278,,,,,,,,,,,,,,,,,,,,,,,,
e5-small,microkey_perdoc,500,noise_0.01,full_server,combined_prefix_norm_nn,3,1.0,0.0,1.0,1.0,1.0,0.0,1.0,1.0,1.0,0.0,1.0,1.0,1.0,0.0,1.0,1.0,1.0,0.0,1.0,1.0,1.0,0.0,1.0,1.0,1.0,0.0,1.0,1.0
e5-small,microkey_perdoc,500,noise_0.01,full_server,public_prefix_nn,3,1.0,0.0,1.0,1.0,1.0,0.0,1.0,1.0,1.0,0.0,1.0,1.0,1.0,0.0,1.0,1.0,1.0,0.0,1.0,1.0,1.0,0.0,1.0,1.0,1.0,0.0,1.0,1.0
e5-small,microkey_perdoc,500,noise_0.01,residual,cell_label_chance_control,3,0.002000000000000001,0.0,0.002000000000000001,0.002000000000000001,0.01,0.0,0.01,0.01,0.02,0.0,0.02,0.02,0.013585646859981046,0.0,0.013585646859981046,0.013585646859981046,250.5,0.0,250.5,250.5,250.5,0.0,250.5,250.5,0.5,0.0,0.5,0.5
e5-small,microkey_perdoc,500,noise_0.01,residual,known_anchor_ip_0.01,3,0.00202020202020202,0.00202020202020202,0.0,0.00404040404040404,0.008080808080808083,0.0020202020202020206,0.006060606060606061,0.010101010101010102,0.015488215488215488,0.007094716331887367,0.00808080808080808,0.022222222222222223,0.013235265886184386,0.0017239076119191148,0.011976587580242375,0.015200140192584862,239.66666666666666,10.016652800877813,230.0,250.0,243.82020202020203,6.412133941799942,238.789898989899,251.04040404040404,0.5095674591028126,0.008577498193331786,0.4997045199469442,0.5152833384348536
e5-small,microkey_perdoc,500,noise_0.01,residual,known_anchor_ip_0.1,3,0.0014814814814814814,0.0012830005981991684,0.0,0.0022222222222222222,0.011111111111111112,0.0044444444444444444,0.006666666666666667,0.015555555555555555,0.024444444444444446,0.009686442096757052,0.017777777777777778,0.035555555555555556,0.01452422160836865,0.0025985694405728584,0.012101546709963435,0.017268708720832186,221.33333333333334,6.331139971074193,214.5,227.0,223.47037037037038,2.0285059068170734,221.52,225.5688888888889,0.5566674074074074,0.004283612588506669,0.5517360493827161,0.5594656790123457
e5-small,microkey_perdoc,500,noise_0.01,residual,residual_norm_nn,3,0.25066666666666665,0.03189566323708182,0.224,0.286,0.7766666666666667,0.009865765724632504,0.77,0.788,0.9526666666666666,0.007571877794400371,0.944,0.958,0.4655795770391746,0.021146865505077127,0.44810168050903343,0.4890861341273106,3.0,0.0,3.0,3.0,3.8653333333333335,0.07223111056416988,3.782,3.91,0.9949286666666667,0.0010345301220038101,0.9940132000000002,0.996051
e5-small,microkey_perdoc,500,noise_0.01,residual,residual_norm_rank_assignment,3,0.284,0.019287301521985895,0.262,0.298,,,,,,,,,,,,,,,,,,,,,,,,
