dataset,split,m,seed,k,ndcg_at_10,mrr_at_10,candidate_recall_at_k,reranked_recall_at_100,delta_ndcg10_vs_projected_exact,delta_ci95_low,delta_ci95_high,pq_search_mean_ms,rerank_p50_ms,code_bytes_per_doc,serialized_index_bytes
arguana,validation,32,42,20,0.36948249067811306,0.31078323764493976,0.6170212765957447,0.6170212765957447,-0.07837001512662714,-0.11101377651973417,-0.04717062219077471,0.02677269537556679,0.0398,32,965782
arguana,validation,32,42,50,0.410562330038701,0.34221687492964087,0.7553191489361702,0.7553191489361702,-0.03729017576603919,-0.06171111268433562,-0.014096995620606553,0.023480851520249185,0.042749999999999996,32,965782
arguana,validation,32,42,100,0.42337477893117337,0.35284532252617357,0.8226950354609929,0.8226950354609929,-0.024477726873566797,-0.04319602992141286,-0.007334979318085666,0.025860638298252796,0.058249999999999996,32,965782
arguana,validation,32,42,200,0.43640442469107665,0.36310086682427106,0.8865248226950354,0.8829787234042553,-0.011448081113663555,-0.02385386048556161,-0.0009573767928378398,0.03611631212584304,0.10455,32,965782
arguana,strict_confirmatory,32,42,20,0.3815608083422304,0.3190945743659267,0.6396797153024911,0.6396797153024911,-0.0602236288474471,-0.07498753194709473,-0.04615423050858543,0.025790080493041403,0.014,32,965782
arguana,strict_confirmatory,32,42,50,0.4100338940460039,0.34025129921482233,0.7669039145907474,0.7669039145907474,-0.03175054314367362,-0.04240585405059663,-0.021258808002946796,0.0228047363836255,0.039,32,965782
arguana,strict_confirmatory,32,42,100,0.4226793243568098,0.3485344998022934,0.8416370106761566,0.8416370106761566,-0.019105112832867584,-0.02767665018673062,-0.010845632738115717,0.02373092045459873,0.0354,32,965782
arguana,strict_confirmatory,32,42,200,0.43459250024720164,0.358419476924815,0.8941281138790036,0.891459074733096,-0.00719193694247581,-0.012429723762468831,-0.002493011646313071,0.025388382298670464,0.07,32,965782
arguana,validation,48,42,20,0.4152612817546674,0.3477836879432624,0.6843971631205674,0.6843971631205674,-0.03259122405007279,-0.05796482195559116,-0.0076991599653609185,0.03582765909691229,0.0144,48,1104566
arguana,validation,48,42,50,0.4330034234872038,0.3600965327029157,0.7943262411347518,0.7943262411347518,-0.014849082317536457,-0.03510129813103835,0.004001497375415506,0.04485815661094079,0.0196,48,1104566
arguana,validation,48,42,100,0.4334373360449248,0.35931836091410563,0.8652482269503546,0.8652482269503546,-0.014415169759815346,-0.03201708989567915,0.0011694332560586549,0.04017021232912092,0.05265,48,1104566
arguana,validation,48,42,200,0.44447983827099186,0.36734492851514133,0.9148936170212766,0.9148936170212766,-0.003372667533748292,-0.015730508865843304,0.006959714406881276,0.041450354838677754,0.0599,48,1104566
arguana,strict_confirmatory,48,42,20,0.40851595835007515,0.3423226289329492,0.6725978647686833,0.6725978647686833,-0.03326847883960233,-0.04604243006023545,-0.021053722503023356,0.037318498805045446,0.0119,48,1104566
arguana,strict_confirmatory,48,42,50,0.43006180948698236,0.35526217307800934,0.8113879003558719,0.8113879003558719,-0.011722627702695127,-0.01950725055789958,-0.004438314238132697,0.03860241290717864,0.017,48,1104566
arguana,strict_confirmatory,48,42,100,0.43664782240846184,0.35958806416991473,0.8665480427046264,0.8665480427046264,-0.005136614781215626,-0.010850929000206691,-9.076518356196591e-05,0.039718856026316134,0.0355,48,1104566
arguana,strict_confirmatory,48,42,200,0.4414248040265268,0.36392701801954475,0.9145907473309609,0.9128113879003559,-0.00035963316315074204,-0.0024556791338640215,0.0016640374793262483,0.04382100092768137,0.0592,48,1104566
arguana,validation,84,42,20,0.440135274314259,0.36690588765056853,0.7446808510638298,0.7446808510638298,-0.007717231490481188,-0.02300339987873857,0.00709585552854975,0.08533794287565752,0.0126,84,1416830
arguana,validation,84,42,50,0.4469769000118961,0.3704787234042553,0.8546099290780141,0.8546099290780141,-0.0008756057928440733,-0.009665519107696006,0.007496947655863761,0.07579503547902225,0.0206,84,1416830
arguana,validation,84,42,100,0.4474346422636028,0.3709698300123832,0.8900709219858156,0.8900709219858156,-0.00041786354113734374,-0.005858664611339202,0.004511627351224767,0.08190602827024587,0.0336,84,1416830
arguana,validation,84,42,200,0.44714693841347763,0.3706588427333108,0.950354609929078,0.950354609929078,-0.000705567391262478,-0.005319148936170213,0.0032024467623827787,0.07170921931347103,0.0664,84,1416830
arguana,strict_confirmatory,84,42,20,0.42618577707376076,0.35522051347229283,0.7206405693950177,0.7206405693950177,-0.015598660115916697,-0.02360202095881347,-0.007996334733799912,0.06164691678953288,0.0132,84,1416830
arguana,strict_confirmatory,84,42,50,0.4353163829554822,0.3600307857425295,0.8247330960854092,0.8247330960854092,-0.006468054234195245,-0.011395277676069945,-0.001806590703230058,0.07312609464549347,0.0381,84,1416830
arguana,strict_confirmatory,84,42,100,0.4396303327901209,0.36267970118059084,0.905693950177936,0.905693950177936,-0.0021541043995565302,-0.004544870017680346,-5.320622994957015e-05,0.07337006266704087,0.0444,84,1416830
arguana,strict_confirmatory,84,42,200,0.44146061249798724,0.36352066034005537,0.9466192170818505,0.9421708185053381,-0.0003238246916902605,-0.001576650063973091,0.0008925405031083727,0.08106005350602216,0.0503,84,1416830
arguana,validation,96,42,20,0.43262112935190883,0.36248170663064283,0.75177304964539,0.75177304964539,-0.015231376452831392,-0.029797118839633686,-0.0016174713670366442,0.10707269501971438,0.0269,96,1520918
arguana,validation,96,42,50,0.4477387588847941,0.3714384217043792,0.8581560283687943,0.8581560283687943,-0.00011374691994611423,-0.006042180477965776,0.00541578059773022,0.08996985753641483,0.0338,96,1520918
arguana,validation,96,42,100,0.45195271610712157,0.3728653045142407,0.9184397163120568,0.9184397163120568,0.004100210302381388,0.001025052575595347,0.008200420604762776,0.09300851045136756,0.05085,96,1520918
arguana,validation,96,42,200,0.44990261095593087,0.3721560846560847,0.950354609929078,0.9397163120567376,0.002050105151190694,0.0,0.005125262877976736,0.09632517719073287,0.09684999999999999,96,1520918
arguana,strict_confirmatory,96,42,20,0.43259666951424663,0.3575562757724679,0.7357651245551602,0.7357651245551602,-0.009187767675430817,-0.015874407345756986,-0.0027270121874257785,0.08178355673309731,0.0123,96,1520918
arguana,strict_confirmatory,96,42,50,0.4381487139162407,0.3618048494605435,0.8469750889679716,0.8469750889679716,-0.0036357232734367606,-0.006616122493945155,-0.0008743093855724038,0.0904745308281163,0.02,96,1520918
arguana,strict_confirmatory,96,42,100,0.4409875147767023,0.3634034485680393,0.9048042704626335,0.9048042704626335,-0.0007969224129751853,-0.0025429500546695805,0.000863310273470676,0.08999919572926665,0.0366,96,1520918
arguana,strict_confirmatory,96,42,200,0.44147305922836544,0.36353937185787716,0.947508896797153,0.9377224199288257,-0.00031137796131201,-0.001387842112851177,0.0006549711758348674,0.09106577293309812,0.0548,96,1520918
fiqa,validation,32,42,20,0.2313370957322879,0.31971746031746034,0.24337046287046285,0.24337046287046285,-0.1622728203710527,-0.18908186375928168,-0.1369118153740531,0.09871979989111423,0.03435,32,2532630
fiqa,validation,32,42,50,0.2768528036882976,0.36463253968253967,0.31614335664335663,0.31614335664335663,-0.11675711241504294,-0.1410492525372663,-0.09341441477587734,0.08812560001388192,0.05445,32,2532630
fiqa,validation,32,42,100,0.3142660111942456,0.3986428571428572,0.4129075202575202,0.4129075202575202,-0.07934390490909504,-0.10128730223212967,-0.0586446316210454,0.11652699997648597,0.05395,32,2532630
fiqa,validation,32,42,200,0.3433148322327738,0.4292563492063492,0.5029263958263959,0.49628902208902204,-0.05029508387056679,-0.06893394723521162,-0.03252727050868929,0.10507919965311885,0.104,32,2532630
fiqa,strict_confirmatory,32,42,20,0.18691937725176663,0.2823492308446012,0.186856010930085,0.186856010930085,-0.19319974389206215,-0.21646762686497623,-0.17061259763150077,0.08690848775541433,0.0252,32,2532630
fiqa,strict_confirmatory,32,42,50,0.23439889855485976,0.3338979521849892,0.2764276875387987,0.2764276875387987,-0.14572022258896902,-0.1678703182618697,-0.12427128092040311,0.08987021570691815,0.0464,32,2532630
fiqa,strict_confirmatory,32,42,100,0.2915032552962255,0.38752388300999413,0.37900757078997815,0.37900757078997815,-0.08861586584760325,-0.10666105173273621,-0.07111537667422013,0.09652006189787278,0.0658,32,2532630
fiqa,strict_confirmatory,32,42,200,0.3225784642388977,0.4157946306094455,0.4929703312805165,0.48507424074553707,-0.05754065690493107,-0.07334604474179048,-0.04253110075691646,0.08707222231249842,0.0754,32,2532630
fiqa,validation,48,42,20,0.2942661334645305,0.3880873015873016,0.31014109779109783,0.31014109779109783,-0.09934378263881004,-0.121735231578921,-0.07758700672970435,0.16842140024527907,0.0256,48,3454838
fiqa,validation,48,42,50,0.33834009264509074,0.4301817460317461,0.40640208680208684,0.40640208680208684,-0.0552698234582498,-0.07409550081985032,-0.0372052518359153,0.18162119993939996,0.0262,48,3454838
fiqa,validation,48,42,100,0.3550859060429082,0.43688888888888894,0.47782803307803307,0.47782803307803307,-0.03852401006043236,-0.05514303371014168,-0.02266394021622999,0.19022460002452135,0.06675,48,3454838
fiqa,validation,48,42,200,0.36423414738760174,0.44638968253968253,0.5545376512376513,0.5420447219447219,-0.02937576871573881,-0.04352012742828847,-0.015875017607538552,0.18534139962866902,0.0778,48,3454838
fiqa,strict_confirmatory,48,42,20,0.2735627415562266,0.3767795904369978,0.29013085679752343,0.29013085679752343,-0.10655637958760211,-0.12599998782584715,-0.08787138530071903,0.17296466049393294,0.0139,48,3454838
fiqa,strict_confirmatory,48,42,50,0.31302378700681704,0.4098281648050167,0.3842766801100135,0.3842766801100135,-0.06709533413701174,-0.0833193351266878,-0.05193691173083099,0.18512160462660737,0.0394,48,3454838
fiqa,strict_confirmatory,48,42,100,0.3438579235170383,0.4374712179110328,0.46675309858180225,0.46675309858180225,-0.03626119762679048,-0.04892581400092331,-0.024377243314889985,0.18012206778677617,0.0643,48,3454838
fiqa,strict_confirmatory,48,42,200,0.3573194906413681,0.44501028806584364,0.5404534851294109,0.530368212891361,-0.022799630502460685,-0.03298358734697816,-0.013348418218718261,0.18403472207820065,0.07405,48,3454838
fiqa,validation,84,17,20,0.35424631355878833,0.44075952380952377,0.41189891219891217,0.41189891219891217,-0.039363602544552324,-0.05460986279306631,-0.025342151324805526,0.3702484001405537,0.0152,84,5529806
fiqa,validation,84,17,50,0.3758739311147589,0.4568261904761905,0.5009472027972027,0.5009472027972027,-0.017735984988581647,-0.02777088479190048,-0.008331523360019898,0.39040839998051524,0.0221,84,5529806
fiqa,validation,84,17,100,0.3786415167805044,0.46036507936507937,0.5785534299034298,0.5785534299034298,-0.014968399322836183,-0.023509598444349623,-0.007065197857914607,0.3745047999545932,0.06655,84,5529806
fiqa,validation,84,17,200,0.3869335104607129,0.46746190476190475,0.6539142468642469,0.6441715118215118,-0.006676405642627651,-0.01222011564428662,-0.0016407986469994798,0.3895197999663651,0.0713,84,5529806
fiqa,strict_confirmatory,84,17,20,0.3330602188953948,0.4273044042719968,0.38903906878443917,0.38903906878443917,-0.04705890224843401,-0.060298686071196934,-0.03464803946986377,0.3700455248982496,0.01345,84,5529806
fiqa,strict_confirmatory,84,17,50,0.3584343229816499,0.44529014795218497,0.5015488840720321,0.5015488840720321,-0.021684798162178862,-0.03158932136801718,-0.012255843344441858,0.3750891975173152,0.0174,84,5529806
fiqa,strict_confirmatory,84,17,100,0.3697708681937327,0.45177469135802467,0.5835992496872127,0.5835992496872127,-0.010348252950096015,-0.017809827377611463,-0.0032492002501548554,0.37846481499411627,0.0343,84,5529806
fiqa,strict_confirmatory,84,17,200,0.37543636038117917,0.45422055653537136,0.6542720439711179,0.6337161209846395,-0.004682760762649581,-0.010201643175480625,0.0004362926718467378,0.37998996925091855,0.0642,84,5529806
fiqa,validation,84,2026,20,0.346252395003,0.4393015873015873,0.39119884004884004,0.39119884004884004,-0.04735752110034061,-0.06391795645725953,-0.03194711993601205,0.349584000185132,0.0149,84,5529806
fiqa,validation,84,2026,50,0.3720760654758761,0.45747301587301586,0.4957533078033078,0.4957533078033078,-0.021533850627464452,-0.0332697617552282,-0.010671548631133829,0.37755739968270063,0.02375,84,5529806
fiqa,validation,84,2026,100,0.3803109499033361,0.46345,0.5611293761793761,0.5611293761793761,-0.013298966200004463,-0.022624297997076857,-0.004945813376636298,0.38708140002563596,0.042,84,5529806
fiqa,validation,84,2026,200,0.3870329659096544,0.46638571428571424,0.6435069819069819,0.6239403152403151,-0.006576950193686153,-0.013825947421661324,-0.00014160357755461974,0.40195060009136796,0.07775,84,5529806
fiqa,strict_confirmatory,84,2026,20,0.3375113224787323,0.42245921516754853,0.4040181140875585,0.4040181140875585,-0.04260779866509652,-0.056214337840343236,-0.029540590410501676,0.35450725282979323,0.015,84,5529806
fiqa,strict_confirmatory,84,2026,50,0.3616062813933085,0.4418007789535567,0.4940196677465196,0.4940196677465196,-0.018512839750520257,-0.028196642400659718,-0.009266505046032089,0.3658123458103265,0.0214,84,5529806
fiqa,strict_confirmatory,84,2026,100,0.3680338175553407,0.4469999265138154,0.5634689727282319,0.5634689727282319,-0.012085303588488097,-0.019727549835972406,-0.005078986228152624,0.3813339507259015,0.0339,84,5529806
fiqa,strict_confirmatory,84,2026,200,0.37386191889906323,0.4515983245149912,0.6426911779921038,0.6277698082096231,-0.0062572022447655445,-0.011687102832673234,-0.0016636394719129555,0.3604739196569785,0.07925,84,5529806
fiqa,validation,84,42,20,0.34332849328023307,0.43821666666666664,0.3842551892551893,0.3842551892551893,-0.05028142282310745,-0.06641446979009993,-0.03455412013872785,0.372068400029093,0.0155,84,5529806
fiqa,validation,84,42,50,0.37419799445548707,0.4627880952380953,0.4979050172050172,0.4979050172050172,-0.019411921647853547,-0.03046645843022767,-0.009192789407841562,0.37528060004115105,0.0338,84,5529806
fiqa,validation,84,42,100,0.38287143356404624,0.46988571428571424,0.5778112443112443,0.5778112443112443,-0.010738482539294313,-0.019659501515302092,-0.0023988861870416016,0.3839651998132467,0.06434999999999999,84,5529806
fiqa,validation,84,42,200,0.3910953713985992,0.4743468253968254,0.6664565545565545,0.6476915972915974,-0.0025145447047413717,-0.008255856219580637,0.0028115603892680924,0.387729000300169,0.0701,84,5529806
fiqa,strict_confirmatory,84,42,20,0.330784610952759,0.42812071330589846,0.38735089070737216,0.38735089070737216,-0.04933451019106976,-0.06361154903802806,-0.03616861083244358,0.36518811751272023,0.0134,84,5529806
fiqa,strict_confirmatory,84,42,50,0.35407647533489345,0.44012161963550855,0.49025652416856114,0.49025652416856114,-0.02604264580893536,-0.03713155438192313,-0.015574661544514135,0.37042191359904353,0.0209,84,5529806
fiqa,strict_confirmatory,84,42,100,0.3670840534072969,0.45079916225749556,0.5616421344430603,0.5616421344430603,-0.013035067736531902,-0.02121444464859038,-0.005472170874999354,0.376641512474758,0.0303,84,5529806
fiqa,strict_confirmatory,84,42,200,0.3713211654746961,0.4503306878306878,0.6413231658602029,0.6252995033087626,-0.008797955669132643,-0.015837828608628035,-0.0027703954382023053,0.3718612654519808,0.0646,84,5529806
fiqa,validation,96,17,20,0.3549494240077945,0.4497960317460318,0.40650062160062156,0.40650062160062156,-0.0386604920955461,-0.0534132265325581,-0.024791888308431338,0.45185580011457205,0.0188,96,6221462
fiqa,validation,96,17,50,0.38010201094413926,0.46756507936507935,0.5088806582306582,0.5088806582306582,-0.013507905159201297,-0.02264820679207442,-0.005005086637647979,0.46668480010703206,0.0251,96,6221462
fiqa,validation,96,17,100,0.3888057338496114,0.4715761904761905,0.5890305361305361,0.5890305361305361,-0.00480418225372912,-0.011252607412058697,0.0009604023134969233,0.46865539997816086,0.04915,96,6221462
fiqa,validation,96,17,200,0.39224621665147325,0.47146031746031747,0.6700113164613165,0.6585113164613164,-0.0013636994518673572,-0.004809060431144479,0.0019394652639532302,0.43858360033482313,0.0702,96,6221462
fiqa,strict_confirmatory,96,17,20,0.3488142713682038,0.43466527042915937,0.41571646374887117,0.41571646374887117,-0.031304849775625004,-0.04441937787785554,-0.0193065460561367,0.4082753087313455,0.0104,96,6221462
fiqa,strict_confirmatory,96,17,50,0.3680383495960613,0.4525462962962963,0.5075085751011676,0.5075085751011676,-0.012080771547767504,-0.02129492534917602,-0.003502251808041264,0.43039753088831073,0.02035,96,6221462
fiqa,strict_confirmatory,96,17,100,0.3747463528039446,0.4545340975896532,0.5833138226656744,0.5833138226656744,-0.005372768339884221,-0.011744262802660582,0.0003148753053142912,0.4226461417231433,0.0305,96,6221462
fiqa,strict_confirmatory,96,17,200,0.3789261217360034,0.4569138252008622,0.6738455131973651,0.647058055970093,-0.0011929994078253843,-0.005690286688542861,0.002328008517549445,0.44728950618904223,0.0576,96,6221462
fiqa,validation,96,2026,20,0.35993308191083495,0.44925873015873014,0.41679725274725277,0.41679725274725277,-0.033676834192505625,-0.047506124595398116,-0.020651692990094117,0.45292779989540577,0.0246,96,6221462
fiqa,validation,96,2026,50,0.3815341228638031,0.4668507936507937,0.5232018426018425,0.5232018426018425,-0.0120757932395374,-0.021253755142502516,-0.0033394719812384712,0.47341159963980317,0.0366,96,6221462
fiqa,validation,96,2026,100,0.390108511467237,0.47231825396825394,0.609489022089022,0.609489022089022,-0.0035014046361035145,-0.010449459097274657,0.002574323185579328,0.4504773998633027,0.0366,96,6221462
fiqa,validation,96,2026,200,0.3892144782212464,0.47006904761904766,0.6794025363525363,0.6580247585747586,-0.004395437882094186,-0.010608372312193482,0.0009269699243333136,0.449435000307858,0.06315000000000001,96,6221462
fiqa,strict_confirmatory,96,2026,20,0.34182250064758457,0.4293736527532824,0.41411021677225385,0.41411021677225385,-0.03829662049624421,-0.051690091664308414,-0.025733906407647545,0.41756141976809796,0.0133,96,6221462
fiqa,strict_confirmatory,96,2026,50,0.36552894421054216,0.4450109004507153,0.5277735210605581,0.5277735210605581,-0.01459017693328665,-0.023998562757712262,-0.005608413699160402,0.4004862656770849,0.0211,96,6221462
fiqa,strict_confirmatory,96,2026,100,0.3737474700165868,0.45062218302959045,0.5950808536456684,0.5950808536456684,-0.006371651127241984,-0.012829432386911619,-0.00012923448555007247,0.4409354939671624,0.0595,96,6221462
fiqa,strict_confirmatory,96,2026,200,0.37780428869802907,0.4525824270037233,0.6601735969791526,0.6452081354859133,-0.002314832445799694,-0.006514067754715926,0.0018039088900483728,0.4372890430709554,0.0641,96,6221462
fiqa,validation,96,42,20,0.3479361412314916,0.44206190476190477,0.4134028083028083,0.4134028083028083,-0.04567377487184896,-0.062052994317842454,-0.030159051986517017,0.47068759985268116,0.0146,96,6221462
fiqa,validation,96,42,50,0.38152658794059,0.4668833333333333,0.5286107670107669,0.5286107670107669,-0.01208332816275053,-0.02221337921345978,-0.0023386678583410254,0.49122400023043156,0.0212,96,6221462
fiqa,validation,96,42,100,0.3875150609258211,0.4718301587301587,0.5961669941169941,0.5961669941169941,-0.006094855177519487,-0.012244093108641515,-8.674590240856545e-05,0.4249602002091706,0.0532,96,6221462
fiqa,validation,96,42,200,0.39074607151615975,0.4723063492063492,0.6710364690864691,0.6504809135309135,-0.002863844587180843,-0.0071543177030917535,0.0011569681906834816,0.45356500009074807,0.0637,96,6221462
fiqa,strict_confirmatory,96,42,20,0.3493219938393747,0.4403751469723692,0.4175003237503238,0.4175003237503238,-0.030797127304454094,-0.04331572498285713,-0.019037897715789166,0.418677160381282,0.0133,96,6221462
fiqa,strict_confirmatory,96,42,50,0.36140180600325716,0.4442362335880854,0.509341575776761,0.509341575776761,-0.01871731514057161,-0.02786547941448934,-0.009879873006919442,0.4273040125284482,0.0206,96,6221462
fiqa,strict_confirmatory,96,42,100,0.377736190922918,0.4552426268861455,0.5896129633398152,0.5896129633398152,-0.002382930220910819,-0.008596901150332402,0.0034602881786407816,0.4278850309797965,0.03065,96,6221462
fiqa,strict_confirmatory,96,42,200,0.3807978035611172,0.45627204585537917,0.6737784335006557,0.6523946603807714,0.0006786824172884227,-0.002227654845981636,0.0035391854502484304,0.42167453693202983,0.07205,96,6221462
nfcorpus,validation,32,42,20,0.25785869906598263,0.4809609543405839,0.1212351079833992,0.1212351079833992,-0.052065919907863425,-0.06801361091079089,-0.036745404135425964,0.019047530741649277,0.03055,32,804470
nfcorpus,validation,32,42,50,0.28437866221400326,0.4892146776406035,0.17799641200754904,0.17799641200754904,-0.025545956759842815,-0.03761630752328648,-0.014395580170190797,0.018746913324489637,0.03745,32,804470
nfcorpus,validation,32,42,100,0.29745253274525685,0.49492087987458355,0.23871787817092285,0.23871787817092285,-0.01247208622858922,-0.021076797007320673,-0.004820498551030279,0.0197404318627108,0.0484,32,804470
nfcorpus,validation,32,42,200,0.30665336996317305,0.5101619145600628,0.3100855385874632,0.26247918686670235,-0.0032712490106730167,-0.007649438214923232,0.000566337463115113,0.021881789664657397,0.0895,32,804470
nfcorpus,strict_confirmatory,32,42,20,0.27253646973994045,0.46325495110324827,0.13249025641597248,0.13249025641597248,-0.054493845468092654,-0.07041188090972603,-0.03974008901282436,0.017320433049102316,0.0231,32,804470
nfcorpus,strict_confirmatory,32,42,50,0.30391650517955093,0.5021303258145363,0.18759759126955192,0.18759759126955192,-0.023113810028482187,-0.03480790515690091,-0.012708871439808188,0.01954179525306166,0.0341,32,804470
nfcorpus,strict_confirmatory,32,42,100,0.314462392709438,0.514156715317706,0.2449591597908943,0.2449591597908943,-0.012567922498595127,-0.022229390433234894,-0.004477740721897228,0.020443653578267378,0.0497,32,804470
nfcorpus,strict_confirmatory,32,42,200,0.32163656616449776,0.520249152292496,0.3016848448911477,0.25656543271590304,-0.005393749043535322,-0.01356918866190077,0.000834514889594004,0.021414241635301166,0.0922,32,804470
nfcorpus,validation,48,42,20,0.2790937660778882,0.49791176758769357,0.13276063944496752,0.13276063944496752,-0.030830852895957838,-0.04299637858704324,-0.019252862215762948,0.023195370571848787,0.0122,48,862598
nfcorpus,validation,48,42,50,0.3005723843660994,0.5030153831079757,0.19948419078347188,0.19948419078347188,-0.009352234607746684,-0.016108339533906273,-0.0031359322702139737,0.030257407127431146,0.0174,48,862598
nfcorpus,validation,48,42,100,0.3037657538038673,0.5050827944346463,0.25480306925457585,0.25480306925457585,-0.006158865169978774,-0.01070745648027873,-0.001949383213013975,0.025666666642567258,0.028,48,862598
nfcorpus,validation,48,42,200,0.30707237163917783,0.5066517244757985,0.3179960577474432,0.27106856959147124,-0.002852247334668236,-0.005639188021107423,-0.00028559485041078445,0.02666697535594856,0.055349999999999996,48,862598
nfcorpus,strict_confirmatory,48,42,20,0.2953068531581186,0.49174038036267137,0.14773283205594512,0.14773283205594512,-0.031723462049914525,-0.043748257237472,-0.02095709895044561,0.03069938065328465,0.0254,48,862598
nfcorpus,strict_confirmatory,48,42,50,0.3120232389005635,0.5038527691778466,0.19328318552937254,0.19328318552937254,-0.015007076307469584,-0.025415188657082297,-0.006032477798478406,0.025050464481253743,0.0174,48,862598
nfcorpus,strict_confirmatory,48,42,100,0.31579152963728807,0.5112106246007175,0.2393829967164884,0.2393829967164884,-0.011238785570745013,-0.020612996532918027,-0.003673083433951724,0.025715479979020524,0.0281,48,862598
nfcorpus,strict_confirmatory,48,42,200,0.3228592340816159,0.5175954592363261,0.3124206715034596,0.26720878226802725,-0.004171081126417251,-0.009195284485884973,-9.451547940756291e-05,0.02770681127375309,0.0557,48,862598
nfcorpus,validation,84,42,20,0.29914049559987754,0.4942962473055066,0.15383923780643682,0.15383923780643682,-0.01078412337396851,-0.01934431073012268,-0.002927582032189148,0.0346975306186963,0.0252,84,993386
nfcorpus,validation,84,42,50,0.30554522451060573,0.5058225553595924,0.2110881652091778,0.2110881652091778,-0.004379394463240354,-0.008005216572603618,-0.001004893513766854,0.049686419380897726,0.0337,84,993386
nfcorpus,validation,84,42,100,0.3074915557765522,0.5061189496374682,0.2607794589220506,0.2607794589220506,-0.0024330631972938575,-0.0045077889129185806,-0.0007011652528319338,0.03879753093775592,0.0287,84,993386
nfcorpus,validation,84,42,200,0.3078603902829258,0.5055543307858124,0.3287967172292102,0.27727499000294836,-0.0020642286909202893,-0.0039202882656575065,-0.0006161901839922487,0.03995864154816962,0.0547,84,993386
nfcorpus,strict_confirmatory,84,42,20,0.32182909216745936,0.5115632217799401,0.1742607161607014,0.1742607161607014,-0.005201223040573781,-0.010797156755830869,-6.6306551746060336e-06,0.03911795717413211,0.0128,84,993386
nfcorpus,strict_confirmatory,84,42,50,0.3264640807405152,0.5189210772028109,0.2139133032134769,0.2139133032134769,-0.0005662344675178795,-0.004159957661012446,0.002864668948120923,0.03523684262468165,0.0186,84,993386
nfcorpus,strict_confirmatory,84,42,100,0.3264564330387963,0.5214961423165757,0.26048352388627893,0.26048352388627893,-0.0005738821692368642,-0.0026583514801314504,0.0014142988921268306,0.03887337471009592,0.0516,84,993386
nfcorpus,strict_confirmatory,84,42,200,0.3267357717745291,0.5210563172637476,0.3333620259259386,0.28525221607601375,-0.00029454343350394246,-0.0013956987200956256,0.0005867403301696196,0.04083312681700239,0.0554,84,993386
nfcorpus,validation,96,42,20,0.29815704243336394,0.4983992259455222,0.1594354478990363,0.1594354478990363,-0.011767576540482147,-0.018312028201537083,-0.005618366817904457,0.04868395051654474,0.02635,96,1036982
nfcorpus,validation,96,42,50,0.30752181256405586,0.5070154810895552,0.21952287402154094,0.21952287402154094,-0.0024028064097901787,-0.005129247036539995,0.0003082385024722199,0.05560925943248066,0.0238,96,1036982
nfcorpus,validation,96,42,100,0.3101654350824232,0.5076940035273368,0.26436038164433145,0.26436038164433145,0.0002408161085771522,-0.0012924099151432947,0.001694172637009843,0.05704259290072469,0.0536,96,1036982
nfcorpus,validation,96,42,200,0.31004761312301976,0.5070718204977465,0.3302577110191441,0.28427433400126684,0.0001229941491736961,-0.0006697487976877794,0.0008426624440201141,0.05904104945790253,0.12445,96,1036982
nfcorpus,strict_confirmatory,96,42,20,0.31992198335211136,0.5201090962700871,0.17183365670370043,0.17183365670370043,-0.0071083318559217795,-0.011870440880217636,-0.0024594968885488667,0.048109597667774916,0.0256,96,1036982
nfcorpus,strict_confirmatory,96,42,50,0.3268710479526503,0.5235920684063099,0.21768279708722038,0.21768279708722038,-0.00015926725538277067,-0.0028057951455369066,0.0025461704384085798,0.06448854504862436,0.0371,96,1036982
nfcorpus,strict_confirmatory,96,42,100,0.32721411757019464,0.5224409061870362,0.26466784483174677,0.26466784483174677,0.00018380236216148526,-0.001645045139007924,0.0020056622909360652,0.06253405577926997,0.0556,96,1036982
nfcorpus,strict_confirmatory,96,42,200,0.3265111530377108,0.5207467197405278,0.3251475515246245,0.283514474646691,-0.0005191621703223638,-0.0014015446191948072,2.950772584261528e-05,0.0678427249262392,0.1052,96,1036982
scidocs,validation,32,42,20,0.1305835242692676,0.280609126984127,0.1275,0.1275,-0.06850384890303576,-0.08778764416789381,-0.04961406308244491,0.06254799896851182,0.0675,32,1509238
scidocs,validation,32,42,50,0.1580327297092777,0.3077539682539683,0.20766666666666667,0.20766666666666667,-0.04105464346302565,-0.057983488535624225,-0.02504049764241123,0.06997249904088676,0.08405,32,1509238
scidocs,validation,32,42,100,0.17086241310124667,0.32464285714285707,0.2814166666666667,0.2814166666666667,-0.02822496007105668,-0.041506583525111274,-0.016306264273422397,0.06608900032006204,0.10105,32,1509238
scidocs,validation,32,42,200,0.17593712456720495,0.3252202380952381,0.3652500000000001,0.3453333333333333,-0.02315024860509842,-0.03340652320417324,-0.013515541275204643,0.07546599954366684,0.10325000000000001,32,1509238
scidocs,strict_confirmatory,32,42,20,0.11930012578299597,0.24258630952380955,0.125625,0.125625,-0.04683993313474523,-0.05561188715274677,-0.03825218664397879,0.055361750128213316,0.0151,32,1509238
scidocs,strict_confirmatory,32,42,50,0.1384827311158334,0.27133482142857146,0.19504166666666667,0.19504166666666667,-0.027657327801907786,-0.03493593539408918,-0.020515341266865463,0.05862612510100007,0.0251,32,1509238
scidocs,strict_confirmatory,32,42,100,0.1502333199653022,0.2855481150793651,0.2577708333333334,0.2577708333333334,-0.015906738952439003,-0.02208590230939572,-0.010050170902849787,0.06007137504639104,0.0442,32,1509238
scidocs,strict_confirmatory,32,42,200,0.15757275312797828,0.29543055555555553,0.3397916666666667,0.3075833333333334,-0.008567305789762898,-0.013312869064447282,-0.004225486480158756,0.06293062499025837,0.08324999999999999,32,1509238
scidocs,validation,48,42,20,0.14954242752774694,0.2883452380952381,0.16574999999999998,0.16574999999999998,-0.04954494564455641,-0.06814103419845054,-0.03165184511219273,0.09356749942526221,0.0138,48,1919750
scidocs,validation,48,42,50,0.17034173774000075,0.31746626984126985,0.23975000000000002,0.23975000000000002,-0.028745635432302623,-0.04272081842144023,-0.015912009261697446,0.09192249970510602,0.022150000000000003,48,1919750
scidocs,validation,48,42,100,0.17947951100674372,0.3253531746031746,0.3044166666666667,0.3044166666666667,-0.0196078621655596,-0.0302470943518908,-0.00983329071394348,0.10804099962115288,0.0875,48,1919750
scidocs,validation,48,42,200,0.18601643682009394,0.32703769841269836,0.3928333333333333,0.37016666666666664,-0.013070936352209421,-0.021531830509643655,-0.005302100818330056,0.1010149996727705,0.0831,48,1919750
scidocs,strict_confirmatory,48,42,20,0.13941887639397882,0.2741592261904762,0.1479375,0.1479375,-0.026721182523762373,-0.03389726175655052,-0.019680459425634084,0.09195449994876981,0.0135,48,1919750
scidocs,strict_confirmatory,48,42,50,0.15258845251618353,0.2879776785714286,0.21310416666666668,0.21310416666666668,-0.013551606401557628,-0.019280887987015927,-0.008091376610522252,0.09265887492801994,0.0223,48,1919750
scidocs,strict_confirmatory,48,42,100,0.15798720210513426,0.29306498015873017,0.28150000000000003,0.28150000000000003,-0.008152856812606945,-0.012627934254540979,-0.0039016045021491273,0.08988912508357316,0.0359,48,1919750
scidocs,strict_confirmatory,48,42,200,0.16141804604984394,0.30028670634920634,0.3536666666666667,0.32250000000000006,-0.004722012867897232,-0.008090820911066995,-0.0014553453456693521,0.09809912502532825,0.069,48,1919750
scidocs,validation,84,42,20,0.17883103666729977,0.32974801587301583,0.2059166666666667,0.2059166666666667,-0.020256336505003598,-0.03194081757578126,-0.009424032700295472,0.20315749919973314,0.0259,84,2843402
scidocs,validation,84,42,50,0.19679743749604509,0.3428888888888889,0.30866666666666664,0.30866666666666664,-0.0022899356762582715,-0.007240392733439679,0.0022518229119567134,0.17329900059849024,0.042050000000000004,84,2843402
scidocs,validation,84,42,100,0.19724742307418983,0.3417440476190476,0.3771666666666667,0.3771666666666667,-0.0018399500981135393,-0.0052025313634953925,0.0007771701299074918,0.20304150064475834,0.06395,84,2843402
scidocs,validation,84,42,200,0.19862550395870557,0.34354166666666663,0.4598333333333333,0.42883333333333334,-0.0004618692135977772,-0.002574038010478014,0.0012410040879972815,0.21933650015853345,0.1382,84,2843402
scidocs,strict_confirmatory,84,42,20,0.15327603034748855,0.28704861111111113,0.17856249999999999,0.17856249999999999,-0.012864028570252652,-0.018356108162378634,-0.007608809073483896,0.1758229997358285,0.0276,84,2843402
scidocs,strict_confirmatory,84,42,50,0.16368523649933678,0.29982142857142857,0.2512916666666667,0.2512916666666667,-0.002454822418404406,-0.00631002132799047,0.0012388216786612884,0.18084475013893098,0.0213,84,2843402
scidocs,strict_confirmatory,84,42,100,0.16407669349178483,0.3032053571428571,0.32304166666666667,0.32304166666666667,-0.0020633654259563546,-0.0048764016013909985,0.0003650946964454533,0.1691501250024885,0.04165,84,2843402
scidocs,strict_confirmatory,84,42,200,0.16573505264670466,0.3065719246031746,0.4041041666666667,0.36837500000000006,-0.0004050062710365168,-0.0016958675360903388,0.0007813257884157075,0.19381200021598488,0.0597,84,2843402
scidocs,validation,96,42,20,0.17833391719291714,0.3258988095238095,0.21841666666666668,0.21841666666666668,-0.020753455979386208,-0.03081092668546505,-0.010990320756024656,0.23381250095553696,0.026,96,3151286
scidocs,validation,96,42,50,0.1923303170257894,0.34136309523809527,0.3206666666666667,0.3206666666666667,-0.00675705614651394,-0.01264383710880264,-0.0011075901760406802,0.2329260006081313,0.0219,96,3151286
scidocs,validation,96,42,100,0.19625365175616458,0.34327976190476195,0.38866666666666666,0.38866666666666666,-0.0028337214161387523,-0.006733225278621425,0.0003197317080907161,0.24414450046606362,0.0379,96,3151286
scidocs,validation,96,42,200,0.19680924035735273,0.3434603174603174,0.45616666666666666,0.41391666666666665,-0.0022781328149506378,-0.00484585883974579,-0.0003407266245618759,0.2419995004311204,0.10765,96,3151286
scidocs,strict_confirmatory,96,42,20,0.15960249598024784,0.29776835317460315,0.18995833333333334,0.18995833333333334,-0.006537562937493346,-0.011061860783386198,-0.002143823368639547,0.21801650000270456,0.0259,96,3151286
scidocs,strict_confirmatory,96,42,50,0.16417053906775178,0.3025228174603175,0.26575000000000004,0.26575000000000004,-0.001969519849989427,-0.0048744876697091235,0.000745337690814568,0.21756212488980964,0.0212,96,3151286
scidocs,strict_confirmatory,96,42,100,0.16490732736761188,0.30492013888888886,0.3250416666666667,0.3250416666666667,-0.0012327315501293068,-0.0031292805711394768,0.0005624218225432926,0.2185031250701286,0.0291,96,3151286
scidocs,strict_confirmatory,96,42,200,0.16531981996206535,0.3055972222222222,0.4056041666666667,0.3669166666666668,-0.0008202389556758292,-0.0019393213046517742,0.00016708391129091212,0.22447850002208725,0.0615,96,3151286
scifact,validation,32,42,20,0.6259904642500159,0.6088890850942766,0.7167284713638236,0.7167284713638236,-0.0737953536996916,-0.09317833319380434,-0.05546177837985222,0.02424400507003916,0.0163,32,854070
scifact,validation,32,42,50,0.6739945212659345,0.6484274138167834,0.819118252987227,0.819118252987227,-0.025791296683772898,-0.039201320477988674,-0.013414281557291111,0.02489987661778853,0.0394,32,854070
scifact,validation,32,42,100,0.6851912954654913,0.657740302548708,0.8757725587144622,0.8757725587144622,-0.014594522484216315,-0.024176427285203656,-0.005976466761861131,0.02909876372807916,0.032,32,854070
scifact,validation,32,42,200,0.6896222096470829,0.6601403849549707,0.9103831891223733,0.9037906880922951,-0.01016360830262473,-0.017670284504771858,-0.003504968808257464,0.03115624236576121,0.0635,32,854070
scifact,strict_confirmatory,32,42,20,0.6162398965799025,0.6036613756613757,0.6930000000000001,0.6930000000000001,-0.08053995496690028,-0.11034587268516395,-0.05258715493768735,0.019651999852309626,0.0122,32,854070
scifact,strict_confirmatory,32,42,50,0.6522043936360973,0.6284431216931217,0.7868888888888889,0.7868888888888889,-0.044575457910705586,-0.06851427096691635,-0.022449526328138212,0.021708666657408077,0.0345,32,854070
scifact,strict_confirmatory,32,42,100,0.6730384133579,0.6475542328042327,0.8448888888888888,0.8448888888888888,-0.023741438188902664,-0.04208288497721546,-0.007680164607624776,0.022829000372439623,0.0558,32,854070
scifact,strict_confirmatory,32,42,200,0.6901440773859354,0.66325,0.9058888888888889,0.9018888888888887,-0.006635774160867419,-0.013869192228144884,-0.0009706314301809238,0.024283666474123795,0.1044,32,854070
scifact,validation,48,42,20,0.6677216578862252,0.6427531540016089,0.7821384425216317,0.7821384425216317,-0.03206416006348244,-0.04566342250765377,-0.01897814657671058,0.03420160703443921,0.0248,48,936998
scifact,validation,48,42,50,0.6848229452754493,0.655701238055997,0.8471363823650596,0.8471363823650596,-0.014962872674258228,-0.024873329449254605,-0.0059246404027595515,0.02966625460542103,0.0325,48,936998
scifact,validation,48,42,100,0.6897686680178488,0.659418349127867,0.8895756077461887,0.8895756077461887,-0.010017149931858904,-0.017546671453881675,-0.003493798068389608,0.030813967792964247,0.028,48,936998
scifact,validation,48,42,200,0.6941886286955657,0.6627749327996547,0.9173877214668316,0.9112072517511332,-0.005597189254141727,-0.010668998433722782,-0.0015007379452859806,0.033448825559230025,0.0625,48,936998
scifact,strict_confirmatory,48,42,20,0.6680471626566212,0.645547619047619,0.7826666666666667,0.7826666666666667,-0.028732688890181598,-0.04955748791028328,-0.0095108136107231,0.029116999357938766,0.0125,48,936998
scifact,strict_confirmatory,48,42,50,0.6893108900601101,0.662568783068783,0.8662222222222222,0.8662222222222222,-0.007468961486692604,-0.019901048208771588,0.003687155406058545,0.030292333879818518,0.0181,48,936998
scifact,strict_confirmatory,48,42,100,0.6902369445388847,0.6641838624338625,0.9008888888888889,0.9008888888888889,-0.006542907007918043,-0.014109124797695197,-0.0002727738640408444,0.030400666873902082,0.0297,48,936998
scifact,strict_confirmatory,48,42,200,0.6917961485124406,0.6641375661375661,0.917,0.9103333333333334,-0.004983703034362153,-0.011995872823834968,0.0005399633827627198,0.032999999821186066,0.0931,48,936998
scifact,validation,84,42,20,0.6908435294835796,0.6619376263072185,0.8094973217964564,0.8094973217964564,-0.008942288466127882,-0.016704624470889225,-0.0018499667572688143,0.04693992580983636,0.0236,84,1123586
scifact,validation,84,42,50,0.698304705723429,0.6666647046127886,0.8796868562010712,0.8796868562010712,-0.0014811122262786936,-0.004995760082306819,0.0018272819691029295,0.049055500729619644,0.0322,84,1123586
scifact,validation,84,42,100,0.6995158596445968,0.666805481978535,0.9126493613514626,0.9126493613514626,-0.00026995830511075593,-0.0010423536962441,0.00016416010018088542,0.04623572305259289,0.0282,84,1123586
scifact,validation,84,42,200,0.6998184508921894,0.6668761159181431,0.9390193654717758,0.9322208487845076,3.2632942481879956e-05,0.0,8.310875408829337e-05,0.049388504383351066,0.0747,84,1123586
scifact,strict_confirmatory,84,42,20,0.6973223434629896,0.6677169312169312,0.8458888888888888,0.8458888888888888,0.0005424919161868798,-0.006545717129634166,0.007733771416640266,0.050036332880457245,0.0128,84,1123586
scifact,strict_confirmatory,84,42,50,0.6957696364210488,0.6671560846560847,0.891,0.891,-0.0010102151257539338,-0.004732910623989807,0.0025153769708680463,0.04821333335712552,0.018,84,1123586
scifact,strict_confirmatory,84,42,100,0.6960370587560317,0.666989417989418,0.9233333333333333,0.9233333333333333,-0.0007427927907710008,-0.0031696481031199273,0.0008771583907462061,0.05121133367841443,0.029249999999999998,84,1123586
scifact,strict_confirmatory,84,42,200,0.6967798515468028,0.6666931216931217,0.9543333333333334,0.937,0.0,0.0,0.0,0.05185799983640512,0.0575,84,1123586
scifact,validation,96,42,20,0.6866031858805983,0.6579629956638609,0.8174701277297074,0.8174701277297074,-0.013182632069109116,-0.020306954968163104,-0.006530179043493783,0.06548207649231252,0.0271,96,1185782
scifact,validation,96,42,50,0.695355294688627,0.6643367276865424,0.8832921302018953,0.8832921302018953,-0.004430523261080535,-0.008182534488520537,-0.001239785617488239,0.06268467242991821,0.0344,96,1185782
scifact,validation,96,42,100,0.6981626400333003,0.6661393646869543,0.9145035022661723,0.9145035022661723,-0.0016231779164072415,-0.0035061383458089026,-0.000244218065300209,0.06571792357351415,0.0348,96,1185782
scifact,validation,96,42,200,0.6998006080230649,0.6668589479467105,0.9470539761021839,0.9373712402142563,1.4790073357346499e-05,0.0,4.43702200720395e-05,0.06815871455198975,0.0905,96,1185782
scifact,strict_confirmatory,96,42,20,0.6920658893837454,0.6625767195767195,0.8372222222222223,0.8372222222222223,-0.004713962163057444,-0.014270480913238053,0.003930881646696959,0.06310433382168412,0.02815,96,1185782
scifact,strict_confirmatory,96,42,50,0.6957272634555038,0.6665132275132275,0.8929999999999999,0.8929999999999999,-0.0010525880912989236,-0.005521942644948367,0.002865258111454642,0.08139933381850521,0.0203,96,1185782
scifact,strict_confirmatory,96,42,100,0.6969854922380909,0.6669193121693122,0.912,0.912,0.0002056406912881866,-0.002685007571890692,0.003036727432641717,0.06848599994555116,0.0547,96,1185782
scifact,strict_confirmatory,96,42,200,0.6968394130686282,0.6667526455026455,0.9393333333333334,0.9293333333333333,5.95615218253485e-05,0.0,0.0001786845654760455,0.07534200015167396,0.06075,96,1185782
trec-covid,validation,32,42,20,0.6163212809555947,0.9199999999999999,0.02013073839529949,0.02013073839529949,-0.07667468198481608,-0.218137220084204,0.04595706490351988,0.28370998334139585,0.06814999999999999,32,6170838
trec-covid,validation,32,42,50,0.6061235701503721,0.9199999999999999,0.03423320724728348,0.03423320724728348,-0.08687239279003871,-0.24251050176297964,0.041685129672160086,0.34716001246124506,0.10105,32,6170838
trec-covid,validation,32,42,100,0.6237214210877375,0.8699999999999999,0.058340528904269516,0.058340528904269516,-0.06927454185267329,-0.17465498505761792,0.01219703378009505,0.3784499829635024,0.24109999999999998,32,6170838
trec-covid,validation,32,42,200,0.6526869188798731,0.8699999999999999,0.08763438852488216,0.07622955989204618,-0.040309044060537765,-0.0909342922130415,0.0060234713609976604,0.3209399990737438,0.40385000000000004,32,6170838
trec-covid,strict_confirmatory,32,42,20,0.5857779889177424,0.89375,0.018253807279903955,0.018253807279903955,-0.10092488060369956,-0.17781235334799161,-0.024876947563456635,0.2735899994149804,0.06905,32,6170838
trec-covid,strict_confirmatory,32,42,50,0.6304324797301329,0.875,0.04057910152698893,0.04057910152698893,-0.056270389791309036,-0.10725605845057815,-0.007254116577573634,0.26147000025957823,0.08665,32,6170838
trec-covid,strict_confirmatory,32,42,100,0.6475523043728446,0.8854166666666666,0.0700001506870797,0.0700001506870797,-0.039150565148597424,-0.08545978097769753,0.003348349925868993,0.2964799990877509,0.13019999999999998,32,6170838
trec-covid,strict_confirmatory,32,42,200,0.6713005988037799,0.8902777777777778,0.11319843807590728,0.08968519275950897,-0.015402270717662087,-0.05532517800204901,0.024079664243653914,0.32924750121310353,0.30215000000000003,32,6170838
trec-covid,validation,48,42,20,0.5734980984599349,0.8099999999999999,0.022691865321022624,0.022691865321022624,-0.1194978644804758,-0.2564967293956297,0.006144520664391959,0.4778499947860837,0.06659999999999999,48,8912150
trec-covid,validation,48,42,50,0.6447402504673423,0.8444444444444444,0.045389763675455864,0.045389763675455864,-0.048255712473068556,-0.1382068708867906,0.04588395706720496,0.8411200018599629,0.09739999999999999,48,8912150
trec-covid,validation,48,42,100,0.6652412532979197,0.835,0.0674749078733695,0.0674749078733695,-0.027754709642491167,-0.094065465295882,0.04622585396014948,0.6953999865800142,0.15675,48,8912150
trec-covid,validation,48,42,200,0.6942495797045163,0.8392857142857142,0.1035949889296246,0.09188496676096888,0.0012536167641055834,-0.045937425930900576,0.06382871378730619,0.8624499896541238,0.36014999999999997,48,8912150
trec-covid,strict_confirmatory,48,42,20,0.6059379310519245,0.8514880952380952,0.021425837474437263,0.021425837474437263,-0.08076493846951746,-0.14070299706829964,-0.024616880629595717,0.5631050036754459,0.0552,48,8912150
trec-covid,strict_confirmatory,48,42,50,0.6599660686735138,0.86875,0.0457504690620492,0.0457504690620492,-0.02673680084792812,-0.06879215461847485,0.015089570436570034,0.595342501765117,0.05115,48,8912150
trec-covid,strict_confirmatory,48,42,100,0.6791817369293429,0.8924999999999998,0.07834609036274351,0.07834609036274351,-0.007521132592098983,-0.038015007938949075,0.022989047150464743,0.6102474988438189,0.0938,48,8912150
trec-covid,strict_confirmatory,48,42,200,0.6967312580483421,0.8924999999999998,0.12852401788261805,0.09966222253430124,0.010028388526900045,-0.01953264162491185,0.040095555586099806,0.5950924998614937,0.20645,48,8912150
trec-covid,validation,84,17,20,0.6054768798804147,0.8366666666666667,0.030990476793764654,0.030990476793764654,-0.08751908305999626,-0.16177065880257807,-0.023680549824565477,1.7996400129050016,0.039599999999999996,84,15080102
trec-covid,validation,84,17,50,0.6763166716388719,0.8416666666666668,0.05656989013284567,0.05656989013284567,-0.0166792913015389,-0.05821525148531986,0.026016053051874568,2.2748599993065,0.04505,84,15080102
trec-covid,validation,84,17,100,0.6850880522791353,0.8416666666666668,0.08800539515738788,0.08800539515738788,-0.007907910661275486,-0.034489308929760314,0.02083126904892437,1.9278599880635738,0.07394999999999999,84,15080102
trec-covid,validation,84,17,200,0.6982160868578461,0.8416666666666668,0.1414257755385447,0.11198601294584257,0.00522012391743531,-0.00892502820407487,0.023236430223791665,1.9715100061148405,0.17809999999999998,84,15080102
trec-covid,strict_confirmatory,84,17,20,0.6613192024882781,0.8783333333333333,0.023771883330997085,0.023771883330997085,-0.025383667033163936,-0.08589638001938792,0.032459256489078776,1.3704675016924739,0.0195,84,15080102
trec-covid,strict_confirmatory,84,17,50,0.6785314800360414,0.8614583333333332,0.051617103902209326,0.051617103902209326,-0.008171389485400613,-0.05815827293223802,0.036925617971839,1.412302500102669,0.0664,84,15080102
trec-covid,strict_confirmatory,84,17,100,0.7074325858567323,0.8958333333333333,0.09090736638913072,0.09090736638913072,0.020729716335290298,-0.009185626485194557,0.051421962470219025,1.4149599999655038,0.11610000000000001,84,15080102
trec-covid,strict_confirmatory,84,17,200,0.7015343579340827,0.8979166666666668,0.14781442297388656,0.10810314755484123,0.014831488412640717,-0.002305801227966424,0.03364322015719223,1.293192501179874,0.14295,84,15080102
trec-covid,validation,84,2026,20,0.6363866426728841,0.875,0.033142995002691106,0.033142995002691106,-0.056609320267526686,-0.11584260665939108,0.0012939523297624805,1.739229983650148,0.02045,84,15080102
trec-covid,validation,84,2026,50,0.6835791591016271,0.8699999999999999,0.06297660266620643,0.06297660266620643,-0.009416803838783693,-0.06790750776648552,0.04277597674252357,1.8338700057938695,0.0638,84,15080102
trec-covid,validation,84,2026,100,0.6955445623110766,0.85,0.10266137525807624,0.10266137525807624,0.002548599370665816,-0.054457702953624364,0.049114914401564715,1.8878099974244833,0.06945,84,15080102
trec-covid,validation,84,2026,200,0.6836986952738429,0.8416666666666668,0.1453937458289474,0.11892568162090447,-0.009297267666567938,-0.03248772739620474,0.011853241750459192,1.8539800075814128,0.25115,84,15080102
trec-covid,strict_confirmatory,84,2026,20,0.6438231093947115,0.8633333333333333,0.02529019824468179,0.02529019824468179,-0.04287976012673037,-0.08716431209219826,-0.002478049968668262,1.2227549974340945,0.0314,84,15080102
trec-covid,strict_confirmatory,84,2026,50,0.669707564731512,0.8979166666666666,0.05383713364265712,0.05383713364265712,-0.01699530478992996,-0.04600925102315139,0.010511621325240816,1.4065099996514618,0.0327,84,15080102
trec-covid,strict_confirmatory,84,2026,100,0.6861123947524131,0.88125,0.09190752815471359,0.09190752815471359,-0.0005904747690288606,-0.019738963971048087,0.01830505715456984,1.2714600015897304,0.0872,84,15080102
trec-covid,strict_confirmatory,84,2026,200,0.6860619062502897,0.88125,0.14549477581325093,0.10815017773927427,-0.000640963271152243,-0.019305601177154602,0.015750647506998477,1.4113074983470142,0.17245,84,15080102
trec-covid,validation,84,42,20,0.6262436764847534,0.8416666666666668,0.030335664719135548,0.030335664719135548,-0.0667522864556574,-0.15041338206592036,0.0073566312220644196,1.9426299957558513,0.03560000000000001,84,15080102
trec-covid,validation,84,42,50,0.6589295816893701,0.8416666666666668,0.05934556629594161,0.05934556629594161,-0.03406638125104077,-0.07853804515180789,0.006083451543126234,1.649169996380806,0.08990000000000001,84,15080102
trec-covid,validation,84,42,100,0.6962108487109032,0.85,0.08903000379058526,0.08903000379058526,0.0032148857704922982,-0.014466495602884277,0.02438555439733256,2.005960000678897,0.1408,84,15080102
trec-covid,validation,84,42,200,0.6899083650229753,0.8416666666666668,0.13617998952259427,0.11386422259434759,-0.0030875979174355807,-0.009262793752306741,0.0,1.836310001090169,0.2113,84,15080102
trec-covid,strict_confirmatory,84,42,20,0.6730243223912176,0.8800000000000001,0.025469892695617523,0.025469892695617523,-0.01367854713022439,-0.055755833522218926,0.025369998497108925,1.3112650020048022,0.0439,84,15080102
trec-covid,strict_confirmatory,84,42,50,0.6957474466124074,0.89375,0.05370511707431065,0.05370511707431065,0.009044577090965475,-0.03347606622274729,0.04636828595183541,1.3668075029272586,0.046799999999999994,84,15080102
trec-covid,strict_confirmatory,84,42,100,0.7009933710393976,0.905,0.09345318791872982,0.09345318791872982,0.014290501517955695,-0.011416990314266705,0.03966386700941028,1.3985074998345226,0.08685,84,15080102
trec-covid,strict_confirmatory,84,42,200,0.7036262309412671,0.9091666666666665,0.15309400980699603,0.11220869957746507,0.01692336141982508,0.003063221850175726,0.033164938829117946,1.287004997720942,0.1604,84,15080102
trec-covid,validation,96,17,20,0.6709695239083632,0.875,0.032279877886539673,0.032279877886539673,-0.02202643903204764,-0.10857036429917567,0.06589398698496728,1.224379986524582,0.0339,96,17136086
trec-covid,validation,96,17,50,0.6941301357245735,0.8833333333333332,0.057997473309003164,0.057997473309003164,0.001134172784162668,-0.0695245464272243,0.06969589858064518,2.1490100072696805,0.056150000000000005,96,17136086
trec-covid,validation,96,17,100,0.6994023509695662,0.8666666666666668,0.09408802183529148,0.09408802183529148,0.006406388029155402,-0.018221827160701837,0.031094522187155076,1.912890002131462,0.07635,96,17136086
trec-covid,validation,96,17,200,0.706187568486399,0.85,0.14475331867254856,0.11619103782931661,0.013191605545988083,0.0011798100487748209,0.029740397677870067,2.1174600115045905,0.2006,96,17136086
trec-covid,strict_confirmatory,96,17,20,0.6603164000067121,0.8947916666666668,0.024777424928598933,0.024777424928598933,-0.026386469514729893,-0.07108234778544609,0.018555947088226773,1.5247000032104552,0.01845,96,17136086
trec-covid,strict_confirmatory,96,17,50,0.6709244076648757,0.8833333333333332,0.05402583342948262,0.05402583342948262,-0.01577846185656616,-0.05365271722299796,0.01965847712943155,1.7014674958772957,0.03025,96,17136086
trec-covid,strict_confirmatory,96,17,100,0.6771275313105237,0.8785714285714284,0.09230542935045075,0.09230542935045075,-0.009575338210918246,-0.03940467417730953,0.01696760639098619,1.4693274977616966,0.0586,96,17136086
trec-covid,strict_confirmatory,96,17,200,0.6856038365974626,0.8777777777777779,0.15158910795927008,0.11062742354600279,-0.0010990329239792796,-0.013637544318813938,0.011265455743356079,1.6185150016099215,0.1259,96,17136086
trec-covid,validation,96,2026,20,0.6471150138811581,0.85,0.035136286611259324,0.035136286611259324,-0.045880949059252836,-0.11960916763712613,0.020186370092356788,2.43522000964731,0.03695,96,17136086
trec-covid,validation,96,2026,50,0.7101177645202348,0.8533333333333333,0.06448115625892711,0.06448115625892711,0.01712180157982407,-0.02056492893653977,0.056550320981616456,2.367869997397065,0.0368,96,17136086
trec-covid,validation,96,2026,100,0.7240514475413612,0.8366666666666667,0.09768967331311636,0.09768967331311636,0.031055484600950246,-0.004492729801651411,0.06734697403144584,1.8957399995997548,0.061950000000000005,96,17136086
trec-covid,validation,96,2026,200,0.7085801471276059,0.8416666666666668,0.15235201184028918,0.12734074389125222,0.015584184187195104,-0.0010489383107859184,0.03757714441685054,2.2956799948588014,0.14335,96,17136086
trec-covid,strict_confirmatory,96,2026,20,0.6591763173969415,0.9083333333333332,0.02646150088791659,0.02646150088791659,-0.027526552124500437,-0.06676109388456723,0.012016112482481604,1.6140424995683134,0.032100000000000004,96,17136086
trec-covid,strict_confirmatory,96,2026,50,0.692907174451299,0.8925000000000001,0.056069965638380403,0.056069965638380403,0.00620430492985704,-0.01841468053899727,0.032995790270981186,1.661479996982962,0.05675,96,17136086
trec-covid,strict_confirmatory,96,2026,100,0.699370921177161,0.89375,0.09526119695496368,0.09526119695496368,0.012668051655719059,-0.006457527539979764,0.03247185264909548,1.6407900024205446,0.0901,96,17136086
trec-covid,strict_confirmatory,96,2026,200,0.6931636881628145,0.89375,0.1514835767748533,0.11117722560184044,0.00646081864137252,-0.006835604166765621,0.02000794325842911,1.5882225008681417,0.1175,96,17136086
trec-covid,validation,96,42,20,0.6133416709576314,0.8333333333333333,0.03026936627964256,0.03026936627964256,-0.07965429198277947,-0.17582503947196304,0.008478992529094186,1.9122399855405092,0.0236,96,17136086
trec-covid,validation,96,42,50,0.708963079060832,0.8476190476190476,0.06195824131857018,0.06195824131857018,0.015967116120421097,-0.018720576459119974,0.0624346613999771,1.6706099966540933,0.0466,96,17136086
trec-covid,validation,96,42,100,0.7008224145230083,0.8476190476190476,0.09895313807493289,0.09895313807493289,0.00782645158259753,-0.012691092058956608,0.03420258685180361,2.4004700127989054,0.139,96,17136086
trec-covid,validation,96,42,200,0.7074426515402259,0.8476190476190476,0.14977143555362432,0.11811107540849974,0.014446688599815063,-0.005985531982798137,0.04043657664531432,2.2407400188967586,0.1797,96,17136086
trec-covid,strict_confirmatory,96,42,20,0.6576166712429539,0.8854166666666666,0.02519236517693658,0.02519236517693658,-0.029086198278488167,-0.07432907214482327,0.014437105801927799,1.6518974967766553,0.035750000000000004,96,17136086
trec-covid,strict_confirmatory,96,42,50,0.6853948901638021,0.9020833333333332,0.05305574301881446,0.05305574301881446,-0.0013079793576398976,-0.032616314479154696,0.029252737767598347,1.678669999819249,0.037250000000000005,96,17136086
trec-covid,strict_confirmatory,96,42,100,0.6958666958797212,0.905,0.09287646260494964,0.09287646260494964,0.00916382635827922,-0.015306202632006573,0.03358408230484649,1.6473974974360317,0.07185,96,17136086
trec-covid,strict_confirmatory,96,42,200,0.6988184482685901,0.8966666666666667,0.14974535985113402,0.10997689896798446,0.012115578747148104,-0.0014308369132204652,0.02720624463377421,1.5298624988645315,0.20005,96,17136086
